Date,Return,SMA_ratio,Volatility_5D,Momentum_10D,Daily_Range,RSI_14,CPI_YoY,UNRATE_Diff,Rate_Differential_Change,target
2004-11-18,-0.0068241436219089735,1.0095630873215575,0.005218180624022813,0.005904719024626415,0.00995763925035448,61.20069520735478,0.03189189189189201,0.09999999999999964,0.0,1
2004-11-19,0.006949836380752972,1.0089921409164955,0.005739399446877505,0.005554592301934447,0.009362029624317487,69.66467610105161,0.03189189189189201,0.09999999999999964,0.0,1
2004-11-22,7.816852695574639e-05,1.0091786990378573,0.005479726708749497,0.010223343752556957,0.0026839419930648452,72.21732925856149,0.03189189189189201,0.09999999999999964,0.019999999999999796,1
2004-11-23,0.004374444235503372,1.0101546353919069,0.005626105756564722,0.01534972441250515,0.009401715469700759,70.23963426204244,0.03189189189189201,0.09999999999999964,-0.009999999999999787,1
2004-11-24,0.0061804312375826065,1.0107077326847558,0.005680199854162281,0.022666164886011364,0.00789921655533658,71.62828127086851,0.03189189189189201,0.09999999999999964,0.020000000000000018,1
2004-11-25,0.006072270567480498,1.0133260747705,0.002765821092253289,0.026953650498871662,0.00874628202315486,71.05530949029998,0.03189189189189201,0.09999999999999964,0.0,1
2004-11-26,0.0027919443535306954,1.0153083628897586,0.0025484507549493915,0.025061155649918065,0.009778985179451308,78.9114725365547,0.03189189189189201,0.09999999999999964,-0.010000000000000231,0
2004-11-29,-0.0022550611327795123,1.0167434973448686,0.0034700661515962715,0.02512403701801147,0.005202586986648713,76.51180342194752,0.03189189189189201,0.09999999999999964,0.020000000000000018,1
2004-11-30,0.0024867129224686035,1.017573428193971,0.003444602280045972,0.02593114702716459,0.006767598858721824,79.01783166185984,0.03189189189189201,0.09999999999999964,-0.009999999999999787,1
2004-12-01,0.0036034277071561593,1.0181159700661175,0.003027653401880237,0.02362236617735136,0.0054775131484700555,79.6981697214624,0.03189189189189201,0.09999999999999964,0.020000000000000018,0
2004-12-02,-0.0063652877710854705,1.016651008530154,0.004258869381624295,0.02409528857949983,0.009796436526773693,69.17329018880966,0.03189189189189201,0.09999999999999964,-0.040000000000000036,1
2004-12-03,0.015458983057307751,1.0173248296290034,0.008220707621741692,0.03274932148804344,0.015367230238006607,78.16558099636578,0.034127843986998974,0.0,-0.020000000000000018,0
2004-12-06,-0.005197627679959016,1.0174293380182415,0.008742653208375934,0.02730117240883123,0.0048430233251422344,72.10514430571541,0.034127843986998974,-0.09999999999999964,0.06000000000000005,1
2004-12-07,0.0026055844580445964,1.0173928158301937,0.008744478447076025,0.025491935093366447,0.005655347332959251,70.88515042691287,0.034127843986998974,-0.09999999999999964,-0.050000000000000044,0
2004-12-08,-0.006392298992729195,1.0156064019841375,0.009409576826775103,0.012677897915729375,0.015955014988393575,71.1209121491905,0.034127843986998974,-0.09999999999999964,0.019999999999999796,0
2004-12-09,-0.0030732504474006994,1.0147424893550183,0.008955124572476715,0.0034723296204517418,0.007588265432573333,64.91394459722315,0.034127843986998974,-0.09999999999999964,0.040000000000000036,0
2004-12-10,-0.00662117309474386,1.010010730108656,0.0038135099876472857,-0.005947174542897282,0.011662344840923499,59.01679802660757,0.034127843986998974,-0.09999999999999964,0.040000000000000036,1
2004-12-13,0.007872103062825708,1.007409961047226,0.006257257988079631,0.004142514505226291,0.007949962935076556,60.90002342900371,0.034127843986998974,-0.09999999999999964,0.0900000000000003,0
2004-12-14,-0.0008251565716695941,1.0042485637594276,0.0059256575097380625,0.0008251748151446581,0.00480849111959899,56.87556382463599,0.034127843986998974,-0.09999999999999964,0.06000000000000005,1
2004-12-15,0.007130869439935905,1.0037504739799274,0.006378966001031936,0.004342851609976828,0.01289982443126036,57.538914520490565,0.034127843986998974,-0.09999999999999964,0.06999999999999984,0
2004-12-16,-0.011409077653570576,1.0018094429373936,0.008434140801239111,-0.0007552938665769116,0.016377759655335743,47.9676505146609,0.034127843986998974,-0.09999999999999964,-0.050000000000000266,1
2004-12-17,0.004672831195749794,1.0022359486826378,0.007975387169489059,-0.011369218532212177,0.006606291884792258,52.14514715626135,0.03575297941495115,-0.09999999999999964,-0.029999999999999805,1
2004-12-20,0.0059460835533804435,1.0019932960777749,0.007628961888249387,-0.00029464105671395124,0.008057349722376293,54.04726452143877,0.03575297941495115,-0.09999999999999964,0.029999999999999805,0
2004-12-21,-0.0017246611230049558,1.001870860840699,0.007696110930553477,-0.004612360586728204,0.0038990733247279735,51.01226759055461,0.03575297941495115,-0.09999999999999964,-0.019999999999999574,1
2004-12-22,0.001647121514267491,1.000876643395635,0.006944335779155734,0.0034414616537774556,0.004114949380354001,56.05204354500861,0.03575297941495115,-0.09999999999999964,0.009999999999999787,1
2004-12-23,0.009039553152675905,1.0038365771639828,0.004120367001740106,0.015633419944234284,0.00992189404406686,52.325043711977806,0.03575297941495115,-0.09999999999999964,0.08999999999999986,1
2004-12-24,0.0019224982048537953,1.0062942740009369,0.004177293016965792,0.024368494485658143,0.0042793911727551795,57.505853708945274,0.03575297941495115,-0.09999999999999964,-0.06999999999999984,1
2004-12-27,0.006348686684180205,1.0084118300338614,0.004242822845333428,0.022820143521755654,0.009029085836340186,59.68149050677182,0.03575297941495115,-0.09999999999999964,-0.029999999999999805,0
2004-12-28,-0.002202190447998964,1.0106582558211819,0.004391113348639908,0.021410522376582586,0.003820860225407164,63.223307464017495,0.03575297941495115,-0.09999999999999964,0.0,1
2004-12-29,0.000952430811965499,1.0128964773308924,0.004468811500637623,0.015144482462647435,0.005957607264002024,66.5846321764947,0.03575297941495115,-0.09999999999999964,-0.010000000000000231,1
2004-12-30,0.0015535756244309251,1.0132402045826516,0.003060476204515738,0.028455312711833436,0.0057991364101284745,74.35152167511768,0.03575297941495115,-0.09999999999999964,0.010000000000000231,0
2004-12-31,-0.004625593299257824,1.0132687444737427,0.004154835378933824,0.01893677715000419,0.010322811854329934,65.21578835151558,0.03575297941495115,-0.09999999999999964,-0.27000000000000024,0
2005-01-03,-0.007004379143042749,1.0106965886246906,0.0036390740919785476,0.005819073390094465,0.01329620708523936,59.05294234368548,0.03575297941495115,0.0,0.3400000000000001,0
2005-01-04,-0.013959424443444779,1.006608254103235,0.006365436161153122,-0.006508145190658454,0.017692316874696915,43.79240039320866,0.03351351351351339,0.0,-0.06000000000000005,0
2005-01-05,-0.0001460276048717013,1.001980021870675,0.006140145147035851,-0.00828669474774213,0.006026785033027525,51.74643964934974,0.03351351351351339,0.0,0.0,0
2005-01-06,-0.007303434026007971,0.995796176425955,0.0050092716426441905,-0.02434905601200421,0.008724862983950886,42.50459579058606,0.03351351351351339,0.0,0.0,0
2005-01-07,-0.009260276554085123,0.9888513161123295,0.004979505561359411,-0.03523860562239034,0.016692536025279987,31.792515289968605,0.03351351351351339,0.0,-0.009999999999999787,1
2005-01-10,0.0037495205969442225,0.9842502539377257,0.007125749163605175,-0.03773036134455765,0.004262092500828604,36.14966199721847,0.03351351351351339,0.0,0.019999999999999574,1
2005-01-11,0.0005377627378797545,0.9824910040917114,0.005536217369743028,-0.03508796853023377,0.005039929279584387,35.11088828518609,0.03351351351351339,0.0,-0.019999999999999574,1
2005-01-12,0.010591521893056122,0.9826739559540691,0.008140232163480575,-0.02579594358452031,0.015391545459475204,36.347728179620844,0.03351351351351339,0.0,0.009999999999999787,0
2005-01-13,-0.003382053622744352,0.9832398701406072,0.00746188772889794,-0.03059679513214042,0.004759587459709267,32.91687377525635,0.03351351351351339,0.0,0.040000000000000036,0
2005-01-14,-0.008488158059414386,0.9845953692306246,0.0072146589733038755,-0.03435857826851474,0.010992706263403589,23.297416720020166,0.03351351351351339,0.0,0.0,0
2005-01-17,-0.003654285348958619,0.9849711414044612,0.0071667088284150795,-0.031100770010043854,0.006743215521388712,22.881618342356674,0.03351351351351339,0.0,0.0,0
2005-01-18,-0.002538536346365583,0.9847820923813073,0.007146690167148272,-0.019878422819294972,0.005366727443669096,21.161445473701406,0.03351351351351339,0.0,0.020000000000000018,0
2005-01-19,-0.0011442046788493476,0.9824177518250099,0.0027753687925539364,-0.020856900592113092,0.011001806604732744,19.20875486129954,0.03297297297297286,0.0,-0.1200000000000001,0
2005-01-20,-0.0030852364290576695,0.9807120574452308,0.0027907830516202318,-0.016696294813306478,0.007107162238055358,19.652582498137335,0.03297297297297286,0.0,0.06000000000000005,1
2005-01-21,0.002781839160773014,0.9811980006793178,0.0025830829832238027,-0.004744561456414109,0.01015658795282727,24.759226560843047,0.03297297297297286,0.0,0.009999999999999787,1
2005-01-24,0.0030772120229805022,0.9831850716166876,0.002928937030299671,-0.005411180718377873,0.00468691173612207,34.52385471984353,0.03297297297297286,0.0,0.0,0
2005-01-25,-0.005214435011600904,0.9847943984486877,0.0036282189035144858,-0.011129177360778675,0.009402464196110771,31.84440724736139,0.03297297297297286,0.0,0.03000000000000025,1
2005-01-26,0.008252372443345868,0.9879107918317949,0.005368035895757275,-0.013418051342502069,0.010252068607697765,43.90341484078981,0.03297297297297286,0.0,0.040000000000000036,0
2005-01-27,-0.0028300019032576618,0.9913063026403841,0.005318531084891543,-0.012871558814296358,0.00811883999229589,48.716026587320485,0.03297297297297286,0.0,0.06000000000000005,1
2005-01-28,0.00030010191398832653,0.9939728170624277,0.005250937688965425,-0.004122151090329207,0.006293030183954893,45.55479631891636,0.03297297297297286,0.0,0.08999999999999986,1
2005-01-31,0.0005350501238245986,0.9957573227973,0.005085755294593318,6.521714706764214e-05,0.006208651120606864,45.54955719015543,0.03297297297297286,0.0,0.020000000000000018,0
2005-02-01,-0.0009908889184203629,0.9977216875661697,0.004240320634631705,0.0016169045229645906,0.004743229645601269,32.07018802334083,0.03297297297297286,0.0,-0.10000000000000009,0
2005-02-02,-0.0005343801638083567,0.9979641263192556,0.0013392559588436086,0.0022284147588953473,0.006132512432925502,34.21166597291423,0.03297297297297286,0.0,-0.10999999999999988,0
2005-02-03,-0.004604987110847669,0.997713387670636,0.0020761769848666486,0.0007005636603889531,0.006936312176412569,37.67490531267653,0.03297297297297286,0.0,0.20000000000000018,0
2005-02-04,-0.00879484206493475,0.9956229394162146,0.003830605625110168,-0.010852090142732917,0.013694491089202909,33.38194901712215,0.03297297297297286,-0.20000000000000018,0.019999999999999574,0
2005-02-07,-0.007301120265351013,0.9925258024040426,0.003685375673042331,-0.021086302990718675,0.009721342497702028,30.22276699074203,0.03297297297297286,-0.20000000000000018,-0.009999999999999787,1
2005-02-08,0.0004597812364053322,0.9897138911737966,0.004063058863389773,-0.015502619229655457,0.004620157467348644,31.58115818362991,0.03297297297297286,-0.20000000000000018,-0.020000000000000018,1
2005-02-09,0.003369806115258056,0.9880284941516081,0.005159940180281108,-0.02027014955521378,0.005622384292492376,38.20481954819548,0.028525296017222646,-0.20000000000000018,0.020000000000000018,1
2005-02-10,0.004918644245357484,0.9878239813679058,0.006237343744389939,-0.01265702446438477,0.011808460466353874,40.718776137927314,0.028525296017222646,-0.20000000000000018,0.009999999999999787,0
2005-02-11,-0.001478545718355595,0.9887308368560633,0.0047763037539090576,-0.014412632848696427,0.0034295196076395175,35.81599673081209,0.028525296017222646,-0.20000000000000018,-0.009999999999999787,1
2005-02-14,0.009029238629586711,0.9922539822583389,0.004072539530143281,-0.006045344881678294,0.00786955944030112,50.14644716583695,0.028525296017222646,-0.20000000000000018,0.009999999999999787,1
2005-02-15,0.0033843121190351155,0.9960703201719306,0.003768528334247712,-0.001692280039707783,0.007064951211587161,45.12424297757083,0.028525296017222646,-0.20000000000000018,0.020000000000000018,1
2005-02-16,0.0004688904038281372,0.9992357512283111,0.00407107710858168,-0.000690171780051374,0.006446418312719758,48.48934710103898,0.028525296017222646,-0.20000000000000018,-0.04999999999999982,1
2005-02-17,0.003987911226456253,1.0018737867935072,0.003997141725535903,0.007936521794029039,0.005357454475632111,52.331234956489546,0.028525296017222646,-0.20000000000000018,0.020000000000000018,0
2005-02-18,-0.000457418170287216,1.004873739096159,0.003722779956738806,0.016414679896636475,0.004447022798824964,51.326813311525754,0.02906350914962319,-0.20000000000000018,0.009999999999999787,0
2005-02-21,-0.0003789086354956117,1.0061801923217226,0.0021281598736725407,0.02350226472378658,0.003145385522338853,51.97205234270994,0.02906350914962319,-0.20000000000000018,0.0,1
2005-02-22,0.015077775519848569,1.0088162521217205,0.006593377335182764,0.03845693909993564,0.015834832099935393,63.879888663762834,0.02906350914962319,-0.20000000000000018,0.06000000000000005,0
2005-02-23,-0.004370222723593997,1.0111025379276648,0.007487978089709739,0.03044624692288167,0.006140201662547677,64.03972003575615,0.029601722282023735,-0.20000000000000018,-0.040000000000000036,0
2005-02-24,-0.0015160445565955971,1.0122132010759153,0.00766693459206986,0.023848099934506983,0.006674358319812355,72.3062754470252,0.029601722282023735,-0.20000000000000018,0.020000000000000018,1
2005-02-25,0.004781918665063278,1.0141536031663452,0.007661342650887176,0.03026735566124783,0.007695095486950916,84.53380385378111,0.029601722282023735,-0.20000000000000018,-0.009999999999999787,0
2005-02-28,-0.002194098917862819,1.0158611976270768,0.007884587100707793,0.018807788530756486,0.005216716184537491,81.00091253545993,0.029601722282023735,-0.20000000000000018,-0.020000000000000018,0
2005-03-01,-0.0034115785141536348,1.0139745162143206,0.0035955539204556423,0.01190743517315429,0.004244929461443127,74.8197845491935,0.029601722282023735,-0.20000000000000018,-0.1299999999999999,0
2005-03-02,-0.0027321801021555903,1.012539706624711,0.003314282734354309,0.00866976623952942,0.006476587427305486,68.67217962966451,0.029601722282023735,-0.20000000000000018,0.08999999999999986,0
2005-03-03,-0.002280558830386359,1.0108369313700525,0.003360524503299594,0.002372064687335529,0.004803031153348719,67.61161794384581,0.029601722282023735,-0.20000000000000018,0.029999999999999805,1
2005-03-04,0.010756588602667705,1.0093440817885395,0.006017039861149204,0.013617815820667012,0.011783187690677353,68.71288644514442,0.029601722282023735,0.0,-0.009999999999999787,0
2005-03-07,-0.001890687827012072,1.0076518632673588,0.005990503407616766,0.012084868651638825,0.004689511139673915,64.37307539277869,0.026838432635533982,0.20000000000000018,0.009999999999999787,1
2005-03-08,0.009840372874424297,1.0081623959825607,0.0069151105416208405,0.0068629082301772115,0.011318789506638593,69.6508244837275,0.026838432635533982,0.20000000000000018,-0.019999999999999574,1
2005-03-09,0.001872775041737107,1.0096686899306857,0.006281980695369665,0.013176342228978344,0.0064227787685870305,68.64202399327847,0.026838432635533982,0.20000000000000018,0.009999999999999787,1
2005-03-10,0.00455555410001196,1.0125577436931743,0.0053390669865727445,0.019337282607486683,0.005809491645529105,71.32546058342864,0.026838432635533982,0.20000000000000018,0.020000000000000018,1
2005-03-11,0.0026002017105744013,1.013619281251018,0.004294679388210286,0.017123961099112073,0.0053376875282364076,72.8393976563093,0.026838432635533982,0.20000000000000018,-0.010000000000000231,0
2005-03-14,-0.008005646485218731,1.0142822270504166,0.006487346353202468,0.011199898838692324,0.010413133252802343,56.45397938205321,0.026838432635533982,0.20000000000000018,0.08000000000000007,0
2005-03-15,-0.004112771095255652,1.012524079251906,0.005246836908568537,0.010488425725228234,0.007515152513916095,56.66392024999815,0.026838432635533982,0.20000000000000018,0.020000000000000018,1
2005-03-16,0.0075771301985463335,1.0115535055867437,0.006414148361920466,0.02093440475735653,0.010739730362287342,62.89217240007283,0.026838432635533982,0.20000000000000018,-0.040000000000000036,0
2005-03-17,-0.002381441273752394,1.0095046420428566,0.0060645203316453695,0.020831174978504396,0.005383084684391211,57.79339152607769,0.026838432635533982,0.20000000000000018,0.11000000000000032,0
2005-03-18,-0.004262986073657382,1.006268424557778,0.005857440434551842,0.0056618946221855815,0.00878761372762639,55.957866126683165,0.026838432635533982,0.20000000000000018,0.020000000000000018,0
2005-03-21,-0.012081850334779265,1.0028278774194745,0.007027765944851228,-0.004606383281815729,0.01314398749956636,49.45208084872743,0.026838432635533982,0.20000000000000018,0.009999999999999787,0
2005-03-22,-0.006381554342439699,1.000010465742333,0.007184835712888049,-0.02059623993269577,0.011853448963486399,47.1796732880949,0.026838432635533982,0.20000000000000018,0.010000000000000231,0
2005-03-23,-0.00643147374661146,0.9944976473764822,0.0036386106204511753,-0.028714249215365473,0.009313025271186066,44.85454632253697,0.03059581320450877,0.20000000000000018,0.009999999999999787,0
2005-03-24,-0.004694359272944482,0.9886903590145596,0.003125485814152004,-0.03765781537104129,0.007583457579521401,34.537793099251786,0.03059581320450877,0.20000000000000018,0.020000000000000018,1
2005-03-25,0.0018656747374605764,0.9842432885359759,0.004996442746307982,-0.03836284843483806,0.0029390913503230718,36.93943450655479,0.03059581320450877,0.20000000000000018,0.04999999999999982,0
2005-03-28,-0.004706705035044445,0.9814176667005515,0.003425904757342109,-0.03516486182525158,0.007599953814171931,25.916482997283282,0.03059581320450877,0.20000000000000018,-0.009999999999999787,1
2005-03-29,0.003325083795014505,0.9801807294691801,0.0044000388070478055,-0.027958921692180616,0.005571107123938982,27.28630523207771,0.03059581320450877,0.20000000000000018,-0.06999999999999984,0
2005-03-30,-0.0017694420019866985,0.9798209252548304,0.0036981905725012856,-0.036975851362366474,0.0051007320978019525,21.84120992694733,0.03059581320450877,0.20000000000000018,0.020000000000000018,1
2005-03-31,0.004019869050349678,0.980868961674072,0.003690690726885307,-0.03079651922072646,0.007779463011949636,23.24448703239065,0.03059581320450877,0.20000000000000018,0.21999999999999975,0
2005-04-01,-0.004466565160368807,0.9814136035455793,0.004179143350374666,-0.03099467350915297,0.012713293805160838,24.540756832739646,0.03059581320450877,0.0,-0.1299999999999999,0
2005-04-04,-0.004574610110481214,0.9821159072764125,0.004147937753697306,-0.023631152789287402,0.00669649959835289,24.429282435626988,0.025641025641025772,-0.20000000000000018,-0.050000000000000266,1
2005-04-05,0.0006171978808025003,0.9827451361432435,0.003637510227988915,-0.016753901596956666,0.0056805960606770844,15.724617121510363,0.025641025641025772,-0.20000000000000018,-0.05999999999999961,1
2005-04-06,0.0007076755680688329,0.9839248362174229,0.003714351358695446,-0.009688922660832433,0.004972831708720564,17.343565130376334,0.025641025641025772,-0.20000000000000018,0.009999999999999787,0
2005-04-07,-0.0013235561022968412,0.9843480128457751,0.0026060983493603963,-0.006335034585824628,0.0073846664223108545,18.276282051282053,0.025641025641025772,-0.20000000000000018,0.029999999999999805,1
2005-04-08,0.006609759778940516,0.9867746316868553,0.004074925800158472,-0.0016297819581214679,0.01005307350405673,33.074392527368175,0.025641025641025772,-0.20000000000000018,-0.009999999999999787,1
2005-04-11,0.002788690628694468,0.9901253955241528,0.0030177860958361924,0.005888785524422291,0.0068580906804243886,41.44943811582275,0.025641025641025772,-0.20000000000000018,0.029999999999999805,0
2005-04-12,-0.0043136252603307446,0.9925076379037028,0.004133140298824006,-0.0017694420019866985,0.010142667461084085,43.42129648281696,0.025641025641025772,-0.20000000000000018,-0.009999999999999787,0
2005-04-13,-0.0002323255585343631,0.9951086966878699,0.004164978095361464,-0.0002323255585343631,0.007199796000856028,48.138784917323996,0.025641025641025772,-0.20000000000000018,-0.010000000000000231,0
2005-04-14,-0.009071665408905805,0.9965020482900832,0.006100448734666113,-0.01326841514666166,0.010550575091638911,37.14643813523218,0.025641025641025772,-0.20000000000000018,0.03000000000000025,1
2005-04-15,0.005868728861651906,0.9972394718953873,0.005879084003529229,-0.003024498977320045,0.01219694170578787,48.04493069557389,0.025641025641025772,-0.20000000000000018,0.029999999999999805,1
2005-04-18,0.01149483950249297,0.998518130388076,0.008135160316504342,0.013069974543022722,0.01229733864127091,55.36227946816671,0.025641025641025772,-0.20000000000000018,-0.06999999999999984,1
2005-04-19,0.003619056671693155,1.0008863368934184,0.00766064413982538,0.016109191753470364,0.006968029438573985,59.73839031570541,0.025641025641025772,-0.20000000000000018,-0.009999999999999787,1
2005-04-20,0.0016751263940757433,1.0032284938188023,0.007547444930004585,0.017091532251975128,0.008107028073727318,58.104802016476484,0.03205128205128216,-0.20000000000000018,0.0,0
2005-04-21,-0.003052979246281451,1.0066808574933073,0.005360228471635228,0.015330219420201407,0.00666784654697247,59.55009441810714,0.03205128205128216,-0.20000000000000018,0.009999999999999787,1
2005-04-22,0.0011494239220701807,1.0092367308607164,0.005346994142348598,0.009822579592745573,0.0051175515481017815,65.63043852771693,0.03205128205128216,-0.20000000000000018,-0.009999999999999787,0
2005-04-25,-0.005210549818735477,1.0084800411573336,0.0036411839901340135,0.0017672298476840709,0.007685342336308841,59.21075152834339,0.03205128205128216,-0.20000000000000018,0.07999999999999963,0
2005-04-26,-0.0006882505665085636,1.0070594979978336,0.0028966720778401947,0.005414745427215539,0.005010283129883247,57.99049367941121,0.03205128205128216,-0.20000000000000018,-0.040000000000000036,0
2005-04-27,-0.0049228843293399605,1.0044729950190445,0.0027438029811625284,0.0006976925828179326,0.005956005987651046,54.52632026532868,0.03205128205128216,-0.20000000000000018,-0.1499999999999999,0
2005-04-28,-0.001238862530820506,1.0025196465525106,0.002779556694123222,0.008607717448329888,0.004263525898506561,47.91362499021946,0.03205128205128216,-0.20000000000000018,0.26000000000000023,0
2005-04-29,-0.002253281058222756,0.9997725891426078,0.0020912453306796033,0.0004635912305397394,0.009396495967005007,43.299031466820885,0.03205128205128216,-0.20000000000000018,0.08000000000000007,0
2005-05-02,-0.0023252145094866394,0.9975018972193413,0.0016282710885009836,-0.013205742836083667,0.0025612379465219087,44.947957751886584,0.03205128205128216,0.0,0.009999999999999787,1
2005-05-03,0.0031831733348404168,0.9958746012922184,0.0029565267780403926,-0.013634318968372527,0.0052026110924715515,48.25746840591884,0.03205128205128216,0.0,-0.029999999999999805,1
2005-05-04,0.004895035225993327,0.996002656364942,0.003357467490293784,-0.010463622717495902,0.00718578165040359,61.627630537020124,0.02985074626865658,0.0,0.040000000000000036,1
2005-05-05,0.0004664346552387677,0.9963824072946619,0.00322681562223936,-0.0069703698065888275,0.004251805130965443,57.195782387800186,0.02985074626865658,0.0,0.0,0
2005-05-06,-0.011120848888858226,0.9958666699042287,0.006296559421506946,-0.01914112492131881,0.011938820893494835,32.661490203319005,0.02985074626865658,0.0,-0.010000000000000231,1
2005-05-09,0.0033552113708728015,0.9964511695215171,0.0065023241423256785,-0.010695314721883231,0.0059960013056960994,32.19049351279253,0.02985074626865658,0.0,0.010000000000000231,1
2005-05-10,0.0024872212413016292,0.9965594926367342,0.006428346296410787,-0.007551641949881893,0.005269491498926814,33.33061782459933,0.02985074626865658,0.0,0.0,0
2005-05-11,-0.00566374363213884,0.994833082171847,0.006153543332010458,-0.008290544078199291,0.008822122455860082,31.59118858440695,0.02985074626865658,0.0,0.0,0
2005-05-12,-0.010373134008998308,0.9910158875553942,0.006890728245146646,-0.01736032368618412,0.01135433403662401,24.633006040497534,0.02985074626865658,0.0,0.019999999999999574,0
2005-05-13,-0.005122108232561984,0.9889561826994484,0.005840381963731085,-0.020185713489503043,0.006342928010393906,24.73533776814935,0.02985074626865658,0.0,0.0,1
2005-05-16,0.0018959428335203476,0.9870712763981156,0.005463769833433063,-0.016040123833998776,0.0048990916884447035,27.38547709541909,0.02985074626865658,0.0,0.050000000000000266,0
2005-05-17,-0.0029239313829140245,0.9844314852217291,0.004461151784995709,-0.022030202377519847,0.004835234185698758,28.38905341740488,0.02985074626865658,0.0,-0.06999999999999984,1
2005-05-18,0.006188407374935867,0.9839176115668968,0.006381938316545937,-0.020771484944940077,0.008038176237298371,35.95926179941995,0.03518123667377404,0.0,0.009999999999999787,0
2005-05-19,-0.0036262837937687253,0.984780387445079,0.004670427613164589,-0.024777323092564862,0.005703725725271079,35.2130646692936,0.03518123667377404,0.0,0.020000000000000018,0
2005-05-20,-0.006178014096941076,0.9857993804129551,0.004935712450566266,-0.01990274911467449,0.008999714816155153,33.24923977303028,0.03518123667377404,0.0,-0.010000000000000231,1
2005-05-23,0.0011188054632262912,0.9863510687876853,0.004835746962231857,-0.02208731471727232,0.004611420341931095,31.105977640885243,0.03518123667377404,0.0,0.0,0
2005-05-24,-0.0002387784330539766,0.9874137245505279,0.0047282641945903415,-0.024746490420607503,0.005490085530222788,25.384517292715557,0.03518123667377404,0.0,-0.019999999999999574,1
2005-05-25,0.002469452441722586,0.987374919596346,0.003549358827223039,-0.016769382109074304,0.004992497770336208,27.713221274423276,0.03518123667377404,0.0,0.019999999999999574,0
2005-05-26,-0.0067575891359312745,0.9869888882437032,0.004267934263975671,-0.013177205560796934,0.00902372559856986,29.914814172145427,0.03518123667377404,0.0,0.0,1
2005-05-27,0.005435421480936675,0.9885230361725812,0.004521995000314078,-0.002705155613299426,0.006598514983567193,32.20210692537481,0.03518123667377404,0.0,0.0,0
2005-05-30,-0.007864231508543873,0.9885496056146384,0.0057778400557964155,-0.012420507413335002,0.006490573980233764,25.78217912359345,0.03518123667377404,0.0,0.0,0
2005-05-31,-0.014018822339851633,0.9867028344271888,0.007963763341975164,-0.02340972591574475,0.01536403738802938,22.972279358852717,0.03518123667377404,0.0,0.08000000000000007,0
2005-06-01,-0.009098186435531508,0.9832651677221056,0.007205159577410384,-0.038246647837879455,0.014269029306623292,23.497991763821517,0.03518123667377404,0.0,-0.06999999999999984,1
2005-06-02,0.005814524611517102,0.9820328718220992,0.009036567690103083,-0.029133873199989724,0.008722143280150932,31.045614162251866,0.03518123667377404,0.0,-0.020000000000000018,0
2005-06-03,-0.003008577248784894,0.9787053025471747,0.007504020934019392,-0.02603764578647516,0.008828391290739795,28.052937970574988,0.028601694915254106,-0.10000000000000053,-0.009999999999999787,1
2005-06-06,0.002451924778008374,0.9774701190683677,0.008129987585813122,-0.024740688802761368,0.0058715873938518,31.49871083477467,0.028601694915254106,-0.10000000000000053,0.009999999999999787,1
2005-06-07,0.0015470941447284225,0.9793822136483074,0.005766083888001189,-0.022998583965603947,0.005783879445685017,26.840456462593437,0.028601694915254106,-0.10000000000000053,-0.040000000000000036,0
2005-06-08,-0.0033409534605269853,0.9823154612255209,0.003873879256786516,-0.02866137476726438,0.010623089556338727,26.99476075302607,0.028601694915254106,-0.10000000000000053,0.0,0
2005-06-09,-0.0008192138274721872,0.9834761621166074,0.002611542728849652,-0.022853957317966578,0.005153092411136014,29.304920766305585,0.028601694915254106,-0.10000000000000053,0.04999999999999982,0
2005-06-10,-0.007439997738246884,0.9838740984777148,0.004001143544598633,-0.03536710800781018,0.011453545716650294,25.108180126575874,0.028601694915254106,-0.10000000000000053,0.0,0
2005-06-13,-0.0015631731147189853,0.9836542704583389,0.003355452027255799,-0.029240720497067607,0.007343807594838086,24.6565594724066,0.028601694915254106,-0.10000000000000053,0.03000000000000025,0
2005-06-14,-0.007588365083998072,0.9818592015417448,0.0032049494985443992,-0.022909538732136858,0.010134751021519185,19.802391951944855,0.028601694915254106,-0.10000000000000053,-0.03000000000000025,1
2005-06-15,0.007976181189019549,0.9822030549627786,0.006361381964520041,-0.00607315644909634,0.008999150917734608,29.575981037661307,0.028072033898304927,-0.10000000000000053,0.040000000000000036,0
2005-06-16,-0.0018874723094348678,0.982247638003079,0.0063344396756786865,-0.013684123780908664,0.008100748091050998,23.59773640690446,0.028072033898304927,-0.10000000000000053,-0.04999999999999982,1
2005-06-17,0.01486979617482076,0.985665560394505,0.00895040163802753,0.00400281228120436,0.01612614635634332,39.752292171647014,0.028072033898304927,-0.10000000000000053,-0.009999999999999787,0
2005-06-20,-0.010341296070144446,0.9879004895211574,0.010618189185822375,-0.008810200884014852,0.00970733876969156,41.767024814498384,0.028072033898304927,-0.10000000000000053,0.019999999999999574,1
2005-06-21,0.001813939681576171,0.9919009561121105,0.009586695813835177,-0.008546114875868871,0.014376256141476109,48.7186010688288,0.028072033898304927,-0.10000000000000053,-0.04999999999999982,0
2005-06-22,-0.004351506635364655,0.9938232252313588,0.009405312870219402,-0.009551390325678866,0.007918853535533345,41.31267004049733,0.028072033898304927,-0.10000000000000053,-0.029999999999999805,0
2005-06-23,-0.0075902699931923445,0.994649352954046,0.010020240937871164,-0.016263271957284053,0.009563153590099566,38.76838534129642,0.028072033898304927,-0.10000000000000053,0.11999999999999966,1
2005-06-24,0.005734483077452834,0.9936551471702979,0.006637825407138535,-0.003205904521798697,0.008435076691562775,41.325787949518116,0.028072033898304927,-0.10000000000000053,0.020000000000000018,1
2005-06-27,0.0054494355561678365,0.9951535205400589,0.005962293352314683,0.0037951662808934916,0.006332298367346219,44.13572179706163,0.028072033898304927,-0.10000000000000053,0.10000000000000009,0
2005-06-28,-0.0074732371359202965,0.9944543359760482,0.006734752046153107,0.0039116148126501216,0.009855028159621282,41.99926423633284,0.028072033898304927,-0.10000000000000053,0.0,1
2005-06-29,0.00041065908660486983,0.994228876571369,0.006591738438043419,-0.0036234000542453293,0.006955045712101357,42.690346064730036,0.028072033898304927,-0.10000000000000053,0.03000000000000025,1
2005-06-30,0.0010761187988568288,0.9959685278739621,0.005346818518587896,-0.0006649632545975281,0.00595286218125301,47.57594898483033,0.028072033898304927,-0.10000000000000053,0.1499999999999999,0
2005-07-01,-0.012819387846451646,0.9945047259780964,0.0073404743142695735,-0.02793030491285109,0.013819403253540693,41.60270319039844,0.028072033898304927,-0.10000000000000053,0.009999999999999787,0
2005-07-04,-0.002262635277475167,0.9917370273220754,0.005870604293619012,-0.019995224564182568,0.004701598777818552,44.25570216147825,0.028072033898304927,0.0,0.0,1
2005-07-05,0.0018492481385896653,0.9908153510138142,0.006054108621740123,-0.019960684760816028,0.005535605806276277,39.89459576111402,0.028072033898304927,0.0,-0.08999999999999986,0
2005-07-06,-0.00016695841926051003,0.9896161421971077,0.0059934871574809,-0.01584173937433997,0.004111100751498305,40.796741588114436,0.0248152059134108,0.0,-0.2799999999999998,1
2005-07-07,0.0013378890313584524,0.988356556191359,0.00603316140327456,-0.006987814235848044,0.009873258978840435,28.02091244014035,0.0248152059134108,0.0,0.18999999999999995,1
2005-07-08,0.0030192021174832995,0.9897420576151663,0.0020383743047948473,-0.00966874755014846,0.00801168106900686,37.22199843866409,0.0248152059134108,-0.09999999999999964,0.040000000000000036,1
2005-07-11,0.007337880393415208,0.9925959382118695,0.00284637432421516,-0.007808697830373856,0.010110231930447041,42.85058314241395,0.0248152059134108,-0.09999999999999964,0.009999999999999787,1
2005-07-12,0.013343080277264496,0.9967111417830983,0.005456679992653467,0.013000583947544664,0.01601768232041856,56.46432284483673,0.0248152059134108,-0.09999999999999964,0.0,0
2005-07-13,-0.0122612809252729,0.9993868319217797,0.009493124399686265,0.00016917065222776806,0.013401694084814765,52.831334868577784,0.0248152059134108,-0.09999999999999964,0.040000000000000036,1
2005-07-14,0.001148863250043597,1.0018763486510596,0.009499559103847038,0.00024184919889047585,0.005381297463011096,49.75773834613601,0.0248152059134108,-0.09999999999999964,0.04999999999999982,0
2005-07-15,-0.003963179600236066,1.0039216325280507,0.00991165916275625,0.00921523259401269,0.009126337342267586,42.87385129490392,0.0248152059134108,-0.09999999999999964,0.0,1
2005-07-18,0.0008318711757528963,1.0041064134867481,0.0092996405521741,0.012345337930727895,0.00439231921099032,48.8596925336441,0.0248152059134108,-0.09999999999999964,-0.1299999999999999,0
2005-07-19,-0.002165358690742636,1.0013845552222127,0.005451946084198816,0.008288671206816645,0.008815493769618737,46.868431266009466,0.0248152059134108,-0.09999999999999964,-0.06000000000000005,1
2005-07-20,0.010650514887027507,1.00252560322876,0.005643223468367177,0.019197628334866712,0.013900398826698837,53.795735535137155,0.0248152059134108,-0.09999999999999964,0.1200000000000001,1
2005-07-21,0.00024316309694083493,1.0030897022987013,0.005663807685071383,0.018083377003466072,0.009546438546253866,65.38977760309729,0.0248152059134108,-0.09999999999999964,0.020000000000000018,0
2005-07-22,-0.008225540896559691,1.0034923156823568,0.006822328207948444,0.006669751105671917,0.010944124052976017,59.45065535851966,0.0248152059134108,-0.09999999999999964,-0.020000000000000018,1
2005-07-25,0.00033773218717225717,1.0040540480094509,0.006815674368193556,-0.00032575416583568995,0.00455710415505497,58.52471173809455,0.0248152059134108,-0.09999999999999964,0.029999999999999805,0
2005-07-26,-0.0039776102937870705,1.0040738271106722,0.007016030025044363,-0.017412808511936606,0.006495517548283622,55.28927502510857,0.0248152059134108,-0.09999999999999964,-0.029999999999999805,1
2005-07-27,0.004151024478197929,1.0026069348988096,0.004736064886077036,-0.0010861010934529736,0.009116137345271504,57.04077221905604,0.0248152059134108,-0.09999999999999964,0.020000000000000018,1
2005-07-28,0.005386619832335793,1.0019540005362946,0.00567357779873602,0.0031421951226484612,0.00890005566465216,58.42981008366869,0.0248152059134108,-0.09999999999999964,0.0,0
2005-07-29,-0.0006547106396128655,1.0022184075551768,0.0037786520019627056,0.006474265531775103,0.0068482388810141475,53.375667226925174,0.0248152059134108,-0.09999999999999964,0.040000000000000036,1
2005-08-01,0.00494673144056379,1.0030475589735792,0.004109569996558452,0.010612324162867726,0.01009944365638938,46.77498810189785,0.0248152059134108,-0.09999999999999964,-0.010000000000000231,1
2005-08-02,0.0008169725209581369,1.0048842125687585,0.0026883136310789416,0.013632845351955414,0.005004100102727419,59.920896232392245,0.0248152059134108,-0.09999999999999964,-0.09999999999999964,1
2005-08-03,0.011570227896887886,1.0076290543017457,0.004771577847315041,0.01455527234462961,0.015329024860824457,67.1931617420758,0.0248152059134108,-0.09999999999999964,0.1499999999999999,1
2005-08-04,0.004049823703892175,1.0099748436284517,0.004740749598002473,0.01841640104942499,0.007191362549184163,74.1046556380881,0.0248152059134108,-0.09999999999999964,0.08999999999999986,0
2005-08-05,-0.0015333128827447196,1.0123596691202617,0.004973727856072999,0.025288401740986233,0.006395626326296673,71.7639475997154,0.02535657686212356,-0.09999999999999964,0.050000000000000266,0
2005-08-08,-0.0012104106498399547,1.0139334102017301,0.0054141835915303286,0.02370164474487013,0.0056727372825007534,72.90427257977285,0.02535657686212356,0.0,0.009999999999999787,1
2005-08-09,0.0021909541006697175,1.0163440043083976,0.005326421627982715,0.030041632260796147,0.006296249533995481,68.33921896332096,0.02535657686212356,0.0,-0.029999999999999805,1
2005-08-10,0.0006440998651415786,1.0159053044042883,0.002345342584798949,0.026444286578133136,0.0061413811187515585,68.60178435232977,0.02535657686212356,0.0,0.009999999999999787,1
2005-08-11,0.007022309834939122,1.0157704692501324,0.0034721515912349956,0.028114235854029834,0.0077035236287712645,84.81132493524177,0.02535657686212356,0.0,0.029999999999999805,0
2005-08-12,-0.0022525755667470726,1.015404558348076,0.003636260359654593,0.026470371920263913,0.007544279862235639,80.8415954658604,0.02535657686212356,0.0,0.040000000000000036,0
2005-08-15,-0.0059380826691534105,1.0144245847567457,0.004855597823827293,0.01535243020461885,0.008644313208462788,77.57788642290859,0.02535657686212356,0.0,0.06000000000000005,0
2005-08-16,-0.001704251880063734,1.012640344027716,0.004795150002183102,0.012794588568280085,0.005499190724841813,73.08479955813912,0.03063919704173257,0.0,-0.1499999999999999,0
2005-08-17,-0.005819850562091,1.0103825562876572,0.005275205033722921,-0.004616538086415045,0.008549559472969568,61.78753586841964,0.03063919704173257,0.0,0.10999999999999988,0
2005-08-18,-0.007663699397888912,1.0055715382939667,0.002575454661903306,-0.01622895701324123,0.010839610976275314,54.24753388064691,0.03063919704173257,0.0,-0.06999999999999984,0
2005-08-19,-0.0023824288485423395,1.000456489351218,0.0025453907910136207,-0.017065575510450404,0.00518618888868838,47.8499503766781,0.03063919704173257,0.0,0.040000000000000036,1
2005-08-22,0.006508529750756997,0.9975349744026138,0.005456008263928791,-0.009469168498172365,0.006618742189536354,52.69615027896181,0.03063919704173257,0.0,-0.03000000000000025,1
2005-08-23,7.337268304796751e-05,0.994777477028371,0.005554422663189905,-0.01156211263600082,0.004824508926257387,41.71706007736638,0.03063919704173257,0.0,-0.019999999999999574,1
2005-08-24,0.0031913313953193523,0.993873406308147,0.005407039405923262,-0.009045953141675889,0.009445345857328475,40.64506792568875,0.03063919704173257,0.0,0.009999999999999787,1
2005-08-25,0.002275795047135043,0.9951046472153563,0.003343557919253725,-0.013716731526137393,0.005207559119943827,44.68101958097622,0.03063919704173257,0.0,0.04999999999999982,0
2005-08-26,-0.0006392680966555986,0.9966777435022154,0.002832945363410094,-0.012121961020406524,0.005126336939035396,45.214518145678376,0.03063919704173257,0.0,-0.009999999999999787,0
2005-08-29,-0.00480838924244964,0.9964859632601052,0.0031183637379553716,-0.010999295211000182,0.010296267484898808,38.58708155167398,0.03063919704173257,0.0,0.0,0
2005-08-30,-0.0013805328979752396,0.9961139231801103,0.003179169786650523,-0.010678590347694916,0.005245159674470125,36.7921910910652,0.03063919704173257,0.0,-0.020000000000000018,1
2005-08-31,0.010057800276098039,0.9971774047814272,0.005606064447244038,0.005121463513856561,0.013122438744307569,40.1705928696652,0.03063919704173257,0.0,0.10999999999999988,1
2005-09-01,0.012077844399297488,0.999805832553569,0.007510079582467827,0.025117355412007658,0.014422215176354237,52.84295872811561,0.03063919704173257,0.0,-0.06000000000000005,1
2005-09-02,0.003446568406713979,1.003005827105689,0.007223555858945278,0.031107031640459804,0.009331631012311898,60.63249727371864,0.03063919704173257,-0.09999999999999964,-0.07999999999999963,0
2005-09-05,-0.0004885152778492108,1.0070246153856115,0.006094960742167026,0.02393898277008666,0.005595929257420263,61.84689091428489,0.03063919704173257,-0.09999999999999964,0.0,0
2005-09-06,-0.005506381447216269,1.0105868729592151,0.007292784051965913,0.01822607417326849,0.006333578616887821,62.08767176838324,0.030095036958817323,-0.09999999999999964,0.07999999999999963,0
2005-09-07,-0.00336481830038593,1.0116808877059473,0.006928804828111125,0.011571668022185344,0.009986149257354018,66.7698139214335,0.030095036958817323,-0.09999999999999964,-0.08999999999999986,0
2005-09-08,-0.0017722921010825399,1.0104488432893628,0.003357363006291126,0.0074860358149055894,0.00516338239202252,67.45446981683489,0.030095036958817323,-0.09999999999999964,0.010000000000000231,1
2005-09-09,0.001365218964520798,1.0086082257741213,0.0026366502387437834,0.009506820361102841,0.005227901363751494,64.20396676494238,0.030095036958817323,-0.09999999999999964,0.0,0
2005-09-12,-0.00966078289234884,1.0051095067982696,0.004130382557991273,0.0045846280599426414,0.011233228475642554,53.78146668252525,0.030095036958817323,-0.09999999999999964,0.009999999999999787,0
2005-09-13,-0.0008964663339696699,1.0025079585530499,0.004165224119383204,0.00507158615076464,0.004805732591972674,50.422363464766846,0.030095036958817323,-0.09999999999999964,-0.04999999999999982,0
2005-09-14,-8.600907133593516e-05,1.0002806713575323,0.004322171117992519,-0.005022147641152608,0.004803233442582017,48.32835453013232,0.030095036958817323,-0.09999999999999964,0.08999999999999986,0
2005-09-15,-0.0034994917164489214,0.9975064196752594,0.004347383715850425,-0.020336290243608612,0.006873430422531204,45.978089629729936,0.03537486800422385,-0.09999999999999964,0.1299999999999999,1
2005-09-16,0.00024482899819733284,0.9943784195578198,0.004117575662339845,-0.023462144679088026,0.00817370909395509,50.303680333475384,0.03537486800422385,-0.09999999999999964,-0.04999999999999982,0
2005-09-19,-0.00816952084481859,0.9922954951421321,0.0035026228187800836,-0.03096660342491353,0.005924710385846138,44.721803027119265,0.03537486800422385,-0.09999999999999964,0.0,0
2005-09-20,-0.0016482461606146526,0.9901490630775818,0.0034330258157946473,-0.02720724100018279,0.005859537341578596,32.820864866660386,0.03537486800422385,-0.09999999999999964,0.04999999999999982,1
2005-09-22,0.002892734041886502,0.9886029658726551,0.00416553835518423,-0.0210993875755785,0.01086736797132166,18.42554021077352,0.03537486800422385,-0.09999999999999964,0.10000000000000009,0
2005-09-23,-0.009307670812683466,0.9864808276088168,0.005324376622878532,-0.028488870733846983,0.010130316081939894,9.13083336798357,0.03537486800422385,-0.09999999999999964,-0.010000000000000231,1
2005-09-26,0.002668139307958839,0.9846679993104624,0.00580469460777594,-0.027224794860005175,0.005302231856599704,13.86798415521362,0.03537486800422385,-0.09999999999999964,0.07000000000000028,0
2005-09-27,-0.004483085960356736,0.9835787088918159,0.005133685320509673,-0.022138926191811348,0.007745417948171926,14.203899292575258,0.03537486800422385,-0.09999999999999964,-0.10000000000000009,1
2005-09-28,0.003582445491414177,0.9832751239930206,0.005716901545461375,-0.01775524284020591,0.005881499511085714,21.186131528496816,0.03537486800422385,-0.09999999999999964,0.029999999999999805,0
2005-09-29,-0.0034019420976053594,0.9823869525466143,0.005345814173644829,-0.021012580830967686,0.00515266093053532,20.549613320811048,0.03537486800422385,-0.09999999999999964,0.06000000000000005,1
2005-09-30,0.0005893543738364482,0.9840307152231378,0.003596979609741683,-0.016995594539407244,0.00599076756176672,19.29634387880735,0.03537486800422385,-0.09999999999999964,0.11000000000000032,0
2005-10-03,-0.009566139625935333,0.9839072013232357,0.005027306173554308,-0.02663745931067263,0.010566339295238487,19.447216816631666,0.03537486800422385,-0.09999999999999964,-0.06000000000000005,1
2005-10-04,0.0005006335220523184,0.9847213391729028,0.005068347100262607,-0.018128743698409444,0.003187228761251492,20.579287837286557,0.03537486800422385,0.0,-0.1200000000000001,1
2005-10-05,0.007807795313242494,0.9857054410255202,0.006350795452813831,-0.008828799779975971,0.007828783397572507,31.08392783837796,0.03537486800422385,0.0,0.0,1
2005-10-06,0.013316057332346531,0.9891839239128205,0.008637059434296514,0.0014726985811188698,0.016596895926814764,46.10748593281078,0.03537486800422385,0.0,0.009999999999999787,0
2005-10-07,-0.003444856826994469,0.9919425876624253,0.009042528813107624,0.007399309669693155,0.006343724724605692,43.67616659886931,0.03537486800422385,0.1999999999999993,-0.029999999999999805,0
2005-10-10,-0.00667521013895267,0.9956724240680631,0.008192753218229494,-0.0019881271240178577,0.008880050995860792,44.66192221168947,0.03373748023194523,0.1999999999999993,0.0,0
2005-10-11,-0.0053213029113963195,0.9980239462239261,0.008896103951759611,-0.0028284448096197456,0.0063399531834144275,42.44014783722847,0.03373748023194523,0.1999999999999993,-0.009999999999999787,1
2005-10-12,0.0035963866842283476,0.9993302872372087,0.008284930625369077,-0.0028145926732235926,0.007401788270777619,42.95773709595758,0.03373748023194523,0.1999999999999993,-0.3600000000000003,0
2005-10-13,-0.0007571959132431916,0.9978709191608851,0.004076950233332585,-0.00016828779612998446,0.009824027825620531,48.6089648008467,0.03373748023194523,0.1999999999999993,0.3900000000000001,1
2005-10-14,0.004830880979673324,0.9976492938411958,0.005147228139576067,0.004070027143094901,0.009946673181372876,50.24108116472202,0.04638903531892469,0.1999999999999993,0.020000000000000018,0
2005-10-17,-0.005465048847958065,0.9979614490234548,0.004824042320507254,0.008227581214605095,0.009247526613659848,49.52086468815917,0.04638903531892469,0.1999999999999993,0.04999999999999982,0
2005-10-18,-0.004662470836605648,0.9982266561144243,0.00467018032351246,0.0030246017814354875,0.007946587064851242,43.64208199926331,0.04638903531892469,0.1999999999999993,-0.10999999999999988,1
2005-10-19,0.0015925481787952833,0.9979302619629855,0.0043032471537952375,-0.0031611469406850334,0.010028022152902175,47.13685738766877,0.04638903531892469,0.1999999999999993,0.0,1
2005-10-20,0.0036654692349176177,0.9984783120885441,0.004767451634406503,-0.012654809950145895,0.005908720153241062,49.409147356755824,0.04638903531892469,0.1999999999999993,0.06000000000000005,0
2005-10-21,-0.005319514577927897,0.9967929030723935,0.004333338496544148,-0.014512142508262604,0.011622854714166488,52.547043120207405,0.04638903531892469,0.1999999999999993,-0.010000000000000231,1
2005-10-24,0.0018442834045506729,0.996613515121541,0.00411553789505089,-0.0060598643362094196,0.007754445769097424,53.476357344218606,0.04638903531892469,0.1999999999999993,0.0,1
2005-10-25,0.011348925970988022,0.998839418017175,0.005957773044724036,0.01059798669186729,0.014443737659630652,55.78376200797151,0.04638903531892469,0.1999999999999993,-0.019999999999999574,0
2005-10-26,-0.0040411403222223585,1.0003155662897614,0.0066899018157969194,0.0029071764035553116,0.006502594278278344,42.76632389443291,0.04638903531892469,0.1999999999999993,0.009999999999999787,1
2005-10-27,0.00663007481229716,1.001887833098234,0.007051455915523695,0.010321537352045329,0.010121159995260292,50.81920771997607,0.04638903531892469,0.1999999999999993,0.10000000000000009,0
2005-10-28,-0.005926892076334456,1.003654554071663,0.007214413718562218,-0.0004950189642111136,0.009490208781235463,51.40402299113369,0.04638903531892469,0.1999999999999993,0.04999999999999982,0
2005-10-31,-0.006797710032974802,1.0035524529552895,0.008217805972807123,-0.001834339911065963,0.009550786973193106,50.25144272246534,0.04638903531892469,0.1999999999999993,0.11999999999999966,1
2005-11-01,0.002921823110233701,1.0016531708841891,0.0059108958344941025,0.005771503887588514,0.005240985392102801,49.744338493727,0.04638903531892469,0.1999999999999993,-0.02999999999999936,1
2005-11-02,0.0036201990351028,1.001497200297865,0.0060600669222166895,0.007807614734075319,0.007382215725670423,52.939716977049464,0.04638903531892469,0.1999999999999993,0.0,0
2005-11-03,-0.009573468358171744,0.9992374690146847,0.006020392166984279,-0.005485960193311046,0.01180153928784623,42.928587228027766,0.04638903531892469,0.1999999999999993,0.019999999999999574,0
2005-11-04,-0.011624101778713758,0.9962613632854114,0.007116430559401151,-0.01178949241120364,0.015400643482162257,39.656422639026985,0.04638903531892469,0.09999999999999964,-0.009999999999999787,0
2005-11-07,-0.0016981648255248727,0.9940584765375979,0.007032227760497589,-0.015283732605551714,0.0043598846138255785,41.2041969539073,0.03981141959140899,-0.09999999999999964,-0.009999999999999787,0
2005-11-08,-0.0021182300916443575,0.9906880472283637,0.006239168558823291,-0.02839624729743384,0.0068801461302964075,38.88576614028702,0.03981141959140899,-0.09999999999999964,-0.040000000000000036,1
2005-11-09,0.000848077613080811,0.986887841240528,0.005432837967822487,-0.023626589949078958,0.005433745170853361,36.564740061121256,0.03981141959140899,-0.09999999999999964,0.0699999999999994,0
2005-11-10,-0.008698384937009807,0.983681984685725,0.005253076013871397,-0.038494316327162714,0.009925803812452082,35.0525267625391,0.03981141959140899,-0.09999999999999964,-0.03999999999999959,1
2005-11-11,0.0050930303530600796,0.9837833557333789,0.005026134807306714,-0.027835424174222356,0.0055362370633797,37.56090778438398,0.03981141959140899,-0.09999999999999964,0.0,0
2005-11-14,-0.003671252820612203,0.9834044678459903,0.005139933594450407,-0.02477519064435918,0.009406896127014203,26.025747451791574,0.03981141959140899,-0.09999999999999964,0.050000000000000266,1
2005-11-15,0.003425704005674657,0.9837198620224269,0.005606474984220634,-0.024285225086854045,0.007539696652241373,30.911915531297694,0.03981141959140899,-0.09999999999999964,-0.06000000000000005,0
2005-11-16,-0.004682513150929046,0.9832507947422087,0.0057917288805465214,-0.032357082308890006,0.007104233434642513,22.333166280179285,0.04190675746464123,-0.09999999999999964,-0.010000000000000231,1
2005-11-17,0.0060737525786267454,0.9855855532173339,0.00505431932414409,-0.01706980754662968,0.009621080714794089,30.79417818122026,0.04190675746464123,-0.09999999999999964,0.020000000000000018,1
2005-11-18,0.002390582086798876,0.9870147005343229,0.0046702190204245654,-0.003132341109121195,0.009515835481183798,36.47430363066297,0.04190675746464123,-0.09999999999999964,0.020000000000000018,0
2005-11-21,-0.0033216645352660557,0.9887675474393026,0.004590212484440683,-0.004753508473375301,0.009678469759492195,31.858031034991967,0.04190675746464123,-0.09999999999999964,0.03000000000000025,1
2005-11-22,0.006568675685590941,0.9913947818529083,0.005216113024322519,0.003910456294524911,0.011302436515554813,34.63159659784098,0.04190675746464123,-0.09999999999999964,-0.040000000000000036,0
2005-11-23,-0.0005077524577610237,0.9946749951072719,0.004240873152416317,0.0025504776768678905,0.007457112140570274,39.93559098273759,0.04190675746464123,-0.09999999999999964,0.019999999999999574,0
2005-11-24,-0.0022855420259983994,0.9967572922252601,0.0039924724824452786,0.009036090759716231,0.0039826281763936265,47.34679680876502,0.04190675746464123,-0.09999999999999964,0.0,0
2005-11-25,-0.004760353224381619,0.9973527177294423,0.004433227086190773,-0.0008559484301736697,0.005671932388638241,44.678756051530314,0.04190675746464123,-0.09999999999999964,0.020000000000000462,1
2005-11-28,0.010665006036728819,0.9998569971837783,0.006447707345534776,0.013520820080850982,0.016783726246971737,55.54557621297386,0.04190675746464123,-0.09999999999999964,-0.020000000000000462,0
2005-11-29,-0.006919556135985605,1.0001618924969888,0.006834921625489063,0.003071479884692474,0.009860877588120754,49.38493818525909,0.04190675746464123,-0.09999999999999964,-0.019999999999999574,1
2005-11-30,0.003140075232952899,1.0012251532798622,0.007059784076190697,0.010955009924529024,0.0036443463705384048,58.67648915748539,0.04190675746464123,-0.09999999999999964,0.040000000000000036,0
2005-12-01,-0.00533084997923805,1.0014554386231225,0.0074247278282699985,-0.0005049253560809319,0.009025227143377232,50.46893867920776,0.04190675746464123,-0.09999999999999964,0.0,0
2005-12-02,-0.0019687417575690036,1.0017535479720774,0.007136916328672673,-0.004851656848861685,0.006395570381893025,51.85052607147119,0.04190675746464123,-0.09999999999999964,-0.03000000000000025,1
2005-12-05,0.005810964468533575,1.0007073174314232,0.005437162644947311,0.004266952734949037,0.010855226995132023,53.633494668083266,0.04190675746464123,0.0,0.019999999999999574,1
2005-12-06,0.0009320690932623776,1.0010898310433376,0.0043432455275168955,-0.0013567646158694213,0.004025606010774087,58.47745372273409,0.04190675746464123,0.0,-0.2999999999999994,0
2005-12-07,-0.006784754208264299,0.999865029393821,0.005054302192763771,-0.007628434408255225,0.007768867296381076,47.92323518299453,0.04027196652719667,0.0,0.009999999999999787,1
2005-12-08,0.008115570014162188,1.0004881937375494,0.005978145688511165,0.002716978306469775,0.011767168160802121,52.34325694597524,0.04027196652719667,0.0,0.10999999999999988,1
2005-12-09,8.274870198055062e-05,1.0017690528728045,0.005771313890790809,0.00759646692508098,0.005590221365743117,55.13006617137291,0.04027196652719667,0.0,0.07000000000000028,1
2005-12-12,0.012015832754897149,1.0035152741533797,0.00734678263048119,0.00894319231927665,0.015673485471047084,58.695331519508834,0.04027196652719667,0.0,0.08000000000000007,0
2005-12-13,-0.0005855771150121702,1.0051530480192048,0.007477175399552208,0.015378345738106036,0.00569778229247944,58.62333025079422,0.04027196652719667,0.0,-0.009999999999999787,1
2005-12-14,0.002095465388556539,1.0082272429722974,0.0054908254384818285,0.014320991693608676,0.009107324138764562,61.83446962995671,0.04027196652719667,0.0,0.02999999999999936,0
2005-12-15,-0.0005863874679141734,1.009898662099173,0.005374706616779787,0.019159191329576775,0.008191429476216105,65.79344484685559,0.03451882845188292,0.0,0.03000000000000025,1
2005-12-16,0.003928511197158535,1.0122645151965535,0.005195823459298164,0.025181286832868244,0.007079707484545698,61.91498132790145,0.03451882845188292,0.0,-0.040000000000000036,0
2005-12-19,-0.0005882061102787661,1.0119711251265875,0.002074903885205301,0.018658878387941114,0.00508033421192569,69.47943149923417,0.03451882845188292,0.0,0.0,0
2005-12-20,-0.010996237951456767,1.0104602208709825,0.005785207344085389,0.0065193174222824,0.014319249391853528,54.93744888377306,0.03451882845188292,0.0,0.04999999999999982,0
2005-12-21,-0.0034436871223930687,1.007985443614641,0.005513318260171642,0.009905137945055875,0.008742421763751633,56.70136934909022,0.03451882845188292,0.0,-0.21999999999999975,1
2005-12-22,0.003288771195489648,1.0060069853805016,0.0060656731065886595,0.0050697707790317015,0.00673640730298722,60.968176786575306,0.03451882845188292,0.0,0.16999999999999993,0
2005-12-23,-8.313453336228349e-05,1.0029871303499713,0.005384952843167092,0.004903060348781185,0.004207479275890226,56.687822761855955,0.03451882845188292,0.0,-0.040000000000000036,0
2005-12-26,-0.0028646646045981106,1.0001872826574405,0.005292668643379919,-0.009872852094567341,0.005234127960365757,53.03503496250136,0.03451882845188292,0.0,0.0,1
2005-12-27,0.0015293437738630455,0.9994979423062172,0.0028605945429000298,-0.007777584566105333,0.004099203767700056,61.582933213880764,0.03451882845188292,0.0,0.04999999999999982,0
2005-12-28,-0.0006753747138178445,0.9995528361141846,0.0023204890191283758,-0.010521125230759432,0.009626846021676704,53.43698624362415,0.03451882845188292,0.0,-0.0699999999999994,1
2005-12-29,0.0001659141836303224,0.9987116714419259,0.0016040880280891344,-0.009776301884025784,0.00456153107452506,53.527210510692306,0.03451882845188292,0.0,-0.010000000000000675,0
2005-12-30,-0.0007578072861766927,0.9976772425665561,0.001600658657058548,-0.014398646570286111,0.009039474422049597,34.75526664411302,0.03451882845188292,0.0,-0.08999999999999986,0
2006-01-02,-0.0020325201205799726,0.997198051649517,0.001313494034595844,-0.015823002228317784,0.0042232265353885886,33.250251815643736,0.03451882845188292,0.0,0.0,1
2006-01-03,0.018278084900330782,0.9991888825932123,0.008579154679846967,0.013308449320859506,0.018118509564159335,55.036248273164055,0.03451882845188292,0.0,0.25,1
2006-01-04,0.006564700350812913,1.001968474020558,0.00841405676003647,0.02348507803679456,0.009321521682879684,61.030270921481396,0.03451882845188292,0.0,-0.1200000000000001,0
2006-01-05,-0.00041160400466488944,1.0050440089884232,0.008491071709705164,0.019710213900736573,0.004121673454561997,57.55658546891749,0.03451882845188292,0.0,0.020000000000000462,1
2006-01-06,0.0038893000825417356,1.008856542770897,0.008037404874237179,0.02376128283635226,0.007239419398760383,61.228668196617484,0.03451882845188292,-0.09999999999999964,-0.020000000000000462,0
2006-01-09,-0.006508415567586301,1.0126737693826966,0.009215285968874654,0.020020234828334704,0.008023230237455787,66.61103125482603,0.03506017791732097,-0.09999999999999964,0.03000000000000025,0
2006-01-10,-0.0009048087847307595,1.0127062836145893,0.005004672982837362,0.017541141350085887,0.005388907778787984,70.10011772427515,0.03506017791732097,-0.09999999999999964,-0.009999999999999787,1
2006-01-11,0.006215188526298432,1.0124601932185333,0.0049005974985376136,0.02455731147787077,0.007991794122427254,71.872948048257,0.03506017791732097,-0.09999999999999964,0.0,0
2006-01-12,-0.007744910730638321,1.011094024983295,0.006160542779968863,0.01645356249903185,0.012286424126335512,62.33775285903476,0.03506017791732097,-0.09999999999999964,0.040000000000000036,1
2006-01-13,0.00813572419613906,1.0103643406719431,0.007208502781231564,0.02550027992581083,0.009305357017864122,69.93151559905156,0.03506017791732097,-0.09999999999999964,0.019999999999999574,0
2006-01-16,-0.002217197382008762,1.010590668555555,0.006482846917530464,0.025310507626502998,0.005024155578018946,66.79572952859712,0.03506017791732097,-0.09999999999999964,0.0,0
2006-01-17,-0.0006295936774193267,1.0103472553116561,0.006466997717280648,0.006272249013199671,0.007179270788425151,66.82845951634724,0.03506017791732097,-0.09999999999999964,0.020000000000000462,0
2006-01-18,-3.642700682537914e-05,1.0086770359692363,0.005706244685401423,-0.00032696042646973567,0.006328487675753173,66.70583094925266,0.03453689167974883,-0.09999999999999964,-0.08000000000000007,0
2006-01-19,-0.0014024908513193823,1.0085277065889822,0.004198396855077481,-0.001317931179868892,0.004885097475185069,66.02165917137701,0.03453689167974883,-0.09999999999999964,-0.009999999999999787,1
2006-01-20,0.003725739656288196,1.0073049366575841,0.0022966868972508947,-0.0014806432088292354,0.006912743641675588,69.91581983033015,0.03453689167974883,-0.09999999999999964,0.009999999999999787,1
2006-01-23,0.013841989463554416,1.0084771406769852,0.006320628031772947,0.018972749311594983,0.012440571236958275,67.99817013907577,0.03453689167974883,-0.09999999999999964,0.019999999999999574,0
2006-01-24,-0.0031766067189974434,1.0093627183531209,0.006782127718394152,0.016655752685733605,0.003630424496851079,60.727102538172886,0.03453689167974883,-0.09999999999999964,0.020000000000000462,0
2006-01-25,-0.0016285008150765945,1.0099721259138663,0.006971031487067647,0.008730676636277579,0.006564154126486867,59.47714451294779,0.03453689167974883,-0.09999999999999964,0.08000000000000007,0
2006-01-26,-0.0024551568076983665,1.0104970961939912,0.0071239680369796585,0.014108262613544476,0.005404508604292338,54.279641341900266,0.03453689167974883,-0.09999999999999964,0.009999999999999787,0
2006-01-27,-0.009905012672459135,1.008747509098352,0.008750310571975476,-0.004039353707333659,0.011580030905447606,51.2605015410967,0.03453689167974883,-0.09999999999999964,0.04999999999999982,0
2006-01-30,-0.0006527265230622525,1.0040349923269511,0.0036677553778419734,-0.0024777398934915373,0.0036414603124816603,51.4676945084638,0.03453689167974883,-0.09999999999999964,0.0600000000000005,1
2006-01-31,0.005163182182005954,1.0016374406481412,0.005382988889010545,0.0033043233245373393,0.008362099300333966,50.639913740565376,0.03453689167974883,-0.09999999999999964,-0.010000000000000675,0
2006-02-01,-0.006709245989200863,0.998888845034,0.005784524456293072,-0.003390788692133273,0.009199022098221099,51.513716358661156,0.03453689167974883,-0.09999999999999964,0.0,1
2006-02-02,0.0014138815068112098,0.9968254482224652,0.006110481497829302,-0.000580023985761513,0.005535967412204304,45.420148311595035,0.03453689167974883,-0.09999999999999964,0.010000000000000675,0
2006-02-03,-0.004714603749249924,0.9962441123645612,0.0047506869403907545,-0.008984160166231936,0.01114043895288041,43.39535212762195,0.03453689167974883,-0.2999999999999998,0.02999999999999936,0
2006-02-06,-0.005323614507270813,0.9946741491739458,0.005088036048918678,-0.027718260067853273,0.007771367074227975,40.044652547365814,0.03453689167974883,-0.20000000000000018,0.0,1
2006-02-07,0.002506551871892304,0.9924001322201981,0.004211818511853771,-0.022175020051311112,0.005004644919603032,42.43351136835996,0.03453689167974883,-0.20000000000000018,-0.040000000000000036,0
2006-02-08,-0.0023331949035302335,0.991429654292712,0.0035358948563682688,-0.02286521151157883,0.005559739527254261,41.82805225568734,0.03399581589958167,-0.20000000000000018,0.010000000000000675,1
2006-02-09,0.002422840095044565,0.9901516982830455,0.003777842602505296,-0.018087019829934325,0.003585918677101237,40.59061509114567,0.03399581589958167,-0.20000000000000018,0.03999999999999915,0
2006-02-10,-0.00725134994994181,0.9891332261060902,0.004432960146705313,-0.015455286606775198,0.010834732214288639,20.542815294916807,0.03399581589958167,-0.20000000000000018,-0.009999999999999787,1
2006-02-13,0.0004168860474427216,0.9891241154173304,0.0040853409828221655,-0.014401517381983475,0.0028536388022823104,22.414284622938055,0.03345530580240452,-0.20000000000000018,-0.0699999999999994,1
2006-02-14,0.0003336500707280532,0.9886366771146831,0.0037403384993882397,-0.019137046503033828,0.004868425751955389,23.626325324690214,0.03345530580240452,-0.20000000000000018,0.009999999999999787,0
2006-02-15,-0.002519848508964584,0.9882357265414267,0.0037543551843129503,-0.015000065695304765,0.00610110613639972,23.627725103538168,0.03345530580240452,-0.20000000000000018,0.04999999999999982,1
2006-02-16,0.001774207120477822,0.9875469906596943,0.003600778291057907,-0.014645646096830722,0.004873181642476964,32.159323129298144,0.03345530580240452,-0.20000000000000018,-0.019999999999999574,1
2006-02-17,0.002937725093686838,0.9889232182675827,0.0020421183977571674,-0.007069672842033081,0.006702048098143244,36.927437764386404,0.03345530580240452,-0.20000000000000018,0.0,0
2006-02-20,-0.0006683181461902832,0.9908108390100216,0.0021210639482620586,-0.0024225484041333623,0.0038543644389180728,28.406758174610985,0.03345530580240452,-0.20000000000000018,0.0,0
2006-02-21,-0.0011801031846104815,0.9923002439735985,0.0022328987911402532,-0.006091077003085532,0.003359677173366803,32.87039094970329,0.03345530580240452,-0.20000000000000018,0.05999999999999961,0
2006-02-22,-0.00033362752427079645,0.9941620444859833,0.0017641270976119308,-0.004099041335238196,0.005121631110705164,29.803019188005777,0.040250914793517945,-0.20000000000000018,-0.04999999999999982,1
2006-02-23,0.0005007083447421401,0.9956267047717127,0.0016214065748693769,-0.006008667469280082,0.0061257829839161575,35.60235415537164,0.040250914793517945,-0.20000000000000018,-0.020000000000000462,0
2006-02-24,-0.003682189223229604,0.9954557148461837,0.0015816396616656011,-0.0024350390119840526,0.005471788040548698,37.68030778058535,0.040250914793517945,-0.20000000000000018,0.010000000000000675,0
2006-02-27,-0.0023581849853959724,0.9950331046511968,0.001652583806970998,-0.00520219904818664,0.003806641140173524,29.152412738144903,0.040250914793517945,-0.20000000000000018,0.03999999999999915,1
2006-02-28,0.006752462295239736,0.9961118027214049,0.004028732105999919,0.0011810914521532823,0.008589932996224386,45.57245917474116,0.040250914793517945,-0.20000000000000018,0.0,0
2006-03-01,-0.0008463529631597133,0.9967917047108171,0.0040514030585501095,0.0028607961506224022,0.00599609467781092,40.1528648689775,0.040250914793517945,-0.20000000000000018,0.0,1
2006-03-02,0.009992424375010911,0.9989418622688748,0.006038284057552585,0.01108792741457254,0.010837510029367989,66.17260514018692,0.040250914793517945,-0.20000000000000018,-0.019999999999999574,1
2006-03-03,0.0005781708472574199,1.00167687936539,0.00529597498736973,0.008709198653101824,0.0033996277064759477,66.33728111603574,0.040250914793517945,-0.20000000000000018,0.009999999999999787,0
2006-03-06,-0.0024873007531966973,1.004235487742951,0.0053277778693450635,0.006873147098653387,0.008075361842640466,61.47345404851384,0.040250914793517945,0.0,0.0,0
2006-03-07,-0.010487017792820463,1.003998291845204,0.007330599358286144,-0.002508806976575517,0.012651481253074841,50.38508582104598,0.040250914793517945,0.0,0.0,1
2006-03-08,0.003112966006218798,1.004277130294249,0.007515600208267852,0.0009302870924592366,0.00527818806697119,51.826741750461665,0.040250914793517945,0.0,-0.25,0
2006-03-09,-0.001928409183361568,1.0023922142052675,0.005117808468793734,-0.0014998734106841383,0.0038585621806228898,46.459893618913775,0.040250914793517945,0.0,0.0,1
2006-03-10,0.0005836261812222077,1.0001117708205685,0.005118560620933516,0.0027752857556775368,0.005205635253038731,47.84810521414233,0.040250914793517945,0.09999999999999964,0.0,1
2006-03-13,0.004703016672284788,0.9990591894349613,0.005971190999951044,0.00987282156812297,0.004053627460150819,54.07922084898371,0.03645833333333326,0.09999999999999964,0.009999999999999787,1
2006-03-14,0.004338824801669361,1.000788079973064,0.0027983200089512755,0.007451703172924207,0.007076815133652621,58.2386873037613,0.03645833333333326,0.09999999999999964,-0.009999999999999787,1
2006-03-15,0.004333470637763348,1.0024232481370774,0.002951075635015444,0.012674545650016134,0.005347272492052566,61.1086832942514,0.03645833333333326,0.09999999999999964,-0.040000000000000036,1
2006-03-16,0.008607720195024537,1.0058305745896499,0.002841891344707209,0.011286164269635801,0.012403614936193042,70.30571245939706,0.03697916666666656,0.09999999999999964,0.08000000000000007,1
2006-03-17,0.0014021247869520082,1.0094748901723332,0.0025694562003659525,0.012118936004504643,0.004354287422862781,73.74432814251116,0.03697916666666656,0.09999999999999964,0.04999999999999982,0
2006-03-20,-0.0023839902082554154,1.0117806459734622,0.0040688032190347315,0.012223759290366676,0.0034482964780291774,67.40163680349451,0.03697916666666656,0.09999999999999964,-0.04999999999999982,0
2006-03-21,-0.004516314745973471,1.0124726462972415,0.005240195494605831,0.01833149874640183,0.0065285481467872815,63.169256763525375,0.03697916666666656,0.09999999999999964,-0.009999999999999787,0
2006-03-22,-0.002391667796437291,1.0119183583359583,0.005190286981761988,0.012743352465503177,0.0031456766881118904,53.205089007956836,0.03697916666666656,0.09999999999999964,0.040000000000000036,0
2006-03-23,-0.008859292995495593,1.0083263770197377,0.0037465605817268415,0.005710583902572397,0.010268878345421015,44.89002112793186,0.03697916666666656,0.09999999999999964,0.05999999999999961,1
2006-03-24,0.005259353676723144,1.005053142559998,0.005116350680952726,0.010410269672583405,0.007565011913997342,51.25146077254787,0.03697916666666656,0.09999999999999964,0.05000000000000071,0
2006-03-27,-0.001993821520633321,1.0018518178255376,0.0051230277656209655,0.0036753898402606122,0.0042549500231203055,59.23529197611766,0.03697916666666656,0.09999999999999964,0.07999999999999918,0
2006-03-28,0.0,0.9999008919963256,0.005076658804812625,-0.0006605688688174904,0.00891037410430528,56.793315210365975,0.03697916666666656,0.09999999999999964,-0.0699999999999994,1
2006-03-29,0.0016602552771514123,0.9986397433001164,0.00523892050227648,-0.0033204916891420577,0.005318120659866292,60.31934386179217,0.03697916666666656,0.09999999999999964,-0.009999999999999787,1
2006-03-30,0.011389291644203103,1.0013610238806263,0.0052647928742347895,-0.0005718162538965732,0.012154226743766258,67.24855607887194,0.03697916666666656,0.09999999999999964,0.0699999999999994,0
2006-03-31,-0.004349367619876587,1.0024037968672892,0.006049167045016543,-0.006311971450001286,0.0071321627152105965,59.97750154676866,0.03697916666666656,0.09999999999999964,0.2400000000000002,1
2006-04-03,0.0019786799668910504,1.004017814561581,0.0057553665780622765,-0.001966478712309261,0.009144407634530088,58.41040182492844,0.03697916666666656,0.09999999999999964,-0.1299999999999999,1
2006-04-04,0.009967352273826391,1.0066066432156564,0.006507677888228778,0.012554286832171524,0.012226915179258146,62.071748824289095,0.03697916666666656,0.09999999999999964,-0.11000000000000032,1
2006-04-05,0.002285588270126926,1.0093588658432049,0.0064541544947743605,0.017301616548584642,0.00488176696273594,58.00016527002255,0.03697916666666656,0.09999999999999964,0.0,0
2006-04-06,-0.006021567047097998,1.008827294432554,0.006338029837042945,0.020214243559285805,0.010395399984266843,51.442676118548064,0.03697916666666656,0.09999999999999964,0.0,0
2006-04-07,-0.00974850569175234,1.0077290803113341,0.007734766728475451,0.004983117544836935,0.011159968917787864,46.01986263977918,0.03697916666666656,0.0,0.0,1
2006-04-10,0.0014049877409767486,1.0066794637582483,0.007696531974359756,0.008405687466075173,0.0037994140105397003,50.24269645847275,0.030538302277432816,-0.09999999999999964,0.020000000000000462,1
2006-04-11,0.002976206001209958,1.0042951390005375,0.0057178308598831796,0.011406910524765834,0.004780339316362609,54.19017557989458,0.030538302277432816,-0.09999999999999964,-0.040000000000000036,0
2006-04-12,-0.0027982952733381916,1.0012458683276804,0.005236881212183074,0.0069049760475499156,0.00751025342123489,59.466466588988204,0.030538302277432816,-0.09999999999999964,0.040000000000000036,1
2006-04-13,0.00016965207744079613,0.9998722134561854,0.005023378705178836,-0.0042649176843357894,0.004451332575997437,55.88327906518061,0.030538302277432816,-0.09999999999999964,0.040000000000000036,0
2006-04-14,-0.00033914821160563324,1.0004830491300558,0.002145140511458274,-0.00025435813389096396,0.0014043944386806979,57.54411094008323,0.030538302277432816,-0.09999999999999964,-0.020000000000000462,1
2006-04-17,0.01172707249063043,1.002451185644192,0.005630540820259011,0.009472308845820177,0.012977604434343986,64.97820598358174,0.030538302277432816,-0.09999999999999964,-0.019999999999999574,1
2006-04-18,0.009225829403872954,1.0049919236149272,0.006440527488442784,0.008731149439123786,0.011484700031433637,68.5843099516195,0.030538302277432816,-0.09999999999999964,-0.0600000000000005,1
2006-04-19,0.0008912462670749299,1.0081026179193582,0.005692542765174602,0.007327840613864156,0.008235290605281484,63.49820485485669,0.034161490683229934,-0.09999999999999964,-0.019999999999999574,0
2006-04-20,-0.005576067298419973,1.0098791067461432,0.007139605140356974,0.007779323548455341,0.006666838408365086,62.21142418094289,0.034161490683229934,-0.09999999999999964,0.03000000000000025,1
2006-04-21,0.002591620967879349,1.0123710291379449,0.006893943581597085,0.020337875157845575,0.0068070574161755056,62.58485915126733,0.034161490683229934,-0.09999999999999964,0.009999999999999787,1
2006-04-24,0.0038902300773622223,1.0130154660761075,0.0053514595663621215,0.022870104291714766,0.005812395472670647,58.840672569438205,0.034161490683229934,-0.09999999999999964,0.02999999999999936,1
2006-04-25,0.00323142861898984,1.01229667247029,0.003844550929437221,0.023130389215827662,0.005594559858817211,59.50762204926996,0.034161490683229934,-0.09999999999999964,-0.02999999999999936,1
2006-04-26,0.0016059542306881003,1.0117263073059144,0.0038525103248445904,0.027649155567609274,0.006428838457814195,67.0899863672787,0.034161490683229934,-0.09999999999999964,-0.009999999999999787,1
2006-04-27,0.006666989691795688,1.0138610145483367,0.0019117735858951558,0.034325006508457934,0.010612441280992549,83.5506457133966,0.034161490683229934,-0.09999999999999964,0.05999999999999961,1
2006-04-28,0.00830187336737076,1.0165147942780868,0.002702793374034652,0.04326566341717353,0.00894428510767284,85.49007450178746,0.034161490683229934,-0.09999999999999964,0.07000000000000028,0
2006-05-01,-0.004428179630241669,1.017798686098063,0.00496746573246685,0.026606803256337574,0.0096953416514868,78.49100568699068,0.034161490683229934,-0.09999999999999964,-0.020000000000000462,1
2006-05-02,0.0029397597987965707,1.01937580731805,0.004966891049920527,0.020212474421010374,0.008158598236608985,83.04140825659337,0.034161490683229934,-0.09999999999999964,-0.04999999999999982,1
2006-05-03,0.00047959518991347316,1.02081382506187,0.005071348254963819,0.01979287682177544,0.005626498134573966,83.1299698382232,0.034161490683229934,-0.09999999999999964,0.019999999999999574,1
2006-05-04,0.0061728196859345275,1.0215378756756228,0.004980960146517347,0.03184149196791197,0.011096859259387184,85.10391608848676,0.034161490683229934,-0.09999999999999964,0.020000000000000462,1
2006-05-05,0.002125513615732766,1.0204138950891926,0.003888286825935814,0.03136178627758124,0.006724821513734367,82.73677103830985,0.034161490683229934,-0.09999999999999964,0.0,0
2006-05-08,-0.0019689965694521527,1.019965341420831,0.0030150978285589125,0.025342221309608615,0.006926245888579652,76.40738408013917,0.028836251287332804,0.0,0.04999999999999982,1
2006-05-09,0.005042985686265267,1.0198390256874432,0.0033191333385039785,0.02719370432180468,0.008454183752769795,78.22355717657155,0.028836251287332804,0.0,-0.09999999999999964,1
2006-05-10,0.0005876900503625215,1.019567194724493,0.0033040567138154934,0.026149426828296685,0.005402565000572507,87.08847003660999,0.028836251287332804,0.0,0.09999999999999964,1
2006-05-11,0.006066057541320502,1.0189830452990691,0.0032737205627999385,0.0255368645926346,0.01315375857119337,87.96304660088593,0.028836251287332804,0.0,0.11000000000000032,1
2006-05-12,0.006064172933464063,1.018880542660685,0.003651999354849641,0.02326091495146021,0.007574584864678179,88.47548278130871,0.028836251287332804,0.0,0.019999999999999574,0
2006-05-15,-0.010820361367727127,1.0180953209904429,0.0071901724470193,0.016690952243188395,0.014935631246073158,72.48306203386257,0.028836251287332804,0.0,0.0,1
2006-05-16,0.004690260760491061,1.0174627922550676,0.007146948980724291,0.01846545412354539,0.006895676488490089,73.78982130355766,0.028836251287332804,0.0,-0.02999999999999936,0
2006-05-17,-0.008409680609141712,1.0154827720284547,0.008399576694448439,0.00941637370547288,0.01641245455953907,62.09632560675628,0.03501544799176104,0.0,-0.020000000000000462,1
2006-05-18,0.008558748706111619,1.0132943586436267,0.008941846626853846,0.011809994137614632,0.01089099138661141,62.31413039173783,0.03501544799176104,0.0,0.040000000000000036,0
2006-05-19,-0.006536709821734155,1.0090240559987573,0.008579677647896088,0.003064059495297089,0.012385189650492491,60.37429051506292,0.03501544799176104,0.0,0.0,1
2006-05-22,0.006734998940682635,1.0081728636605687,0.007889656526314176,0.01181194913020267,0.01392839841967854,62.41823381271041,0.03501544799176104,0.0,0.0,0
2006-05-23,-0.005445536886642066,1.0057175330392285,0.008008109611192228,0.0012527863688776009,0.008208506758838639,57.88538093099484,0.03501544799176104,0.0,-0.05999999999999961,0
2006-05-24,-0.0007025924486325774,1.0049380963983543,0.00689433087525468,-3.8353788220479856e-05,0.011898715985370874,53.86278546415993,0.03501544799176104,0.0,-0.040000000000000036,1
2006-05-25,0.002818131678924418,1.0032002338700912,0.005572625966371639,-0.003266572519774358,0.0057312581799339795,54.29815968091806,0.03501544799176104,0.0,0.10999999999999943,0
2006-05-26,-0.005541416708729541,1.0023569109951196,0.005320808913832454,-0.014764526082978846,0.009224648359234347,51.80443956987197,0.03501544799176104,0.0,-0.019999999999999574,1
2006-05-29,0.0009435479818431514,1.0000893164144695,0.003778780992203351,-0.003047523073124614,0.0024999195986965266,49.15847654260436,0.03501544799176104,0.0,0.0,1
2006-05-30,0.008941279375457523,1.0004030400621542,0.0052828958537176835,0.0011707556374156436,0.012212120793741057,54.294015895806716,0.03501544799176104,0.0,0.02999999999999936,0
2006-05-31,-0.0038064366854543286,1.000306165109673,0.005738543770637469,0.005818474667480977,0.007104053761432527,48.249969497492984,0.03501544799176104,0.0,0.03000000000000025,0
2006-06-01,-0.00039708288716933104,0.9998917059782846,0.005616644460014342,-0.003113023754489075,0.00733755263857012,43.76041307056122,0.03501544799176104,0.0,-0.03000000000000025,1
2006-06-02,0.008357872022265678,1.0019457144378054,0.005610652937357562,0.011832887990515628,0.010640842474853859,56.957404334313985,0.03501544799176104,-0.10000000000000053,-0.04999999999999982,0
2006-06-05,-0.0013158363427741016,1.0035123005202888,0.00588272567841837,0.0037412850124056707,0.00592985064490152,52.91029665565929,0.03554868624420404,-0.10000000000000053,0.040000000000000036,0
2006-06-06,-0.006128978455849254,1.0026253472563387,0.0055143230205403244,0.003051530409365011,0.009432155439645679,54.71886647141163,0.03554868624420404,-0.10000000000000053,-0.019999999999999574,0
2006-06-07,-0.001561752442806541,1.0022978282106965,0.005280337159598783,0.0021891427552886977,0.005466489270763534,46.771210179881415,0.03554868624420404,-0.10000000000000053,0.0,0
2006-06-08,-0.011953271922665931,1.0005623341281582,0.007461697060904674,-0.012572995906869,0.01399417437170268,42.8734073728633,0.03554868624420404,-0.10000000000000053,0.02999999999999936,0
2006-06-09,-0.0006320034840299193,0.9973610703411726,0.004789923724825306,-0.007698295970873237,0.005930972242065373,35.86916452156227,0.03554868624420404,-0.10000000000000053,-0.019999999999999574,0
2006-06-12,-0.004342231394865781,0.9932293854250092,0.004497972700550029,-0.012938439526626988,0.0061152022883230175,36.606007731825024,0.03554868624420404,-0.10000000000000053,0.009999999999999787,0
2006-06-13,-0.0031866981753087,0.9900888614048912,0.004493322865340781,-0.02480341194014113,0.0062117165931622085,35.119005947574834,0.03554868624420404,-0.10000000000000053,-0.009999999999999787,1
2006-06-14,0.005031116068947128,0.987581800961172,0.006166489509973417,-0.016152130090641648,0.007920864905012209,37.336935453335215,0.040185471406491535,-0.10000000000000053,0.0,1
2006-06-15,0.002452054191002695,0.9882583241680756,0.003893657449130477,-0.013347899133077434,0.004423291481148598,43.427126406223536,0.040185471406491535,-0.10000000000000053,-0.23000000000000043,1
2006-06-16,0.00039195751467246964,0.9887940664177477,0.003887942176005896,-0.021142340474107124,0.003959143031631098,42.891488124524756,0.040185471406491535,-0.10000000000000053,-0.07999999999999918,0
2006-06-19,-0.005132575104083492,0.9897592073867922,0.004121202760173073,-0.02488330694466323,0.0069538211428646695,29.558823529411768,0.040185471406491535,-0.10000000000000053,0.009999999999999787,1
2006-06-20,0.0007175276793505159,0.9911910774799347,0.003739721624409175,-0.01816599425838883,0.005644821847502124,32.72887557070379,0.040185471406491535,-0.10000000000000053,-0.03000000000000025,1
2006-06-21,0.0057100651249115675,0.9924473973439472,0.003943440898024255,-0.011015108573667609,0.006946385085232943,39.63824970156012,0.040185471406491535,-0.10000000000000053,-0.009999999999999787,0
2006-06-22,-0.006002951196786399,0.9924599777323461,0.004793916481578569,-0.005059137940085168,0.00969051872592834,25.963162911045274,0.040185471406491535,-0.10000000000000053,0.07000000000000028,0
2006-06-23,-0.0048468223040214475,0.9913946975121951,0.005018253051019124,-0.009255285390081802,0.008144793968161744,24.412986050785292,0.040185471406491535,-0.10000000000000053,0.0,1
2006-06-26,0.005199292737038341,0.9921697053203009,0.00546714421704442,0.00023915627560278097,0.007309898465741361,33.89099123609772,0.040185471406491535,-0.10000000000000053,0.04999999999999982,0
2006-06-27,-0.0015962350178377882,0.9930114790662331,0.005505458777384893,0.001835085547216675,0.0041257185152193485,33.887694468809144,0.040185471406491535,-0.10000000000000053,-0.010000000000000675,0
2006-06-28,-0.0018317241766535597,0.9922541310045093,0.0043583058566241785,-0.005005930650809787,0.005100194264609397,41.31646129414839,0.040185471406491535,-0.10000000000000053,0.040000000000000036,1
2006-06-29,0.009409362423457024,0.9940799411815359,0.00585106873157508,0.0018996170020531,0.011601727217035108,51.63930951811744,0.040185471406491535,-0.10000000000000053,0.020000000000000462,1
2006-06-30,0.009395545578355202,0.9987073142924312,0.005591776537234862,0.010916774092218695,0.010555579594939694,62.83442984159936,0.040185471406491535,-0.10000000000000053,-0.03000000000000025,1
2006-07-03,0.0014080758404437788,1.0024553276763148,0.005664601149014211,0.017562939790122245,0.004372409899831844,67.11471139754117,0.040185471406491535,0.0,0.20000000000000018,0
2006-07-04,-0.0008569372103052197,1.006079641627995,0.005510540691294572,0.01596197140753608,0.0031265608920685454,63.05660929180322,0.040185471406491535,0.0,0.0,0
2006-07-05,-0.004380540628002083,1.0093263459891202,0.006202124173710144,0.005768505050855133,0.009853359498118431,56.5456030601267,0.040185471406491535,0.0,0.0,1
2006-07-06,0.0032961862535272335,1.010590464066812,0.005131741850091647,0.015177767968612255,0.0046973795148233894,58.676122782144105,0.040185471406491535,0.0,-0.009999999999999787,1
2006-07-07,0.003757493058855088,1.010507356463913,0.0033470345163116606,0.02395522038574316,0.006629779609095849,66.52261191294055,0.040185471406491535,0.0,-0.020000000000000462,0
2006-07-10,-0.006155878649376723,1.0089888815361268,0.004445091614071481,0.01238817382740831,0.006896542048207421,59.649868187926984,0.040185471406491535,0.0,0.020000000000000462,1
2006-07-11,0.0017618998625050786,1.0077511736034226,0.0045983586484348565,0.01579334532036336,0.005406653528334885,57.02087539971243,0.040185471406491535,0.0,0.009999999999999787,0
2006-07-12,-0.004347470065042103,1.0069948049656363,0.004591119518683797,0.013233177867802093,0.007470196439749333,58.6042335202947,0.040185471406491535,0.0,0.019999999999999574,0
2006-07-13,-0.0011808422597486823,1.0055224268488119,0.004117396767411369,0.002602855676542948,0.00463694290001214,62.49782561894509,0.040185471406491535,0.0,-0.009999999999999787,0
2006-07-14,-0.004172478728019735,1.0026871706061047,0.0031213414123277194,-0.01087386311328098,0.005377907333040307,54.037826741672696,0.040185471406491535,0.0,0.0,0
2006-07-17,-0.009964322019372585,0.999350527670582,0.004358654004668012,-0.022106782273412895,0.01014745942116142,46.75680636094607,0.040185471406491535,0.0,0.020000000000000462,0
2006-07-18,-0.0012752294932174557,0.9955040859720071,0.003567870420835195,-0.022516178286577482,0.005718446327920649,47.180611952840046,0.040185471406491535,0.0,-0.0600000000000005,1
2006-07-19,0.007761075508817106,0.9939647003626021,0.006409993295197585,-0.010595726921875048,0.011264793225531084,45.71555312261096,0.042246264811952594,0.0,0.010000000000000675,1
2006-07-20,0.0026907353661105304,0.9927661928745407,0.006724527807488861,-0.011192794570847098,0.0048303831467951825,38.85006308209177,0.042246264811952594,0.0,0.009999999999999787,1
2006-07-21,0.005781286094113103,0.9930316630379346,0.0070147067488060735,-0.009199144561359063,0.005899482500547447,43.474237155432085,0.042246264811952594,0.0,-0.009999999999999787,0
2006-07-24,-0.006450870201815229,0.9945670476505137,0.0056934996896247396,-0.009493232815466768,0.007364158263537431,39.610277196574664,0.042246264811952594,0.0,0.009999999999999787,0
2006-07-25,-0.0031711632083877284,0.995800734198626,0.005996382012202981,-0.014370871259629991,0.008173756844659307,40.41961535005764,0.042246264811952594,0.0,0.0,1
2006-07-26,0.010246657350834631,0.9969402803393902,0.006722676615808556,7.633462511402733e-05,0.012664204203353797,46.37728633986883,0.042246264811952594,0.0,0.0,0
2006-07-27,-0.0013331284145767786,0.9978078635494722,0.006832237315090649,-7.614320668802854e-05,0.006532570553790117,42.370855317019924,0.042246264811952594,0.0,0.02999999999999936,1
2006-07-28,0.004335329044451219,0.9986432575326851,0.0066069192389623345,0.008466661424618938,0.008382677296092945,50.368982095151146,0.042246264811952594,0.0,-0.009999999999999787,1
2006-07-31,0.0018011761775800217,1.0011131362610868,0.005259403313752901,0.02045119183152222,0.0028185982879182798,50.4001134617381,0.042246264811952594,0.0,0.04999999999999982,1
2006-08-01,0.0036024080756951182,1.004714301334568,0.00424868083841679,0.02543493832255339,0.008429813360569794,56.70420772488761,0.042246264811952594,0.0,-0.040000000000000036,0
2006-08-02,-0.0021874220073028194,1.0057300449318183,0.0029088269339555507,0.015311966534132582,0.004142418454436472,55.801765314753325,0.042246264811952594,0.0,-0.019999999999999574,1
2006-08-03,0.0005502909039942772,1.007261743937298,0.0025969461710859823,0.013144579522927469,0.006568284743586722,60.029119310513956,0.042246264811952594,0.0,0.019999999999999574,1
2006-08-04,0.0062463949224860205,1.009058575856411,0.003173138781507315,0.013613093398527898,0.010017347827930132,74.83029791142198,0.03690415171706829,0.20000000000000018,-0.019999999999999574,0
2006-08-07,-0.0046533313068591875,1.009473660455408,0.004364732617580367,0.015446932214521425,0.006481586960757008,70.56216334919513,0.03690415171706829,0.20000000000000018,-0.009999999999999787,0
2006-08-08,-0.004059930896178288,1.0086405758454864,0.004440525172513524,0.014541564724428468,0.008292835102145927,61.567669747130445,0.03690415171706829,0.20000000000000018,0.019999999999999574,1
2006-08-09,0.008458852405854866,1.009299945268453,0.005925552920090022,0.01274615920330735,0.009867115962037787,65.12737595839326,0.03690415171706829,0.20000000000000018,-0.2599999999999998,0
2006-08-10,-0.006370830343066736,1.0088236391377008,0.006878679728065021,0.0076374353390724625,0.012277580270142734,55.37514773366972,0.03690415171706829,0.20000000000000018,-0.009999999999999787,0
2006-08-11,-0.005306335211664459,1.006082104913192,0.006122925969668966,-0.0020359292857446976,0.006283252519750918,56.35612666360716,0.03690415171706829,0.20000000000000018,0.0,0
2006-08-14,-0.0001654399658552741,1.0037626353483575,0.006035842517741771,-0.003995012883074356,0.0038510040616329304,59.17997725833835,0.03690415171706829,0.20000000000000018,0.019999999999999574,1
2006-08-15,0.0053466751605319995,1.0030013388645866,0.0064834510433429944,-0.0022639501620388414,0.007188440861091915,55.60720451618207,0.03690415171706829,0.20000000000000018,-0.019999999999999574,1
2006-08-16,0.004071160261569062,1.0015415753088808,0.0053093648905146815,0.003994152099101145,0.006935319729396481,60.058011941525,0.04151717068170169,0.20000000000000018,-0.07000000000000028,0
2006-08-17,-0.0008596982164092992,1.001372774552646,0.0042479347869874015,0.0025793098425170857,0.005611240726974367,55.893527546268984,0.04151717068170169,0.20000000000000018,0.03000000000000025,0
2006-08-18,-0.00030786993210696334,1.00250718868492,0.0028700884101871714,-0.0039510691656473584,0.004685078634160557,54.04685436962495,0.04151717068170169,0.20000000000000018,0.04999999999999982,1
2006-08-21,0.003501449497313125,1.0038781033660023,0.002767432259133734,0.004209465205607277,0.007843109292077316,53.97105106543446,0.04151717068170169,0.20000000000000018,-0.009999999999999787,0
2006-08-22,-0.0047404995309136,1.0033116556098414,0.0035911890479249867,0.0035232457372629256,0.007445014915152045,51.428123786622706,0.04151717068170169,0.20000000000000018,0.0,0
2006-08-23,-0.002415547487499392,1.0020752180539552,0.0030311121151542554,-0.007297932588842926,0.005202444173151534,48.75720449230972,0.04151717068170169,0.20000000000000018,0.009999999999999787,0
2006-08-24,-0.0014931680728599295,1.0007221349419213,0.0030388689112661247,-0.0024248214044768623,0.006493490722984188,41.175180329519385,0.04151717068170169,0.20000000000000018,0.0,0
2006-08-25,-0.00038270083854174963,0.9995890611910532,0.0030342277881948453,0.0025130761744247554,0.00391696669770001,44.903024931964524,0.04151717068170169,0.20000000000000018,0.0,1
2006-08-28,0.002775900296344558,0.9982590409830274,0.0027641134395402166,0.005462296167613401,0.004844983724406979,52.154105419330904,0.04151717068170169,0.20000000000000018,0.0,1
2006-08-29,0.002860937169622657,0.9984908056570153,0.002436156443264024,0.002976272301655314,0.00670036610975859,45.584557011359855,0.04151717068170169,0.20000000000000018,-0.019999999999999574,1
2006-08-30,0.0009245665223289734,0.9992355284462501,0.0019190212500291317,-0.00016689023894445043,0.002731032562025669,55.33196582283849,0.04151717068170169,0.20000000000000018,0.019999999999999574,0
2006-08-31,-0.0024850186831294474,0.9999317318980763,0.0022549126367507055,-0.0017933377095331604,0.006866647147477771,60.14184029428117,0.04151717068170169,0.20000000000000018,0.05999999999999961,1
2006-09-01,0.0021051687196869118,1.001332373112064,0.0022198050792468374,0.0006161153472010739,0.0066271023018867154,62.88039564679828,0.04151717068170169,0.10000000000000053,-0.05999999999999961,1
2006-09-04,0.0016328612443141655,1.0021910873854742,0.002075797867899333,-0.0012471002164993195,0.002559622534024454,58.41934963457658,0.04151717068170169,-0.09999999999999964,0.0,0
2006-09-05,-0.002564814842287322,1.0018885698115976,0.0022735653147410995,0.0009362212094765621,0.005072264783655567,47.435856410518966,0.0362060173380927,-0.09999999999999964,0.009999999999999787,0
2006-09-06,-0.0003845681189403871,1.0017655225630666,0.0022036289090256516,0.0029740244344564903,0.004526574655329461,48.22677038294992,0.0362060173380927,-0.09999999999999964,-0.04999999999999982,0
2006-09-07,-0.006786235218026682,1.0008014086647607,0.0036291498504915473,-0.0023427232195817327,0.009388497258064062,39.316461470727084,0.0362060173380927,-0.09999999999999964,0.020000000000000462,0
2006-09-08,-0.004638305083793592,0.9984583669153049,0.00333512870322096,-0.006589983191907844,0.006235707309401083,28.4287910968943,0.0362060173380927,-0.09999999999999964,0.0,1
2006-09-11,0.0029233728826170147,0.9962134059705727,0.003762184156375035,-0.006443887993205499,0.006441411415492608,38.40638854617188,0.0362060173380927,-0.09999999999999964,0.009999999999999787,0
2006-09-12,-0.0011806471781097283,0.9945716016829502,0.003787755921875745,-0.010447973387351595,0.004144849629944933,39.85149629162774,0.0362060173380927,-0.09999999999999964,-0.03000000000000025,1
2006-09-13,0.00015230960806000837,0.9932305957386452,0.003852525288800795,-0.011211455891568245,0.003298662668037307,42.008357158566085,0.0362060173380927,-0.09999999999999964,0.04999999999999982,1
2006-09-14,0.0020484494248089735,0.993512378186426,0.0029823103049604676,-0.006717647363206347,0.005705624980733736,46.01500783283995,0.0362060173380927,-0.09999999999999964,0.0,0
2006-09-15,-0.005655029078121099,0.993857035823594,0.003374642836695286,-0.014409522194449575,0.007951607009354865,34.764442275838164,0.0387557368689444,-0.09999999999999964,-0.009999999999999787,1
2006-09-18,0.004421977741983385,0.9944552662251835,0.0037794656832127863,-0.011665076831327115,0.005978306043112851,37.37420554111957,0.0387557368689444,-0.09999999999999964,-0.019999999999999574,0
2006-09-19,-0.0023578307694241962,0.9946987150568664,0.003902738198800193,-0.01145998121128644,0.0058432943169145785,33.66119699148061,0.0387557368689444,-0.09999999999999964,-0.020000000000000462,1
2006-09-20,0.0008626849814670212,0.9949202260750125,0.003935116453122697,-0.01022654726860428,0.004178733987164834,37.40522952002798,0.0387557368689444,-0.09999999999999964,0.020000000000000462,1
2006-09-21,0.007336367134044952,0.995756071649142,0.005181989697424601,0.003847136954480135,0.00895649013258314,44.974328228048186,0.0387557368689444,-0.09999999999999964,0.009999999999999787,1
2006-09-22,0.0014847737242711379,0.9979240855915308,0.003683793600453328,0.010022414908430255,0.004149414691688448,44.774097835505415,0.0387557368689444,-0.09999999999999964,0.02999999999999936,0
2006-09-25,-0.004295073545614092,0.9987064666196481,0.004442431393861798,0.0027528737944628734,0.006597607400409679,43.036124407951746,0.0387557368689444,-0.09999999999999964,0.03000000000000025,0
2006-09-26,-0.004554544349143708,0.9994195187589957,0.004894471665217619,-0.000634310359091006,0.007479465085900953,39.348685159367335,0.0387557368689444,-0.09999999999999964,-0.04999999999999982,1
2006-09-27,0.0014992568549470064,1.0002321760355903,0.004925279159360755,0.000711577513549777,0.003069269569384688,47.64063532654004,0.0387557368689444,-0.09999999999999964,0.04999999999999982,0
2006-09-28,-0.0001905510330567628,0.9994299927560332,0.003014332532944649,-0.0015244358064954167,0.0038521916747579488,53.08786083206177,0.0387557368689444,-0.09999999999999964,-0.019999999999999574,0
2006-09-29,-0.00326682294641667,0.997945369230508,0.0026826440649887753,0.0008736911358606658,0.005611992334949958,45.20183287098105,0.0387557368689444,-0.09999999999999964,0.05999999999999961,1
2006-10-02,0.006307265924401229,0.998347954418708,0.004285827025780367,0.0027523192262510765,0.007380777029075159,54.154113153688776,0.0387557368689444,0.0,-0.009999999999999787,0
2006-10-03,-0.0005475870245170711,0.9994520142566754,0.0035407376908174045,0.00457183545116191,0.0034560972863163317,53.33521669073179,0.026196473551637123,0.0,-0.08000000000000007,0
2006-10-04,-0.0017289379182108267,0.9999783880297727,0.0036644703993602987,0.001970608117789263,0.0052696877430108745,49.11363435204269,0.026196473551637123,0.0,-0.019999999999999574,0
2006-10-05,-0.0013711052738230034,0.9999952070714436,0.003726560340386438,-0.006690482366318418,0.003824590716397833,54.35190734836948,0.026196473551637123,0.0,0.0,0
2006-10-06,-0.007209547401365701,0.9993523473746323,0.00481632238944422,-0.015313830568950526,0.009515002713991798,40.58228549126659,0.026196473551637123,-0.10000000000000053,-0.010000000000000675,0
2006-10-09,-0.0002393836292431395,0.9975615284157218,0.00285381987424082,-0.01130302208337619,0.0020665144436531405,42.68586066842645,0.026196473551637123,-0.10000000000000053,0.0,0
2006-10-10,-0.005476490323596206,0.9950035509465368,0.002980473021657493,-0.01221871785914086,0.007071251008435904,36.50366990267228,0.026196473551637123,-0.10000000000000053,0.0600000000000005,0
2006-10-11,-0.000638759305885972,0.9927021257098819,0.003150484663354956,-0.014327448674596122,0.004075157350398616,23.916929738621377,0.026196473551637123,-0.10000000000000053,-0.28000000000000025,1
2006-10-12,0.002876301703088835,0.9912018403183682,0.0041189136352038766,-0.011303959984726775,0.0038329282170676544,26.46065786889386,0.026196473551637123,-0.10000000000000053,0.0,0
2006-10-13,-0.004376774262130012,0.9902104438283907,0.003374388506989921,-0.012404961231318734,0.007273338420103955,26.460905349794245,0.026196473551637123,-0.10000000000000053,-0.040000000000000036,1
2006-10-16,0.0028844734906419145,0.9899130333677764,0.0039265910346670254,-0.015764107031792096,0.004060468731909826,35.046573682204254,0.026196473551637123,-0.10000000000000053,0.07000000000000028,1
2006-10-17,0.00031358677684689695,0.9906356053581341,0.003001315476058246,-0.014916044478355484,0.003661990059783268,32.97359721826484,0.026196473551637123,-0.10000000000000053,-0.07000000000000028,0
2006-10-18,-0.0004765518890887943,0.9914572811219982,0.0029906815453265793,-0.013680202400718877,0.004508818654526531,32.72735008296398,0.021158690176322326,-0.10000000000000053,0.020000000000000462,1
2006-10-19,0.007020774258834184,0.9931228150294118,0.004223011774738312,-0.005391761153084373,0.008319214648010931,46.651664591911654,0.021158690176322326,-0.10000000000000053,-0.010000000000000675,0
2006-10-20,-0.0008705342518078307,0.9956048938704701,0.0032769323643477974,0.0009588586460949067,0.003080942538238942,36.13736204583112,0.021158690176322326,-0.10000000000000053,0.03000000000000025,0
2006-10-23,-0.005158495245969452,0.9965274581065512,0.004383127807517102,-0.003966148669461322,0.0066587630640245,32.03716248460681,0.021158690176322326,-0.10000000000000053,-0.009999999999999787,1
2006-10-24,0.0006405451396263029,0.997255249266901,0.0043883205212351326,0.0021601764821095326,0.0039773993581183826,34.55020617594478,0.021158690176322326,-0.10000000000000053,0.0,1
2006-10-25,0.004541788938419833,0.9988329342304073,0.00474535217909401,0.0073552340162417185,0.0049992795133762475,42.61296372657258,0.021158690176322326,-0.10000000000000053,0.019999999999999574,1
2006-10-26,0.006182011456918435,0.9999334368692576,0.004498060530202144,0.01067570735577883,0.006814448915580055,58.592191831601546,0.021158690176322326,-0.10000000000000053,-0.02999999999999936,1
2006-10-27,0.003861182977964228,1.0016263788156003,0.004486234108997212,0.019038211409085015,0.007024354175331577,62.4617398140095,0.021158690176322326,-0.10000000000000053,0.0,0
2006-10-30,-0.0019713431645104196,1.0043695764641283,0.00327550196542683,0.014104180770467156,0.002518607655198769,67.67046895951871,0.021158690176322326,-0.10000000000000053,0.03999999999999915,1
2006-10-31,0.0038556161998120064,1.0075397486056084,0.0030926742160301323,0.017695041570243708,0.007746976183426524,71.41962610341938,0.021158690176322326,-0.10000000000000053,0.040000000000000036,0
2006-11-01,-0.0009820044899370162,1.0095680062794006,0.0034957713971014628,0.017180399711061334,0.003720648533863715,67.8800804899541,0.021158690176322326,-0.10000000000000053,-0.07999999999999918,1
2006-11-02,0.002006409819042654,1.0105926183372322,0.002714982173194525,0.012115446379867167,0.0034414804214323406,76.73110744996629,0.021158690176322326,-0.10000000000000053,-0.010000000000000675,0
2006-11-03,-0.00571820231129061,1.009608318695341,0.0037034151820971146,0.007204771747475247,0.0072377608666325055,65.04094214490146,0.019105077928607272,-0.2999999999999998,0.03000000000000025,1
2006-11-06,0.0014635005770506915,1.0092307901405024,0.003695174424273314,0.013909061586173666,0.0031754644086252576,65.9464524483844,0.019105077928607272,-0.1999999999999993,-0.009999999999999787,1
2006-11-07,0.004204319373517951,1.0084354871743044,0.0037853745533974388,0.017520091547672756,0.007275378258381294,69.55791992944435,0.019105077928607272,-0.1999999999999993,-0.020000000000000462,0
2006-11-08,-0.0014929306413192789,1.0075824450630801,0.003831696867439196,0.011407405657591685,0.004159624419286106,62.201620827834645,0.019105077928607272,-0.1999999999999993,0.0,1
2006-11-09,0.005684776441674977,1.0073270899895896,0.004572503532356871,0.010907588357100373,0.007251200683716221,67.85205140053682,0.019105077928607272,-0.1999999999999993,0.010000000000000675,1
2006-11-10,0.0016710173065668243,1.0082592066756502,0.0027642643193787867,0.008702049250182364,0.0047116266370686045,76.92615743193134,0.019105077928607272,-0.1999999999999993,0.0,0
2006-11-13,-0.002180346867126315,1.008709201469907,0.0034397529921382846,0.00849081036271615,0.006271575765360513,72.90716898976092,0.019105077928607272,-0.1999999999999993,0.03999999999999915,0
2006-11-14,-0.0009353874431671239,1.0081909903218211,0.003219368833142135,0.003677684781320689,0.005463799155911827,68.40514402425205,0.019105077928607272,-0.1999999999999993,-0.019999999999999574,1
2006-11-15,0.0008591405766094073,1.008079420445499,0.0030114613783500167,0.005527417444839422,0.004054804319882168,63.90772683861063,0.019105077928607272,-0.1999999999999993,0.040000000000000036,0
2006-11-16,-0.0024180290117006287,1.0068130803343511,0.0018167153515377802,0.0010874313254656265,0.003592321708183727,55.61968080202507,0.014077425842131674,-0.1999999999999993,-0.040000000000000036,1
2006-11-17,0.004381898254200989,1.0058270710380344,0.0028016844819789876,0.011256664791009285,0.006612264565169575,63.65528089666021,0.014077425842131674,-0.1999999999999993,-0.04999999999999982,0
2006-11-20,-0.0024866961062541826,1.0046508832314578,0.002862378751528068,0.007267839715581426,0.0033514815730359233,55.47340038081607,0.014077425842131674,-0.1999999999999993,0.04999999999999982,1
2006-11-21,0.002183759436591659,1.004024832026191,0.0029777646065472846,0.005241115668075835,0.004009079774117373,59.50315291579773,0.014077425842131674,-0.1999999999999993,0.040000000000000036,1
2006-11-22,0.0072328988415872875,1.0045401182171068,0.004257203824705565,0.014025793146784205,0.008655441722258404,64.46742376884073,0.014077425842131674,-0.1999999999999993,-0.03000000000000025,1
2006-11-23,0.0010103205450608943,1.0059974766033344,0.0036442365315318514,0.009312567930364946,0.010191306041345622,75.04745751973233,0.014077425842131674,-0.1999999999999993,0.0,1
2006-11-24,0.01027174821929644,1.0083225641497728,0.005085794760260454,0.017978912122839974,0.01184133556001982,79.77818547343932,0.014077425842131674,-0.1999999999999993,-0.019999999999999574,1
2006-11-27,0.003664175325049701,1.0115982958757117,0.003818676749612622,0.023941513004060333,0.004344740277299088,79.59031946869493,0.014077425842131674,-0.1999999999999993,0.08000000000000007,1
2006-11-28,0.0054003129229631686,1.015444583661812,0.0035110065570849933,0.030434973524329445,0.006669036298614433,84.15383035154201,0.014077425842131674,-0.1999999999999993,-0.08000000000000007,0
2006-11-29,-0.00423364811760063,1.0171392180984054,0.005364646524619609,0.02519169065811111,0.005638853352458028,74.91049276977347,0.014077425842131674,-0.1999999999999993,0.019999999999999574,1
2006-11-30,0.007831362988094615,1.0199162393217494,0.005526281973471451,0.03572475141709619,0.009321822333995608,77.77192230529211,0.014077425842131674,-0.1999999999999993,0.04999999999999982,1
2006-12-01,0.006790548001955887,1.021373165862543,0.004802947533794289,0.03820856575662224,0.009260557399112716,83.15288036697304,0.014077425842131674,-0.1999999999999993,-0.040000000000000036,0
2006-12-04,-0.0003734174992607864,1.0220997498464186,0.005175494276815989,0.040408059179964484,0.005136207514261135,83.91072855558791,0.019716885743174872,0.0,-0.04999999999999982,0
2006-12-05,-0.0012786214915677663,1.0217467286631747,0.005288562110992938,0.03681361954981788,0.004693117465145536,81.8380878477531,0.019716885743174872,0.0,-0.009999999999999787,0
2006-12-06,-0.002431452828418834,1.0218085128172338,0.0048196579001661246,0.02686544227412968,0.005939126710162542,81.6934765169027,0.019716885743174872,0.0,0.009999999999999787,0
2006-12-07,-3.9836426607986475e-05,1.0205695082903146,0.0036185837445941865,0.025788160770595647,0.003383001047811538,80.21138079765029,0.019716885743174872,0.0,0.03000000000000025,1
2006-12-08,0.00813018488606776,1.019273211897296,0.004200499660747708,0.023613705910664695,0.017179455640951656,86.10407077530037,0.019716885743174872,0.09999999999999964,0.0,0
2006-12-11,-0.010680287717433234,1.0163204300120192,0.006704081602067392,0.00898412229574741,0.009583433229171774,72.18328805767422,0.019716885743174872,0.09999999999999964,0.0,1
2006-12-12,0.0025639307126963384,1.0139776466764046,0.006918235310131068,0.006137629631943531,0.004749536644250014,70.26309690354324,0.019716885743174872,0.09999999999999964,-0.019999999999999574,0
2006-12-13,-0.005036052240416478,1.0114177205876522,0.007193412089158129,0.005326868171074084,0.006806382541606234,64.65566493081778,0.019716885743174872,0.09999999999999964,-0.25,0
2006-12-14,-0.004657326100849124,1.0080547012601795,0.00733239322910463,-0.007130786105654652,0.00806044970312548,54.27210542973395,0.019716885743174872,0.09999999999999964,0.05999999999999961,0
2006-12-15,-0.004375126455615663,1.002619435462783,0.004701141028403804,-0.01814206788942807,0.00888617284276444,47.986328400281884,0.019716885743174872,0.09999999999999964,-0.020000000000000462,1
2006-12-18,0.0005373038975009514,0.999324185943944,0.0035000168995561573,-0.017247534827775857,0.004730628676347193,43.73664069765669,0.019716885743174872,0.09999999999999964,-0.05999999999999961,1
2006-12-19,0.007712955832033241,0.9967771965941686,0.005458988644724098,-0.00839972705004255,0.009793845885005148,53.56911218280404,0.019716885743174872,0.09999999999999964,0.0,0
2006-12-20,-0.0015163965795870205,0.9953717050295343,0.00504612616251508,-0.007490145419106975,0.006069374194546856,45.70284778746602,0.019716885743174872,0.09999999999999964,0.04999999999999982,0
2006-12-21,-0.00023738720040034078,0.9949134569937458,0.004482630399168849,-0.007686224319958801,0.005229726198452548,38.05213436032667,0.019716885743174872,0.09999999999999964,-0.009999999999999787,0
2006-12-22,-0.0035601163527727575,0.9952932692639178,0.00427446433262782,-0.019193118107155516,0.007451749290410057,35.76904651904184,0.019716885743174872,0.09999999999999964,-0.009999999999999787,0
2006-12-25,-7.876518691263268e-05,0.9957352211997601,0.004285130736745165,-0.00868281883040678,0.00449287332171788,36.60757126082413,0.019716885743174872,0.09999999999999964,0.0,0
2006-12-26,-0.0019796303352984657,0.9946198807589792,0.0014217270561731818,-0.013175410267810883,0.003741242828428317,36.95263557413053,0.019716885743174872,0.09999999999999964,0.04999999999999982,1
2006-12-27,0.0011549986974210835,0.9937688426116693,0.0018418910435769127,-0.0070350055672186995,0.00548640854588557,38.361546564330126,0.019716885743174872,0.09999999999999964,-0.1200000000000001,1
2006-12-28,0.001748664432903002,0.9936129565756079,0.0022089215249218377,-0.0006443176951058671,0.006843183246187225,29.714874343408923,0.019716885743174872,0.09999999999999964,0.08000000000000007,1
2006-12-29,0.0038010330599118625,0.9950748263366178,0.0021475113417659493,0.007562479551919132,0.005154682474757013,44.838484939968886,0.019716885743174872,0.09999999999999964,-0.08000000000000007,1
2007-01-01,0.0015862645853559343,0.9967732841742538,0.0020801619423954343,0.0086188054155234,0.0033337977636103996,43.400798718999596,0.019716885743174872,0.09999999999999964,0.0,1
2007-01-02,0.004314692544902021,0.9994511910839509,0.0014310843421143668,0.005217487374193253,0.005757450591288263,55.904072494980475,0.019716885743174872,0.09999999999999964,0.1299999999999999,0
2007-01-03,-0.007902610288505585,1.0005856258858135,0.004964171944171918,-0.0012117956669333019,0.01028827758872069,51.36344754579442,0.019716885743174872,0.09999999999999964,-0.019999999999999574,0
2007-01-04,-0.0059311098482164315,1.0004826859308025,0.005696396544037467,-0.006899968985855542,0.007637965758488449,49.45861030049009,0.019716885743174872,0.09999999999999964,-0.040000000000000036,0
2007-01-05,-0.008245532251191845,0.9988008142933585,0.005796625637214698,-0.011569680375771663,0.009237557467924548,40.76701263496857,0.020232675771370667,0.09999999999999964,-0.03000000000000025,1
2007-01-08,0.004238015577183729,0.9968813422431109,0.0064343217075200155,-0.007302507280681825,0.004142516689047324,36.28899225291616,0.020232675771370667,0.0,0.020000000000000462,0
2007-01-09,-0.00330119654319172,0.9937270209054773,0.005125336392210687,-0.008617025000875245,0.0044216772986384045,34.96762466483892,0.020232675771370667,0.0,0.019999999999999574,0
2007-01-10,-0.004386639945334392,0.9912583497512638,0.004720426652920773,-0.014104573094000705,0.0051857128222438246,32.221453864357414,0.020232675771370667,0.0,0.009999999999999787,0
2007-01-11,-0.0034687803321361566,0.9892284590875556,0.004531344580487653,-0.019239448853379693,0.009305667812776556,32.318035906605175,0.020232675771370667,0.0,0.009999999999999787,1
2007-01-12,0.0025598190136775223,0.9890048618661986,0.00396505354721946,-0.02045217302080249,0.00548895924069474,35.484912860196715,0.020232675771370667,0.0,-0.04999999999999982,1
2007-01-15,0.0006079377135401742,0.9880574604146342,0.003013753065000622,-0.021408973243856155,0.002937394380513432,37.53371493774587,0.020232675771370667,0.0,0.0,0
2007-01-16,-0.0012273931216959522,0.9879655363319927,0.002859467758065353,-0.026809108622841582,0.005802474318690439,35.32676950378813,0.020232675771370667,0.0,0.0600000000000005,1
2007-01-17,0.0015398405722018005,0.9888994864194705,0.002389156514393745,-0.017546603484521417,0.0036285249765449904,35.04257244513913,0.020232675771370667,0.0,-0.03000000000000025,1
2007-01-18,0.0016201091791079314,0.9907524772094404,0.0014336996716511387,-0.01008361892205889,0.005671695603826567,32.2152452252481,0.025796661608497917,0.0,-0.019999999999999574,1
2007-01-19,0.000622493081110731,0.9920171814683241,0.0011465758397920629,-0.0012320293101792945,0.006476500338536606,30.880923506186804,0.025796661608497917,0.0,0.019999999999999574,0
2007-01-22,-0.0014633458520487697,0.9929402359425389,0.0014826388527676912,-0.00690233564843401,0.0037963748996847906,23.525231400797807,0.025796661608497917,0.0,-0.009999999999999787,1
2007-01-23,0.005639008113403898,0.9948510861949263,0.002581514411401172,0.0020055674537842183,0.008292266677992873,37.32051651217454,0.025796661608497917,0.0,0.019999999999999574,0
2007-01-24,-0.00461484975627291,0.9958229797104143,0.0037946812212567823,0.0017758924511350749,0.0066307090581557045,38.50929190206362,0.025796661608497917,0.0,0.009999999999999787,0
2007-01-25,-0.0017727442480072186,0.9962967735890134,0.003816460684051894,0.003480854652293086,0.006255836114892328,45.31651407996667,0.025796661608497917,0.0,0.040000000000000036,0
2007-01-26,-0.0008532611859943806,0.9967112783517533,0.003782467023675941,6.463891054031556e-05,0.004179866382212374,37.280650276908126,0.025796661608497917,0.0,-0.04999999999999982,1
2007-01-29,0.0026313989076822697,0.997892364071963,0.003989930839415039,0.002087001428564328,0.0049282234917626755,46.021544335902114,0.025796661608497917,0.0,0.0,1
2007-01-30,0.0002333986046294534,0.9982047548542935,0.002660651896301115,0.0035526407449251174,0.002540674559484782,53.479188662454106,0.025796661608497917,0.0,-0.02999999999999936,1
2007-01-31,0.004401819348789582,0.9997013571091347,0.0025455044016989463,0.006420371256134594,0.008296202779143717,66.57935137506139,0.025796661608497917,0.0,0.09999999999999964,0
2007-02-01,-0.00031241658669367567,1.0012054776402282,0.002221267426630202,0.00447858386503075,0.002618783102769015,62.73016890741149,0.025796661608497917,0.0,-0.040000000000000036,0
2007-02-02,-0.0042263130381611225,1.001827178058028,0.0032720712463518427,-0.0003889080590463445,0.007445093755399451,53.4648704932201,0.025796661608497917,0.09999999999999964,-0.04999999999999982,0
2007-02-05,-0.002469989049142085,1.0017663708210356,0.0032543800975362025,-0.0013966344166731481,0.0038984757311105386,51.41125315195471,0.025796661608497917,0.09999999999999964,0.009999999999999787,1
2007-02-06,0.004025041836873244,1.0020946494042449,0.0038482113265234613,-0.002999309076942125,0.005776665825051071,54.86464980739538,0.025796661608497917,0.09999999999999964,-0.009999999999999787,1
2007-02-07,0.003008331994399427,1.001773490200903,0.0035110921920680715,0.004636245331912869,0.003983883588069256,56.60047528083624,0.025796661608497917,0.09999999999999964,-0.009999999999999787,1
2007-02-08,0.0013039479277616728,1.001538292954886,0.0035487773268490824,0.007732691013691229,0.005063736194620213,57.40730150600088,0.025796661608497917,0.09999999999999964,0.019999999999999574,0
2007-02-09,-0.002536301871848168,1.0018967790190736,0.0030522869776056396,0.006035187480372128,0.004454580173415549,55.76778619132157,0.019095477386934734,0.09999999999999964,0.0,0
2007-02-12,-0.003383369304621242,1.0022706082559525,0.003303873164338339,0.0,0.007172822838412114,43.53111454989183,0.019095477386934734,0.09999999999999964,0.03000000000000025,1
2007-02-13,0.0053300957936661675,1.002578766996483,0.003683360285650256,0.0050955079046017815,0.006522466349208992,57.29574188480884,0.019095477386934734,0.09999999999999964,-0.020000000000000462,1
2007-02-14,0.00827821945011098,1.0036066498034217,0.005008637327427603,0.00897458523562955,0.009138168369069288,67.90361178296428,0.019095477386934734,0.09999999999999964,0.009999999999999787,0
2007-02-15,-0.0003677911817029367,1.0043969962301942,0.005104780759965423,0.00891869621594088,0.003499748831624617,68.66703653252912,0.019095477386934734,0.09999999999999964,0.020000000000000462,1
2007-02-16,0.00022335153453223455,1.0057597959789262,0.004697016636282892,0.013427099920579,0.0033436270468487064,66.79789455865566,0.019095477386934734,0.09999999999999964,-0.04999999999999982,1
2007-02-19,0.0010653331114531817,1.007884476200504,0.003742971686944006,0.01701876257249446,0.0028767191950262072,67.48245794836409,0.019095477386934734,0.09999999999999964,0.0,0
2007-02-20,-0.00030246430001268365,1.0091822702961422,0.0036779893115362863,0.0126352514517869,0.0041756691452004965,63.04751428514544,0.019095477386934734,0.09999999999999964,0.02999999999999936,0
2007-02-21,-0.0006831759202927667,1.0084871185614885,0.0006851033611876297,0.008908312276717734,0.0037322278912721883,62.407313432100466,0.020869346733668248,0.09999999999999964,-0.03999999999999915,0
2007-02-22,-0.001063162350007918,1.0076179737544793,0.0008303301855112274,0.006523225070919736,0.004336738655910741,68.19246298788694,0.020869346733668248,0.09999999999999964,0.02999999999999936,1
2007-02-23,0.003344923582556003,1.0071659026554454,0.0017955976351314595,0.01245786712640995,0.005919374089397566,76.06503314834573,0.020869346733668248,0.09999999999999964,-0.019999999999999574,1
2007-02-26,0.0018998917800350235,1.0069180931325967,0.0019002454557654127,0.017825105725981283,0.003408676218043604,74.55231597225125,0.020869346733668248,0.09999999999999964,0.05999999999999961,1
2007-02-27,0.0028846397967894344,1.0071787663239675,0.002035157032197825,0.015349255735034761,0.007414868295636161,74.49266940818882,0.020869346733668248,0.09999999999999964,-0.03000000000000025,0
2007-02-28,-0.00023811111131133433,1.00775980598545,0.001935293732851849,0.006773200306752658,0.004089854240031532,72.87512631730908,0.020869346733668248,0.09999999999999964,0.14000000000000057,0
2007-03-01,-0.004451476437741131,1.0078649700815485,0.0031868891904168694,0.0026603427597482465,0.005994577390757161,68.5868398527194,0.020869346733668248,0.09999999999999964,-0.10000000000000053,0
2007-03-02,-0.0003818853641506248,1.007031048515556,0.0028254399779241855,0.00205363123341451,0.004258756588318717,75.27497107137319,0.020869346733668248,0.09999999999999964,-0.07999999999999918,0
2007-03-05,-0.005928321012017901,1.004803086786611,0.003546588758284563,-0.004946927349742891,0.008899512840484932,56.71901708778419,0.020356604721245564,0.0,0.03999999999999915,1
2007-03-06,0.003902031029148878,1.0027797621050143,0.003883083966277621,-0.0007619655519762736,0.004332469585696935,49.73014361848101,0.020356604721245564,0.0,-0.04999999999999982,1
2007-03-07,0.003083758719516938,1.001418435672264,0.004387208942860384,0.003004672089538696,0.005458549254668858,55.605695671031626,0.020356604721245564,0.0,0.020000000000000462,0
2007-03-08,-0.002772965454757248,1.0006027456954747,0.004087657505803396,0.0012879063864625895,0.004869244723722519,50.471435081789956,0.020356604721245564,0.0,0.0,0
2007-03-09,-0.001980534450405358,0.9994412610049427,0.004146086373224875,-0.004026633607753127,0.005490770566554053,45.83847034476685,0.020356604721245564,-0.09999999999999964,0.0,1
2007-03-12,0.00548613524080932,1.0001218527659352,0.0036922259830344363,-0.00046160380623916364,0.006561796517778824,53.97882968601332,0.020356604721245564,-0.09999999999999964,0.009999999999999787,1
2007-03-13,0.00015836824304527042,1.0003116851755238,0.003467147072093978,-0.003178778831444684,0.0044724714259272115,55.15427490913301,0.020356604721245564,-0.09999999999999964,0.0,1
2007-03-14,0.003414590852826249,1.0008088479686945,0.003524429617464214,0.0004631791916838157,0.004524534745189692,60.46564400471998,0.020356604721245564,-0.09999999999999964,-0.23000000000000043,1
2007-03-15,0.003626347090081916,1.0023885563656885,0.002997336080820576,0.008580879952946319,0.006321315152327756,60.771245156075146,0.020356604721245564,-0.09999999999999964,0.020000000000000462,1
2007-03-16,0.002636902745835945,1.0047707338874563,0.001932032232720853,0.01162673508880574,0.004880683852488364,61.49893813797356,0.024138623807132165,-0.09999999999999964,-0.040000000000000036,0
2007-03-19,-0.0003860544217687556,1.0060535286651422,0.001875907411445711,0.017266876714602253,0.0029251357062568106,57.981656558239365,0.024138623807132165,-0.09999999999999964,0.009999999999999787,1
2007-03-20,0.0002263673758049478,1.0073220942040377,0.0018603971654481207,0.013542279324697981,0.0035343992931201416,58.59248831154156,0.024138623807132165,-0.09999999999999964,0.0,1
2007-03-21,0.006243926370262276,1.0088142791728707,0.002683209287358331,0.01673539604694807,0.008885706987773356,71.58303847233923,0.024138623807132165,-0.09999999999999964,0.0,0
2007-03-22,-0.004853575559559342,1.0087886738331708,0.004083678929080302,0.014614083782394482,0.006369280974755769,64.31074153312073,0.024138623807132165,-0.09999999999999964,0.009999999999999787,0
2007-03-23,-0.0027790674045209407,1.0079818538868917,0.004182935491599704,0.013802273181922953,0.0043718479706789885,69.1067613728786,0.024138623807132165,-0.09999999999999964,-0.02999999999999936,1
2007-03-26,0.002626425882272354,1.0077436519279162,0.0043814289585879665,0.010918911843847523,0.0066093995699781595,68.17202715324422,0.024138623807132165,-0.09999999999999964,0.040000000000000036,1
2007-03-27,0.0024858681689592377,1.0079795226543153,0.004488086327175616,0.013271452968464326,0.0030649108734585695,67.72599462103688,0.024138623807132165,-0.09999999999999964,-0.03000000000000025,0
2007-03-28,-0.003741542439899881,1.006382796147695,0.0035536934303124824,0.0060450226920283345,0.004424829072030358,66.0362935830082,0.024138623807132165,-0.09999999999999964,0.019999999999999574,1
2007-03-29,0.001493535369759158,1.0057700598812522,0.0030425813202950534,0.003907071031242326,0.0035966788582276676,70.5244809939887,0.024138623807132165,-0.09999999999999964,0.020000000000000462,1
2007-03-30,0.001803479712819911,1.0059693996436725,0.0026552952327192074,0.0030725921947727386,0.007943369848122404,67.61624638168637,0.024138623807132165,-0.09999999999999964,0.009999999999999787,1
2007-04-02,0.0008289067417004414,1.0054714467628179,0.0024850195945524617,0.004291757102433014,0.003296475200292164,68.20460900588179,0.024138623807132165,-0.09999999999999964,-0.04999999999999982,0
2007-04-03,-0.003371192451667393,1.0041607339349408,0.0027271845041030194,0.0006795751021801966,0.004362215626215019,59.09311131947675,0.024138623807132165,-0.09999999999999964,-0.04999999999999982,1
2007-04-04,0.0036778237160315363,1.0043092772803859,0.0026044238238699708,-0.0018723374573986762,0.004184272348594107,59.1766534044713,0.024138623807132165,-0.09999999999999964,0.009999999999999787,1
2007-04-05,0.004338476195026253,1.0046738231693142,0.0030438849951493346,0.007347251646721453,0.00633498435202065,60.987014061778034,0.024138623807132165,-0.09999999999999964,0.08999999999999986,0
2007-04-06,-0.0022380120538653125,1.0042405684992715,0.003439300215432874,0.00789380116514482,0.004849599355011558,58.19070743760323,0.02055055055055055,-0.1999999999999993,0.0,0
2007-04-09,-0.003499083645337464,1.0033860829880836,0.003896392503788923,0.0017361108006370696,0.0027006077103756,53.33037020800733,0.02055055055055055,-0.09999999999999964,-0.019999999999999574,1
2007-04-10,0.0057622783256749965,1.0040803320187313,0.004179467983894374,0.005010070536120459,0.0075155385948138505,52.83345503474643,0.02055055055055055,-0.09999999999999964,-0.020000000000000462,1
2007-04-11,0.0005914308730998741,1.004297913900445,0.004022366194450138,0.009381106768619585,0.0020122840954518227,60.104357636440554,0.02055055055055055,-0.09999999999999964,-0.019999999999999574,1
2007-04-12,0.0038045092654919177,1.0044002632803941,0.00391698071673116,0.011710281452435023,0.004516509727805933,68.03344777937755,0.02055055055055055,-0.09999999999999964,0.02999999999999936,1
2007-04-13,0.0022174318507510726,1.0054184661858807,0.0035153177641911396,0.012128327149475426,0.00472948864338185,67.73318665888576,0.02055055055055055,-0.09999999999999964,-0.019999999999999574,1
2007-04-16,0.0005952968200904074,1.007206440282457,0.0022164284971432266,0.011892079757366947,0.00361168607646511,66.13960581886438,0.02055055055055055,-0.09999999999999964,0.040000000000000036,1
2007-04-17,0.003175788371708288,1.0083337489670914,0.0014674557180789339,0.018539326948419088,0.004633714345190858,75.64442985148492,0.026756756756756594,-0.09999999999999964,-0.08999999999999986,1
2007-04-18,0.003090460415800189,1.0101210686701165,0.001243523662699365,0.017943266533059,0.003744498792492614,76.67144488225763,0.026756756756756594,-0.09999999999999964,-0.009999999999999787,1
2007-04-19,0.0007629450220749678,1.0110142234349646,0.0012366645831440469,0.014319301138868257,0.004614691502697584,76.04578130557687,0.026756756756756594,-0.09999999999999964,0.040000000000000036,0
2007-04-20,-0.0025955178843029003,1.0109275899692194,0.0023585822270605784,0.013955862695167909,0.0037225194001475007,70.5102175287183,0.026756756756756594,-0.09999999999999964,0.019999999999999574,0
2007-04-23,-0.00036677790479366923,1.0107973117564637,0.0024383380450415395,0.017143034645793254,0.004274561109137551,76.23659082017572,0.026756756756756594,-0.09999999999999964,-0.019999999999999574,1
2007-04-24,0.0038317387281257,1.0107312548407006,0.0026088997743249588,0.01519064992519703,0.006821111850410941,76.38220504758362,0.026756756756756594,-0.09999999999999964,-0.03000000000000025,1
2007-04-25,0.0002182056415074296,1.0098886189709704,0.0023183086653899873,0.014811979117374863,0.002716399707129826,73.43828450188686,0.026756756756756594,-0.09999999999999964,-0.009999999999999787,0
2007-04-26,-0.0036690056599599785,1.0084138194029275,0.002903876553863217,0.007256511491501527,0.004778902927898271,70.25946557374509,0.026756756756756594,-0.09999999999999964,0.04999999999999982,1
2007-04-27,0.004861188906060576,1.0082867903249255,0.0034352334187970953,0.009913561173669372,0.006369360025065731,81.19912223062522,0.026756756756756594,-0.09999999999999964,0.0,0
2007-04-30,-0.00021842594858367814,1.0082420371269831,0.0034213590027479864,0.009092260432269184,0.006154286244689985,77.04708095720925,0.026756756756756594,-0.09999999999999964,0.04999999999999982,0
2007-05-01,-0.0037402482548957172,1.0066962165481768,0.0035312458533872638,0.0021354348054265504,0.005739329341109531,67.89741714624867,0.026756756756756594,-0.09999999999999964,-0.03000000000000025,0
2007-05-02,-0.0009511499650243227,1.005148431334681,0.003509645369081858,-0.001902327625912581,0.0035594172739471307,61.777045553911584,0.026756756756756594,-0.09999999999999964,-0.04999999999999982,0
2007-05-03,-0.0023588201775760487,1.0042020450930258,0.00327787564707091,-0.005015778813297844,0.0051732349549861376,54.22956939535607,0.026756756756756594,-0.09999999999999964,0.03000000000000025,1
2007-05-04,0.0024324616184447923,1.0025355196284562,0.0023315779334799965,0.0,0.005300690772364438,56.829642026560016,0.020626865671641736,0.0,0.0,1
2007-05-07,0.0008160172375966113,1.0008648522840975,0.0024571469656598935,0.0011832291246895998,0.0025739419950140995,53.44766971745983,0.020626865671641736,0.09999999999999964,0.0,0
2007-05-08,-0.004346644290507573,0.9995791805958316,0.0026485117178526025,-0.0069735760486437925,0.007536062650684718,41.39277441698338,0.020626865671641736,0.09999999999999964,-0.03000000000000025,0
2007-05-09,-0.0010280850872023128,0.9983603829315977,0.002649239984726175,-0.008210905681871883,0.0031054953670052376,38.621581763084016,0.020626865671641736,0.09999999999999964,0.0,0
2007-05-10,-0.003249406202565863,0.9973161062696709,0.002797862256165614,-0.007793219021325015,0.00682962419118916,37.86077959274027,0.020626865671641736,0.09999999999999964,0.040000000000000036,1
2007-05-11,0.002812359421815236,0.9963152195947874,0.002919445341775273,-0.00981624720649188,0.004771367492544022,43.2856376909922,0.020626865671641736,0.09999999999999964,0.019999999999999574,1
2007-05-14,0.0016250756794886634,0.9954235578850232,0.0030640439171712983,-0.00799044304311991,0.002221083205193918,39.40038989318665,0.020626865671641736,0.09999999999999964,-0.009999999999999787,1
2007-05-15,0.00391570112087547,0.9961459929487853,0.0029230281833377823,-0.0003671551053711086,0.0057004032736767,45.60206680559111,0.024870646766169235,0.09999999999999964,0.03000000000000025,0
2007-05-16,-0.005301373290926836,0.9964303612634144,0.0040167878527516,-0.004719921358038892,0.00754572952379945,43.63613041653063,0.024870646766169235,0.09999999999999964,-0.040000000000000036,0
2007-05-17,-0.001997497508747448,0.9971017955855387,0.0037998424868851844,-0.004359453825703463,0.004599880198204669,33.25253076179149,0.024870646766169235,0.09999999999999964,0.0,1
2007-05-18,0.0011890972947086187,0.9972625856393094,0.00358529434724717,-0.0055943938159543904,0.0038555874524072477,35.66493360983617,0.024870646766169235,0.09999999999999964,-0.009999999999999787,0
2007-05-21,-0.0034742190836449804,0.9965616526563198,0.003690715219304961,-0.009857150382813096,0.0063049110247195604,35.97002497918402,0.024870646766169235,0.09999999999999964,0.0,0
2007-05-22,-0.0010358428539369857,0.995114385427525,0.002454358120636925,-0.006564672784937997,0.0025315448369760273,35.89450647279202,0.024870646766169235,0.09999999999999964,-0.009999999999999787,1
2007-05-23,0.0004441524389304785,0.9948064237153815,0.0018703348421415004,-0.005100594819703375,0.00609729848089708,39.257535750699326,0.024870646766169235,0.09999999999999964,0.019999999999999574,0
2007-05-24,-0.002081682452234501,0.994402366116306,0.00188218359926577,-0.003935039793351858,0.0029867942490297067,32.37822122373464,0.024870646766169235,0.09999999999999964,-0.009999999999999787,1
2007-05-25,0.0014929976899367148,0.9942260001616318,0.001972931475971019,-0.005245524231058063,0.004232657921454398,33.695719779821076,0.024870646766169235,0.09999999999999964,0.04999999999999982,1
2007-05-28,0.00014792499520277502,0.9947550351583563,0.0013821520239882808,-0.006712542469975102,0.000888039024445576,38.96753346668718,0.024870646766169235,0.09999999999999964,0.0,0
2007-05-29,-0.00045709063846821607,0.9952348886805961,0.0013180819976486215,-0.011039040406103928,0.007071299738209683,39.734120231241775,0.024870646766169235,0.09999999999999964,0.0,0
2007-05-30,-0.001034376735486786,0.9954243965832289,0.0013338377408884114,-0.006796656939653256,0.003279406091223242,43.00460775317334,0.024870646766169235,0.09999999999999964,-0.040000000000000036,1
2007-05-31,0.0017897351420965713,0.9961785249021079,0.0012227889173003635,-0.003027636200350625,0.0033472554994327924,40.751917984927694,0.024870646766169235,0.09999999999999964,0.03000000000000025,0
2007-06-01,-0.0010484812967680446,0.9966007824036588,0.0011758681367320652,-0.005255790725364751,0.00454694605850343,35.28506891031762,0.020302129767211463,0.09999999999999964,-0.04999999999999982,1
2007-06-04,0.0037237759757076105,0.9975922759210215,0.002102345403539752,0.0019293358822922713,0.00444993858847955,34.719269178631606,0.020302129767211463,0.0,0.009999999999999787,1
2007-06-05,0.002082098380540076,0.9987695067227786,0.0020914083518992193,0.0050565319563780076,0.004434520592296909,49.352143497902155,0.020302129767211463,0.0,-0.04999999999999982,0
2007-06-06,-0.0020104088763065464,0.9997992107813567,0.0023679888879970623,0.002590654298987305,0.0036950444632511247,49.32436507202618,0.020302129767211463,0.0,0.05999999999999961,0
2007-06-07,-0.00480727731952324,0.9995877986599359,0.0033765237940955673,-0.0001477020306810406,0.006553292754846501,37.704278543762385,0.020302129767211463,0.0,0.0,0
2007-06-08,-0.005063448014920868,0.9989692129082487,0.003987795431065233,-0.006693406613372921,0.007490435857226031,35.53844051384171,0.020302129767211463,0.0,0.009999999999999787,0
2007-06-11,-0.0003072125347710619,0.9976420200181546,0.0030328380636530264,-0.007145430857109614,0.002015123107536366,36.51972421541157,0.020302129767211463,0.0,0.009999999999999787,0
2007-06-12,-0.003738916019608407,0.9955339957916509,0.00200801503865422,-0.01040529623585107,0.005039378628641094,31.01901462113635,0.020302129767211463,0.0,-0.009999999999999787,1
2007-06-13,0.0003061308960883302,0.9936051067986362,0.00254291435258639,-0.009077363400457727,0.0037559193390886004,34.07309382400243,0.020302129767211463,0.0,-0.25,1
2007-06-14,0.0004393967063518467,0.9926049466995521,0.00254988729702399,-0.010413053791475835,0.0023270814393456167,31.488975305473858,0.020302129767211463,0.0,0.020000000000000462,1
2007-06-15,0.0047361666718142015,0.9933826231801282,0.0030157819504353133,-0.004682633434788475,0.006422546174552725,41.371495175807816,0.02717682020802381,0.0,-0.020000000000000462,1
2007-06-18,0.0027636702417572767,0.9944624461168854,0.00317308252851265,-0.005634698070111743,0.002757386262259493,46.703827339337835,0.02717682020802381,0.0,-0.02999999999999936,1
2007-06-19,0.0006040445930277638,0.9963259603653325,0.0019402573987752046,-0.007101369716140948,0.003725179456695155,49.1154476991007,0.02717682020802381,0.0,-0.020000000000000462,0
2007-06-20,-0.0020897023284214278,0.9978375121492792,0.0025818701926235174,-0.00718025867519978,0.003211952371197542,43.366662714566125,0.02717682020802381,0.0,0.05999999999999961,0
2007-06-21,-0.0001473650226271328,0.999136117086796,0.0026428530238595763,-0.0025314576784042364,0.002315912089860344,44.56176258778556,0.02717682020802381,0.0,-0.009999999999999787,1
2007-06-22,0.005738559771643059,1.0004289131181627,0.002995212093328845,0.008298039880523467,0.006599250297980845,47.74329214452322,0.02717682020802381,0.0,-0.019999999999999574,0
2007-06-25,-0.0002154824732220062,1.001145258380428,0.0029455236472144745,0.008390559544982246,0.0022997422150247463,44.10801566664149,0.02717682020802381,0.0,0.04999999999999982,0
2007-06-26,-0.001412134835597878,1.0015052259490385,0.003108774534575227,0.01074566928259113,0.002976200500734189,44.937987286912886,0.02717682020802381,0.0,-0.040000000000000036,1
2007-06-27,0.00044407673433233263,1.0022981624691696,0.0027975463925696206,0.010885054770987557,0.002671162992950022,53.59058748708164,0.02717682020802381,0.0,0.009999999999999787,0
2007-06-28,-0.0005916622928429094,1.0031213473219425,0.0028450507274673698,0.009843230412306392,0.003566082272193512,63.8084636732963,0.02717682020802381,0.0,0.0,1
2007-06-29,0.00661905152814235,1.0037398824416517,0.00322905152743637,0.011735685953254249,0.008647597542191297,72.5217541704191,0.02717682020802381,0.0,0.04999999999999982,1
2007-07-02,0.007308343674013562,1.005691881756826,0.004158522801633781,0.01632102188919693,0.007986315568139545,86.64968267925501,0.02717682020802381,0.0,0.0,0
2007-07-03,-0.0016879097974569213,1.0077739950962081,0.0042242522980625325,0.013993066649711228,0.003239652392444583,82.26941135088015,0.02717682020802381,0.0,-0.0699999999999994,1
2007-07-04,0.00023146629739478897,1.009698727661885,0.004250085511372185,0.016351644267954546,0.0016894092644945099,82.1665440356459,0.02717682020802381,0.0,0.0,0
2007-07-05,-0.0011830680477765698,1.011317148706504,0.0043601242255200835,0.015298850650415252,0.005224130495001596,76.31000350760122,0.02717682020802381,0.0,0.009999999999999787,1
2007-07-06,0.002276193849034547,1.0116986741464848,0.003648579678226214,0.011803572371978932,0.004836007117964359,75.96378639877784,0.02514582303509627,0.0,-0.03000000000000025,0
2007-07-09,-0.000435995433111791,1.0105297459325233,0.0015448006583664365,0.011580408483501392,0.0019079292243569894,74.38707631986922,0.02514582303509627,0.0,0.0,1
2007-07-10,0.009989831669105165,1.0110253248252463,0.004553928888312465,0.0231307250221906,0.012940457814752082,85.14735027310958,0.02514582303509627,0.0,0.020000000000000462,0
2007-07-11,-0.00044018816592972243,1.0114209190687644,0.004634804642273764,0.022226408019814903,0.0034812800807092568,84.48132533697523,0.02514582303509627,0.0,0.0,1
2007-07-12,0.002468167426638468,1.0124494682830114,0.00427330722904324,0.025356098482947953,0.003919874371735473,83.09112987911394,0.02514582303509627,0.0,0.019999999999999574,0
2007-07-13,-0.00022064315577807747,1.0132201236568694,0.004486253472337784,0.01838909080981388,0.003116494078202918,83.06694561710322,0.02514582303509627,0.0,-0.009999999999999787,0
2007-07-16,-0.0005786242820704501,1.0141263360736068,0.004508178642483298,0.010415363423870838,0.0026759669338191827,85.02622733754329,0.02514582303509627,0.0,0.07000000000000028,1
2007-07-17,0.0009515491292508838,1.0132026583895266,0.0012868414539926355,0.013086822456417124,0.002396450673460385,85.25107409701862,0.02514582303509627,0.0,-0.040000000000000036,1
2007-07-18,0.0012288271525588979,1.0124520235342394,0.0012173142838516088,0.014097001773551332,0.004923349331506155,87.16854895087681,0.027108255066732534,0.0,-0.020000000000000462,0
2007-07-19,-0.0006485839078665956,1.0111004741299983,0.0008820847333705088,0.014639662541945597,0.002888728154403712,82.41214773571774,0.027108255066732534,0.0,-0.009999999999999787,1
2007-07-20,0.0026008575296139202,1.0104744381236344,0.0013609894679333838,0.014968331075952745,0.004345204221582408,79.16257586186416,0.027108255066732534,0.0,0.0,0
2007-07-23,-0.0020983652553248078,1.0096386333029637,0.001814941929503888,0.013280342396514877,0.003473628753832878,77.79135880462549,0.027108255066732534,0.0,0.009999999999999787,1
2007-07-24,0.0014515909946783978,1.008762226671154,0.0018655313003791568,0.00471428443952604,0.0034012499733772107,78.82150329215547,0.027108255066732534,0.0,-0.009999999999999787,0
2007-07-25,-0.0071512908237302275,1.0065838787974677,0.0038079416689380035,-0.002031425646857099,0.009178261552271824,64.22344109314224,0.027108255066732534,0.0,0.07000000000000028,1
2007-07-26,0.0017462675886066314,1.004772840142458,0.00403371189652035,-0.0027500852268772524,0.005101618387951358,63.65535913189354,0.027108255066732534,0.0,-0.040000000000000036,0
2007-07-27,-0.00829069341314348,1.001523687046589,0.004698267028209973,-0.010799718254683732,0.009100993631210261,51.10197332637121,0.027108255066732534,0.0,-0.03000000000000025,1
2007-07-30,0.005567041366666636,0.9998890455044566,0.006064412240407228,-0.004716904399640565,0.00670701697754153,45.0677029867527,0.027108255066732534,0.0,0.040000000000000036,0
2007-07-31,-0.002912080063770861,0.9974435187992688,0.005874064018293629,-0.008558653610007183,0.004021995067545504,42.14098799008124,0.027108255066732534,0.0,-0.009999999999999787,1
2007-08-01,0.00036925834874823593,0.9965050572583068,0.005218122005710822,-0.009409819726137303,0.004691815775413421,38.74738999257222,0.027108255066732534,0.0,0.019999999999999574,1
2007-08-02,0.0021931166364657084,0.9954877252804814,0.00527410572164595,-0.006593032148548117,0.0040142344124347775,42.50980104284472,0.027108255066732534,0.0,-0.05999999999999961,1
2007-08-03,0.005831889355777831,0.9971147987695116,0.0036746471999832505,-0.003391629012538644,0.009204705522659031,50.850814747052624,0.022559055118110294,0.09999999999999964,0.0,1
2007-08-06,0.0007174855943021807,0.9977229008790908,0.0031727299105016333,-0.000579427458315962,0.003981963569604051,50.58206203529246,0.022559055118110294,0.09999999999999964,0.019999999999999574,0
2007-08-07,-0.0040535915650734555,0.9987943950588563,0.0035632303708193524,-0.006073445097599772,0.005677131464038675,44.73826217484657,0.022559055118110294,0.09999999999999964,0.0,1
2007-08-08,0.00451357934380936,1.0004467472898977,0.0038471534084573316,0.005604088560700937,0.007094345449817377,50.36395967099097,0.022559055118110294,0.09999999999999964,0.009999999999999787,0
2007-08-09,-0.009339483309106611,1.0003812226970086,0.006274348137510098,-0.005524354627154171,0.011113746821346533,39.66703707071532,0.022559055118110294,0.09999999999999964,0.14000000000000057,1
2007-08-10,0.0010951419617653002,0.9993052146561259,0.005379496920056337,0.0038876622106731595,0.004167558910518225,42.3729930994644,0.022559055118110294,0.09999999999999964,-0.7300000000000004,0
2007-08-13,-0.005554103678750089,0.9972251346587812,0.0054884985832465375,-0.007214909613454723,0.00771526314508187,37.00588139837812,0.022559055118110294,0.09999999999999964,0.1299999999999999,0
2007-08-14,-0.005738721734389496,0.9951498927895258,0.005644400808237942,-0.01002935320498377,0.006947739320440211,37.97191499192192,0.022559055118110294,0.09999999999999964,-0.2699999999999996,0
2007-08-15,-0.007895782853288624,0.9910555319359785,0.004001134875898446,-0.018208481178262015,0.008414932857113307,31.653580743316667,0.023759842519684993,0.09999999999999964,0.16999999999999993,0
2007-08-16,-0.0002282440010933362,0.9887669063868582,0.003880682904470234,-0.02058055029199013,0.00477210791630741,36.23385367507227,0.023759842519684993,0.09999999999999964,0.2599999999999998,1
2007-08-17,0.005141324259502866,0.9871429825307012,0.005287994708989161,-0.021252981633389068,0.0110367071598883,35.65554671650011,0.023759842519684993,0.09999999999999964,-0.05999999999999961,0
2007-08-20,-0.0014149805779184454,0.9863129044078405,0.005079725721528345,-0.023338630118474812,0.0031990769644253195,36.66099857383471,0.023759842519684993,0.09999999999999964,0.1200000000000001,0
2007-08-21,-0.0014799745177918044,0.9864783271716118,0.004639822732479271,-0.02081484738311823,0.004692188533836385,35.2668983992738,0.023759842519684993,0.09999999999999964,-0.14000000000000057,1
2007-08-22,0.007059546495016722,0.9889043245102619,0.00400106789635063,-0.01833307582245791,0.007673322116770263,40.4049757154338,0.023759842519684993,0.09999999999999964,-0.1200000000000001,1
2007-08-23,0.0005151091045951794,0.9915427651215172,0.003919111454616067,-0.008567947142356869,0.003542090885293218,34.57534036384327,0.023759842519684993,0.09999999999999964,0.11000000000000032,1
2007-08-24,0.008118178263316844,0.9939698314766843,0.004675540258650476,-0.0016127008267105003,0.009584549166650821,42.3215284656866,0.023759842519684993,0.09999999999999964,0.23000000000000043,0
2007-08-27,-0.002127486610641993,0.9966338061560608,0.004835096416964443,0.0018274973505709724,0.0036678198695822167,43.70877021923729,0.023759842519684993,0.09999999999999964,0.15999999999999925,0
2007-08-28,-0.00285577900810563,0.999016464033976,0.005141742288518881,0.004732378954243943,0.005881935264436816,37.184841546633045,0.023759842519684993,0.09999999999999964,0.03000000000000025,1
2007-08-29,0.005524280219221467,1.0008509494198887,0.004809780071512651,0.018323261508233823,0.008550860068283784,50.0,0.023759842519684993,0.09999999999999964,-0.2999999999999998,0
2007-08-30,-0.0023464214218206214,1.0023401502786253,0.005163323544727224,0.01616577973643385,0.0059431598609685785,46.90148517105133,0.023759842519684993,0.09999999999999964,0.0,0
2007-08-31,0.0,1.0025070607221005,0.003466018598217032,0.010968065097764157,0.007110784722202804,52.1196611612345,0.023759842519684993,0.09999999999999964,-0.040000000000000036,0
2007-09-03,-0.0020556209576166884,1.0028292359759043,0.0034569995551539143,0.01031948039792363,0.0034532609704541594,56.24111753001922,0.023759842519684993,0.0,0.0,1
2007-09-04,0.0004493783832535403,1.0035860649783326,0.003160573063998294,0.012271632353561435,0.005289902665580894,68.03013921253921,0.021246931762395782,0.0,0.2599999999999998,1
2007-09-05,0.0024850875491626567,1.0038399197683647,0.0019797800346844576,0.0076734980720578605,0.007325115060619911,70.32117304237232,0.021246931762395782,0.0,-0.040000000000000036,1
2007-09-06,0.0030816121713901357,1.0045540142550247,0.0020592758431807515,0.010258363707364992,0.005269630424332196,68.83019035659913,0.021246931762395782,0.0,-0.1999999999999993,1
2007-09-07,0.0057716740674873535,1.0061945128028433,0.00293550924474157,0.007906877998224537,0.009140180238559587,75.1658707137988,0.021246931762395782,0.0,-0.1200000000000001,1
2007-09-11,0.0047194581350702425,1.0086798751296755,0.002059237895647341,0.014822673964020705,0.004839237453387789,80.02007267050155,0.021246931762395782,0.0,0.1999999999999993,1
2007-09-12,0.0049095223751962624,1.0115268720077841,0.001363352580063147,0.022725647022521667,0.006252568166004193,79.14076264543118,0.021246931762395782,0.0,0.1200000000000001,0
2007-09-13,-0.0029536587569296557,1.0130227806006136,0.003524266483064753,0.014102677099894656,0.004190871276550567,73.90274078118422,0.021246931762395782,0.0,-0.08999999999999986,1
2007-09-14,0.0008049051848686428,1.0140085085750805,0.003672135378040242,0.017305962104709804,0.0036051160178216597,69.20645800841199,0.021246931762395782,0.0,0.16000000000000014,0
2007-09-17,-0.0009427245245554605,1.0139486643478668,0.003467333608760193,0.016346922825257293,0.0024565778457122604,71.28082878865398,0.021246931762395782,0.0,0.08000000000000007,1
2007-09-18,0.008290133433481062,1.0141218350511658,0.004545750017982923,0.026883457586631465,0.011158128919562029,81.25055002219645,0.021246931762395782,0.0,-0.41000000000000014,0
2007-09-19,-0.0007823668580019261,1.0131121595312034,0.004350241125441433,0.02561916691932109,0.003433930189809576,77.03841975610875,0.01982326951399127,0.0,-0.17999999999999972,1
2007-09-20,0.007870159394985254,1.0142465738730446,0.004646564618355912,0.031128508623162077,0.009162100518675125,85.05490553875522,0.01982326951399127,0.0,0.02999999999999936,1
2007-09-21,0.0009301216575419158,1.0153821655343158,0.004631766513983468,0.02891686085896983,0.004967910379834042,85.36246328157785,0.01982326951399127,0.0,-0.009999999999999787,0
2007-09-24,-0.0012807424719581961,1.016913062780192,0.004706890339560811,0.02170215152251531,0.004054589277703918,86.7246025945551,0.01982326951399127,0.0,-0.019999999999999574,1
2007-09-25,0.005547542767620373,1.0175118460185997,0.004051213494675824,0.02254423320399246,0.006076506978026509,88.09261639787562,0.01982326951399127,0.0,0.08000000000000007,0
2007-09-26,-0.0013426133899299142,1.017918763818102,0.004169233987566753,0.016182381485513764,0.0034084073091016935,85.05381839366353,0.01982326951399127,0.0,0.05999999999999961,1
2007-09-27,0.0013444184241078183,1.0172197842508397,0.002805591626195649,0.020562950497170496,0.004162699573596634,84.53155462488266,0.01982326951399127,0.0,0.04999999999999982,1
2007-09-28,0.007974141362137255,1.0174277416595365,0.0041723963379129815,0.027873722844487192,0.008681973166451187,85.28476855310271,0.01982326951399127,0.0,-0.34999999999999964,0
2007-10-01,-0.002021512266668468,1.0175852504604606,0.004347402965307664,0.026763818938210227,0.00427646764609806,80.09330217221951,0.01982326951399127,0.0,0.33999999999999986,0
2007-10-02,-0.0059014751091914786,1.0156253302109794,0.005150494186346988,0.012312194647758012,0.006773378837923004,68.10399559994129,0.01982326951399127,0.0,-0.13999999999999968,0
2007-10-03,-0.003680035998447684,1.0134109503612028,0.005403869489633354,0.009376552091387103,0.00800139669350567,67.01039718101535,0.01982326951399127,0.0,-0.10000000000000053,1
2007-10-04,0.0024877546249619797,1.011429094203913,0.005522046822808764,0.003986102619217613,0.004958607986938071,68.12322085224226,0.01982326951399127,0.0,0.0600000000000005,0
2007-10-05,-0.00014134680907051944,1.0079763760598366,0.0032221305425820597,0.002911362808118323,0.007794151733463881,69.20527878272335,0.01982326951399127,0.10000000000000053,0.02999999999999936,0
2007-10-08,-0.0059428034687833975,1.0043321725802483,0.0037136384840027754,-0.0017702671019660388,0.008046683526190583,55.182823836002804,0.024854464726196346,0.10000000000000053,0.0,1
2007-10-09,0.0041193093591400665,1.00273785144841,0.004184605876771064,-0.0031881066304076944,0.006871687183506531,59.661515083201834,0.024854464726196346,0.10000000000000053,0.14000000000000057,1
2007-10-10,0.002418078761849074,1.002491357399079,0.003956379096420179,0.0005656358587156074,0.005226855633645496,54.86765675766062,0.024854464726196346,0.10000000000000053,-0.39000000000000057,1
2007-10-11,0.00430326435060735,1.0022486077079769,0.004246937953726658,0.0035221805813745455,0.007173076921462715,58.01053017648214,0.024854464726196346,0.10000000000000053,0.23000000000000043,0
2007-10-12,-0.0008372898601806122,1.0019480594089518,0.004302738599845309,-0.005250332830838311,0.003659439581526786,58.536063451749946,0.024854464726196346,0.10000000000000053,0.0,1
2007-10-15,0.0009801350229035055,1.0029384348499384,0.002171875542156854,-0.0022583969535003856,0.005567543582616689,54.21319914934166,0.024854464726196346,0.10000000000000053,0.05999999999999961,0
2007-10-16,-0.001899769612229929,1.0032298925684247,0.0024853039044622728,0.0017579736148967129,0.0054220759263848214,53.51900467110131,0.024854464726196346,0.10000000000000053,-0.1299999999999999,1
2007-10-17,0.002829263805326665,1.003424711185706,0.00255020774949147,0.008302801799299653,0.0045781786898359406,55.04123274725316,0.02758756783423788,0.10000000000000053,0.020000000000000462,1
2007-10-18,0.0054749483068285976,1.0039728408547508,0.0029443692468727398,0.011307323046614082,0.007418044629354202,52.45883365275551,0.02758756783423788,0.10000000000000053,-0.009999999999999787,1
2007-10-19,0.00014293535344189756,1.0047559738599066,0.002794517953960524,0.011594860321850753,0.004752296498609331,55.221288538325595,0.02758756783423788,0.10000000000000053,0.07999999999999918,0
2007-10-22,-0.008181837814238757,1.004042268045134,0.005196574012827152,0.009316323791105363,0.01572388720896126,52.2651854547989,0.02758756783423788,0.10000000000000053,-0.05999999999999961,1
2007-10-23,0.005503562288194042,1.0048104062481455,0.0056695659962952335,0.010707741189941444,0.00709444296921664,62.31239236769702,0.02758756783423788,0.10000000000000053,-0.040000000000000036,1
2007-10-24,0.0003565908013118957,1.0049988632712208,0.005594223111194721,0.008629205413074326,0.005254684321523395,60.4644817795066,0.02758756783423788,0.10000000000000053,0.07000000000000028,1
2007-10-25,0.004412460499602533,1.0048216600537052,0.005381709068060702,0.008738871914125257,0.005875075837023978,64.3432243566227,0.02758756783423788,0.10000000000000053,0.1200000000000001,1
2007-10-26,0.004677743303188153,1.005721685993161,0.005690943349902265,0.014306762183976307,0.005558085375544093,76.22998210935114,0.02758756783423788,0.10000000000000053,-0.0600000000000005,1
2007-10-29,0.0017301152697890565,1.0084271859827025,0.00218592734711271,0.015066727351420228,0.003959188239495294,74.97137934335215,0.02758756783423788,0.10000000000000053,0.040000000000000036,1
2007-10-30,0.0015305939791070422,1.0099653504951822,0.0019051333950340411,0.018555402975641844,0.004573537068724329,74.47774218297033,0.02758756783423788,0.10000000000000053,-0.05999999999999961,1
2007-10-31,0.0022142854017568325,1.0115795177799232,0.001513370864122942,0.017930780621391307,0.0049714229465687146,73.21083885562535,0.02758756783423788,0.10000000000000053,-0.1800000000000006,0
2007-11-01,-0.003101816023660664,1.0119612459971883,0.0028195088959839143,0.009247767260548878,0.004712894518071687,69.28115601421749,0.02758756783423788,0.10000000000000053,-0.009999999999999787,1
2007-11-02,0.004215965373276509,1.0120327668876181,0.0026903224508466857,0.013357876234173283,0.0067536100328534875,71.45925027789838,0.02758756783423788,0.10000000000000053,-0.3099999999999996,0
2007-11-05,-0.0006804707047076697,1.011355544023029,0.0028112441813027272,0.021022153551111256,0.004215121808152469,73.35789440588282,0.02758756783423788,0.0,0.009999999999999787,1
2007-11-06,0.005942158315604518,1.0114742348164198,0.003650785254628762,0.021467518716627554,0.0067322024187112485,75.1297447920803,0.03268220128904309,0.0,-0.07000000000000028,1
2007-11-07,0.004109271726452368,1.011890406353689,0.003810069743039658,0.02529939397829617,0.011343592566151053,74.46443417481649,0.03268220128904309,0.0,0.16999999999999993,1
2007-11-08,0.0039051297848762268,1.0137380016087223,0.00247428820674586,0.024781513232276176,0.0051695606137376416,76.39710641226253,0.03268220128904309,0.0,0.1900000000000004,0
2007-11-09,-0.0004107878291824685,1.0146298351187615,0.00295694055379339,0.019591159739607233,0.00700762718961949,90.14302616926503,0.03268220128904309,0.0,-0.08999999999999986,0
2007-11-12,-0.010297554868885839,1.0141395882511106,0.006548732667877912,0.007349033882829703,0.00964900580989015,69.2764139251818,0.03268220128904309,0.0,0.0,1
2007-11-13,0.006681804582988393,1.0133675049911886,0.006704670709078193,0.012530170691172904,0.007325105383693997,72.8910830084857,0.03268220128904309,0.0,0.1200000000000001,1
2007-11-14,0.0019924267075681623,1.012211217265037,0.0065071990186184436,0.01230602838471384,0.007020289062589,71.66569695617174,0.03268220128904309,0.0,-0.010000000000000675,0
2007-11-15,-0.0019884648371195635,1.0102401217301649,0.0062358325039300385,0.013436587288281343,0.0061554301556884525,66.05060472801091,0.035711452652454234,0.0,-0.05999999999999961,1
2007-11-16,0.0008927069616222472,1.0084986046425588,0.006283473368394099,0.010082815012681268,0.005601059377192305,65.47436293686829,0.035711452652454234,0.0,-0.03000000000000025,1
2007-11-19,0.0023910278780556737,1.0087989778863102,0.0031307354529335947,0.013187395523554413,0.0044959693607050785,66.10183131390863,0.035711452652454234,0.0,0.0,1
2007-11-20,0.011184093545808516,1.0097216265029256,0.004940523819027215,0.018467085473408584,0.014214167844115026,71.4124124435496,0.035711452652454234,0.0,0.0,1
2007-11-21,0.0016790342611554543,1.0105138790681174,0.004956788053427892,0.016002097908824453,0.005725640234218264,76.17184218834632,0.035711452652454234,0.0,-0.009999999999999787,0
2007-11-22,-0.00013374777224106627,1.0118997403127565,0.004559357503939736,0.01191455223395832,0.0033099579107584826,74.0774996958533,0.035711452652454234,0.0,0.0,0
2007-11-23,-0.0037001813178718646,1.0127726507349122,0.005505566137125998,0.00858459919054777,0.011417221999391108,69.94889392912899,0.035711452652454234,0.0,0.05999999999999961,1
2007-11-27,0.0024926747626847767,1.013627616990059,0.005506247554371236,0.021618848716731254,0.006264035088494519,68.0066670743429,0.035711452652454234,0.0,-0.16999999999999993,1
2007-11-28,0.00020776209135608958,1.012349361688229,0.0023835611823878966,0.015048745028819033,0.009634592190940771,65.42515966469145,0.035711452652454234,0.0,0.14000000000000057,0
2007-11-29,-0.005461176600052298,1.0100197339727695,0.003205165411338661,0.007498018614445989,0.007997398705135376,55.42143402608214,0.035711452652454234,0.0,0.019999999999999574,0
2007-11-30,-0.004335249144572284,1.0069158231302353,0.00336360339192745,0.005128927219637314,0.010478794800293222,51.331726478498695,0.035711452652454234,0.0,0.11000000000000032,0
2007-12-03,-0.0017604044306512856,1.0045097502333613,0.0032514347136678627,0.0024645866874684064,0.0053068600594483395,61.07046119397595,0.035711452652454234,0.0,-0.14000000000000057,1
2007-12-04,0.006541365059266724,1.0025493398485434,0.0047415102818743095,0.006615228434316389,0.00887253902307372,61.0064553937537,0.035711452652454234,0.0,-0.019999999999999574,0
2007-12-05,-0.011314200793338225,0.9991402710709872,0.006503592419776956,-0.015781411149054292,0.011860285644038245,46.793273494979644,0.035711452652454234,0.0,-0.1900000000000004,1
2007-12-06,0.0041192173993207515,0.9976502813062108,0.007080808976654007,-0.01338376327719426,0.008055739363599762,52.303811756033795,0.035711452652454234,0.0,0.1800000000000006,0
2007-12-07,-0.00020517287746302237,0.9971932061619164,0.006883633323315177,-0.013454241872070893,0.004355470414880762,51.35040996149597,0.035711452652454234,0.0,-0.08000000000000007,1
2007-12-10,0.0036036661823277694,0.9976063409933554,0.00705850881129339,-0.006221901130639695,0.0063218018646815245,52.38798200009984,0.035711452652454234,0.0,0.04999999999999982,0
2007-12-11,-0.0029917181907471724,0.9957545555324984,0.0062797695188742605,-0.011658618764516127,0.007085621105503538,38.25361505381358,0.035711452652454234,0.0,-0.16999999999999993,1
2007-12-12,0.003487696734181034,0.9970233187766262,0.0030930171765263885,-0.008417596990726195,0.005900093319249039,40.43739024676303,0.035711452652454234,0.0,-0.009999999999999787,0
2007-12-13,-0.0058518945751705465,0.9966953426435514,0.004111608002908953,-0.008807153496265374,0.00997443059593497,36.31932258958256,0.035711452652454234,0.0,0.019999999999999574,0
2007-12-14,-0.01318103594383535,0.9943414201902827,0.00702646052346353,-0.017613210544678126,0.016697113531520348,31.124944969603433,0.0439514129895886,0.0,-0.05999999999999961,0
2007-12-17,-0.0016719903265834946,0.9910632675463306,0.006128092418768533,-0.017526200524014546,0.007977524772202762,27.66372076235926,0.0439514129895886,0.0,0.0699999999999994,0
2007-12-19,-0.0020137352841705924,0.9881993852703667,0.006185327977828431,-0.025876738545688616,0.005838247920624028,26.613842784904335,0.0439514129895886,0.0,-0.3299999999999996,0
2007-12-20,-0.0035402432596394195,0.9846601202109047,0.004729228875498495,-0.018217285084123236,0.005160602202221784,27.460465514398322,0.0439514129895886,0.0,0.3900000000000001,1
2007-12-21,0.003841591269959199,0.9829362794916984,0.006184637229536929,-0.01848873545604446,0.005353619244130208,33.591165837510886,0.0439514129895886,0.0,-0.08999999999999986,1
2007-12-24,0.0006191592888973307,0.9839305931392894,0.002872102846029714,-0.017679478111377933,0.0025048304368652484,35.176830814943656,0.0439514129895886,0.0,-0.28000000000000025,0
2007-12-25,-7.203737000671673e-05,0.9850625982140069,0.002804605790292747,-0.02127723203905363,0.0017437611764301586,27.603749601420887,0.0439514129895886,0.0,0.0,1
2007-12-26,0.006389181360519691,0.9876712762830553,0.0038086944170483425,-0.012068381779436588,0.007724864712220957,42.60838376191678,0.0439514129895886,0.0,0.2599999999999998,1
2007-12-27,0.008695296573324018,0.9922970202037221,0.003732799135655953,-0.006941510216513569,0.011496750680661576,47.233595494141504,0.0439514129895886,0.0,-0.10999999999999943,1
2007-12-28,0.007123402677324586,0.9969697107579736,0.004000100193685658,0.006019565727546583,0.009100661693268985,53.37156049669343,0.0439514129895886,0.0,-0.14000000000000057,0
2007-12-31,-0.007942992081468536,1.000097765538232,0.006891690548038587,0.011359526554829635,0.012115897340101735,44.5113758427955,0.0439514129895886,0.0,-0.9499999999999997,1
2008-01-01,0.0013012430798491348,1.0033485070255275,0.006773037589607708,0.014371570593592509,0.0032831260611146597,47.65922839041049,0.0439514129895886,0.0,0.0,1
2008-01-02,0.006622676392297411,1.0066639622848803,0.0068020145390268955,0.02314977805624352,0.009639180368343053,50.04326966511181,0.0439514129895886,0.0,1.0500000000000003,1
2008-01-03,0.0019019965901601044,1.0079586557385503,0.006057678435543819,0.028737787463332998,0.005758623078845388,56.08528701779357,0.0439514129895886,0.0,0.13999999999999968,1
2008-01-04,0.0006787976549951225,1.0081340128182503,0.005277548509813278,0.025496553653180598,0.008074846543982645,70.85786618558024,0.0439514129895886,0.2999999999999998,-0.07000000000000028,0
2008-01-07,-0.004874801299957765,1.009165107862287,0.004094384519803734,0.01986600221163015,0.00579126974874052,66.67564786063542,0.0439514129895886,0.2999999999999998,0.08999999999999986,1
2008-01-08,0.06047769146158144,1.0192023307620643,0.026876012409371677,0.08162306090618765,0.004043442101913115,85.56952548056692,0.0439514129895886,0.2999999999999998,0.0,0
2008-01-09,-0.05824554806038418,1.0184816940568617,0.04206523598220362,0.012156481602771052,0.006608680496222531,56.55601740080544,0.0439514129895886,0.2999999999999998,-0.009999999999999787,1
2008-01-10,0.009339494519755798,1.0189531696072525,0.04228080430005198,0.012802890016819335,0.010806476814556725,57.92095237659671,0.038288954635108396,0.2999999999999998,0.0,0
2008-01-11,-0.0007395308304297687,1.0188758535710154,0.042292238904934075,0.004895614940603865,0.0033725059439188095,57.53420901464602,0.038288954635108396,0.2999999999999998,-0.02999999999999936,1
2008-01-14,0.005337880087996849,1.019913517358555,0.042172465436210865,0.018348360195318714,0.007466352987054302,58.804354819743565,0.038288954635108396,0.2999999999999998,0.009999999999999787,0
2008-01-15,-0.004499790908764401,1.008075718906969,0.02762527690931189,0.012448563814789537,0.009533782108864871,55.90231679808507,0.038288954635108396,0.2999999999999998,0.0,0
2008-01-16,-0.009326322886762828,1.0071140107305405,0.007474823537390821,-0.0035927412273738524,0.01692231601514467,50.937824247745226,0.04122287968441807,0.2999999999999998,-0.020000000000000462,0
2008-01-17,-0.00163969155914101,1.0038710864852862,0.00536974288254054,-0.007115005672681973,0.007447729503089507,48.49620897848115,0.04122287968441807,0.2999999999999998,0.010000000000000675,0
2008-01-18,-0.00150566846598843,1.0007463161511219,0.005329373930300416,-0.009282458043236352,0.006016261210152993,50.337435035704424,0.04122287968441807,0.2999999999999998,-0.0600000000000005,0
2008-01-21,-0.013540379792493007,0.9945630526194502,0.005228080084797951,-0.017909654535670616,0.01255506289270481,46.263878197322505,0.04122287968441807,0.2999999999999998,0.0,1
2008-01-22,0.015805122104560976,0.9916174870740944,0.01122768193918622,-0.0592801608894149,0.021296870498503366,48.77191299571905,0.04122287968441807,0.2999999999999998,-0.48999999999999977,0
2008-01-23,-0.0010828006816638869,0.9906980990192452,0.01047020595023432,-0.0021802125892217417,0.009013404050341059,47.98251888657653,0.04122287968441807,0.2999999999999998,-0.25,1
2008-01-24,0.00970664255118936,0.9919795861631451,0.01132689666967579,-0.0018172548602687355,0.012059466731410716,50.327526915336364,0.04122287968441807,0.2999999999999998,0.040000000000000036,0
2008-01-25,-0.006706463600797075,0.9928988167100093,0.011937480514289433,-0.007777752164579432,0.007499654151429766,49.865147249040184,0.04122287968441807,0.2999999999999998,0.1299999999999999,1
2008-01-28,0.007704523228148519,0.997261927775388,0.008947386182974542,-0.005441984237342878,0.008996992054748892,32.04940871245107,0.04122287968441807,0.2999999999999998,-0.10000000000000009,0
2008-01-29,-0.001093094752774415,0.9984297147970197,0.006825951332553619,-0.0020385123563066987,0.0030551375748027734,54.18140685127477,0.04122287968441807,0.2999999999999998,-0.029999999999999805,1
2008-01-30,0.004004330034912407,1.0007405184915472,0.0066840482942390235,0.01139020643204569,0.007829707184335667,51.240448067977304,0.04122287968441807,0.2999999999999998,-0.2100000000000004,1
2008-01-31,0.002289247521502391,1.0015651472612839,0.005457153926954171,0.015370423267825783,0.0067918304605400276,53.03486409248448,0.04122287968441807,0.2999999999999998,-0.03999999999999959,0
2008-02-01,-0.004380703380926887,1.0031041517875752,0.004649937164354915,0.012446795835703961,0.009121662793279871,47.17118151231468,0.04122287968441807,0.20000000000000018,-0.10000000000000009,1
2008-02-04,0.0018979367076810139,1.0031521596131663,0.003308538160830867,0.02829181752083998,0.0033776244060436268,51.09512009726336,0.04122287968441807,-0.09999999999999964,-0.30000000000000027,0
2008-02-05,-0.012808329924596129,1.0045118726611253,0.0069269453003898175,-0.0006733628590821494,0.014212122411478303,48.94790721032198,0.04122287968441807,-0.09999999999999964,-0.10999999999999988,0
2008-02-06,-0.0014324913802131745,1.0017655349291912,0.006173910636729517,-0.001023196889429312,0.0048624515524580735,49.07017272093564,0.04122287968441807,-0.09999999999999964,0.22999999999999998,0
2008-02-07,-0.009454712537788401,0.99761181357472,0.00594198995418134,-0.0199809301986692,0.013612870637838559,44.84004529690707,0.04122287968441807,-0.09999999999999964,0.08999999999999986,1
2008-02-08,0.07542583702905992,1.0054280700775389,0.03665023318014436,0.061053746776784656,0.0019269797918234045,75.6727866801958,0.04122287968441807,-0.09999999999999964,0.020000000000000018,0
2008-02-11,-0.06865246387372237,1.0022539474493337,0.05147922571092604,-0.01934568121971314,0.00627579086506055,47.63296356364857,0.04122287968441807,-0.09999999999999964,-0.16999999999999993,1
2008-02-12,0.005512052451426941,1.0022407252876047,0.051292428841015994,-0.012861226964813066,0.0073371012527166995,49.20331372997677,0.04122287968441807,-0.09999999999999964,0.03000000000000025,0
2008-02-13,-0.001775884416681639,1.0017784875976001,0.051295524248297794,-0.018544343691439535,0.0038480840903052883,46.402322338544565,0.03941364390385571,-0.09999999999999964,0.10999999999999988,1
2008-02-14,0.006048077342010405,1.0040100294207328,0.05103308355468987,-0.014863644933509557,0.006563802928964368,49.48758369032124,0.03941364390385571,-0.09999999999999964,0.009999999999999787,1
2008-02-15,0.002186686108218039,0.9916486734123182,0.032192774408649955,-0.008365403923508707,0.004912435859238463,48.09449512700932,0.04197329106633929,-0.09999999999999964,-0.05999999999999961,0
2008-02-18,-0.00177269420602566,0.9928852002725367,0.003782821677929023,-0.011998433267216724,0.005042321093496987,47.93379641609523,0.04197329106633929,-0.09999999999999964,0.0,1
2008-02-19,0.005450071525170408,0.9946181786540941,0.003768673073519374,0.006274947460385816,0.0075419472307293135,48.29666133737621,0.04197329106633929,-0.09999999999999964,-0.03000000000000025,0
2008-02-20,-0.0004710935050603604,0.9965773297398821,0.003473074165563744,0.0072437658807298355,0.007332069852509247,47.58608058904901,0.046088416119870246,-0.09999999999999964,0.06000000000000005,1
2008-02-21,0.0062519548745127995,0.9987590382470984,0.0035289989604766646,0.023215214166889986,0.008631005832752375,50.2547813409557,0.046088416119870246,-0.09999999999999964,0.009999999999999787,1
2008-02-22,0.0007413247383758481,1.000281172976447,0.003602011131595896,-0.04784345543842006,0.004313190557342567,49.96650132036086,0.046088416119870246,-0.09999999999999964,-0.03999999999999959,1
2008-02-25,0.0006675262011270888,1.0026392224799536,0.0030844154630643122,0.023025344508415868,0.002902067107117911,53.56874523965885,0.046088416119870246,-0.09999999999999964,0.029999999999999805,1
2008-02-26,0.010797197038842077,1.005484833601639,0.004800461039285098,0.028402541976248807,0.017005652228072328,56.50956086953851,0.046088416119870246,-0.09999999999999964,-0.1499999999999999,1
2008-02-27,0.008133538945984231,1.0098569967227806,0.004510931001006693,0.038611548166937126,0.010323957862027298,61.039766987828465,0.046088416119870246,-0.09999999999999964,0.08000000000000007,1
2008-02-28,0.005151412739263117,1.0138784496473499,0.004480734139589474,0.03768586058577661,0.009926425134507042,40.029031532173974,0.046088416119870246,-0.09999999999999964,0.1299999999999999,0
2008-02-29,-0.00025825100994025796,1.0174792720867396,0.004738599176587888,0.03515431959376181,0.005472380876453508,92.30292506387433,0.046088416119870246,-0.09999999999999964,-0.050000000000000266,1
2008-03-03,0.0005320152328986971,1.0211149869661178,0.004769135340578026,0.03754428620483696,0.0069769871261168735,91.55928774878542,0.046088416119870246,0.0,0.0900000000000003,1
2008-03-04,0.0006540778380861312,1.022029595921895,0.003642401659331522,0.032595203214409896,0.004533464544095375,94.9324977313603,0.046088416119870246,0.0,-0.20000000000000018,1
2008-03-05,0.0043997562213557995,1.0218992844767472,0.0024854841193225714,0.037627189813689954,0.008978129421245137,94.7810757694611,0.046088416119870246,0.0,0.03000000000000025,1
2008-03-06,0.007077113499046828,1.0213318652676044,0.0031402852983463663,0.03847807712931517,0.008071472161518085,95.28843254373167,0.046088416119870246,0.0,0.06000000000000005,0
2008-03-07,-0.003189847037970428,1.0240657526416486,0.003949094453864779,0.03439866559084148,0.00725064867024543,92.56156411159208,0.04222533912685256,-0.10000000000000053,-0.03000000000000025,1
2008-03-10,0.0003221197719665003,1.0230775169843176,0.003968269249299521,0.034041615981400764,0.004164994680207918,91.7992654062447,0.04222533912685256,-0.10000000000000053,0.03000000000000025,1
2008-03-11,6.138819376033666e-05,1.0222439089128639,0.004021517864099636,0.023058925131488328,0.01304147085164441,92.68866644630708,0.04222533912685256,-0.10000000000000053,-0.040000000000000036,1
2008-03-12,0.012913729085199499,1.0223977529299868,0.006482113003430763,0.02790988583939491,0.014802725701542892,93.62194761561834,0.04222533912685256,-0.10000000000000053,0.020000000000000018,1
2008-03-13,0.005280183738611166,1.022225659425445,0.006276382473027583,0.028041572450547836,0.007680578526460116,94.12446461397363,0.04222533912685256,-0.10000000000000053,0.009999999999999787,0
2008-03-14,-0.0002654764206727611,1.0227699099560907,0.005651488416193996,0.028034142509147042,0.009158964292221293,93.6240646704102,0.04249507125832497,-0.10000000000000053,0.010000000000000231,1
2008-03-17,0.008330723534059281,1.0244320129202384,0.005602804861357531,0.03604721783207543,0.0,93.40267504125134,0.04249507125832497,-0.10000000000000053,-0.30000000000000027,0
2008-03-18,-0.005715191493736116,1.0254607945924803,0.007286437014398261,0.0294526674105009,0.013481710489591627,82.3614727089305,0.04249507125832497,-0.10000000000000053,-0.5299999999999998,0
2008-03-19,-0.0012198031717928215,1.023683680310364,0.0055516746980570535,0.023692938407068542,0.012282523421961808,78.56154633691919,0.04249507125832497,-0.10000000000000053,-0.08000000000000007,0
2008-03-20,-0.012585369304279226,1.0192410155636937,0.007677407537787246,0.0037060431360795842,0.015398596455798455,62.91233141129489,0.04249507125832497,-0.10000000000000053,0.14000000000000012,1
2008-03-21,0.01651340635913323,1.0173831103910518,0.011499651098777692,0.023545602800825183,0.018291668340587326,70.44767686517314,0.04249507125832497,-0.10000000000000053,-0.14000000000000012,0
2008-03-24,-0.016700652635401658,1.0113383062276717,0.012908032981645962,0.006127629629330222,0.006619744852013241,57.662838983876945,0.04249507125832497,-0.10000000000000053,0.0,1
2008-03-25,0.011474940105562492,1.0087240522969867,0.014507675029204962,0.01761041465257107,0.015368780091865255,60.619885603753765,0.04249507125832497,-0.10000000000000053,0.33999999999999986,1
2008-03-26,0.0135769838248887,1.0088155750582284,0.015778532615966203,0.018276744776544174,0.0168742076713833,63.051899071590206,0.04249507125832497,-0.10000000000000053,-0.1200000000000001,0
2008-03-27,-0.0006325822100736733,1.0116037818678754,0.01369830645159982,0.012287536832087165,0.007093747387542688,64.55157557665663,0.04249507125832497,-0.10000000000000053,-0.029999999999999805,0
2008-03-28,-0.0033570618268812247,1.0105725635026523,0.012275848285863769,0.009157132407768609,0.005459626950073416,62.420965122764514,0.04249507125832497,-0.10000000000000053,-0.18000000000000016,0
2008-03-31,-0.00018908977702758456,1.012913785213728,0.00775526444400298,0.0006303364181237114,0.008879141442678356,62.290154396783464,0.04249507125832497,-0.10000000000000053,0.41999999999999993,0
2008-04-02,-0.005079609369521232,1.012237962452493,0.0073843173184139615,0.0012699748289024537,0.010022516674223422,54.37884171182022,0.04249507125832497,-0.10000000000000053,-0.3299999999999996,0
2008-04-03,-0.0006893464644228686,1.0089594284359482,0.0021326100988241737,0.001801753868698075,0.0107818735842233,51.49786257520239,0.04249507125832497,-0.10000000000000053,0.009999999999999787,1
2008-04-04,0.004453483467897756,1.0068345551515105,0.003629383088832352,0.019088871215795056,0.006921721611408062,53.79091105255639,0.04249507125832497,0.1999999999999993,0.06999999999999984,0
2008-04-07,-0.0020259750530469134,1.004930528540615,0.003455377554424565,0.0005025179437332383,0.006173835646446955,48.536980749746704,0.04249507125832497,0.1999999999999993,-0.019999999999999574,0
2008-04-08,-0.008084904054908137,1.0018686757973874,0.004729405136614268,0.009269002099201451,0.0046047561359443025,47.34681517406818,0.04249507125832497,0.2999999999999998,-0.010000000000000231,1
2008-04-09,0.015792337696197034,1.0021924269670601,0.008962882303335275,0.0135769838248887,0.01074199475010253,55.335671755851095,0.03619373519347202,0.2999999999999998,-0.029999999999999805,0
2008-04-10,-0.00517915855190576,1.0025030325430806,0.009494912041190975,-0.00517915855190576,0.011122255529265835,59.25983713031415,0.03619373519347202,0.2999999999999998,0.09999999999999964,1
2008-04-11,0.005078901344637732,1.0029497271163608,0.009555850809931947,0.0005063408696985849,0.006891098908086836,54.323536425469484,0.03619373519347202,0.2999999999999998,0.07000000000000028,1
2008-04-14,0.0001898664937174388,1.0038174608110548,0.009424168388565841,0.0040670185602205144,0.013079167433772524,66.45128724897539,0.03619373519347202,0.2999999999999998,-0.050000000000000266,0
2008-04-15,-0.002462598128030735,1.00634607208364,0.00824774978667377,0.001783832081334813,0.006973932726103061,58.30590457980515,0.03619373519347202,0.2999999999999998,0.0,1
2008-04-16,0.010899379889298899,1.0070916997077124,0.006383102186858123,0.017873052126712974,0.012274844647419526,56.654448130776984,0.039752176498688785,0.2999999999999998,0.03000000000000025,0
2008-04-17,-0.003514323154582555,1.0082833916399914,0.005963857971343892,0.014995600920097552,0.0073607898766987106,54.17701954714351,0.039752176498688785,0.2999999999999998,0.020000000000000018,0
2008-04-18,-0.010573179812499611,1.0062293930182156,0.007795436686642844,-0.00018877284846485765,0.01480919242774912,48.84354088460911,0.039752176498688785,0.2999999999999998,-0.050000000000000266,1
2008-04-21,0.011313356253512152,1.0066462909636542,0.009625258602706688,0.01317511525844317,0.009070504759595139,55.72892453466296,0.039752176498688785,0.2999999999999998,-0.040000000000000036,1
2008-04-22,0.004780459876808862,1.0074413618121663,0.009493056992783399,0.026316226466090997,0.010631473085267119,61.572357432752895,0.039752176498688785,0.2999999999999998,-0.2899999999999998,0
2008-04-23,-0.007127514448591388,1.0055409811720428,0.008951864982069454,0.003158918331881422,0.008378131248077514,57.17057097698229,0.039752176498688785,0.2999999999999998,0.19000000000000017,0
2008-04-24,-0.011966870770532156,1.0032252853917722,0.010244450743042378,-0.0036856850011908193,0.015321951996633817,48.31037767579783,0.039752176498688785,0.2999999999999998,0.07999999999999963,0
2008-04-25,-0.0030023385725221896,1.002559448802449,0.009309395004941696,-0.011696454107610887,0.009362485699167119,47.84490149232536,0.039752176498688785,0.2999999999999998,0.020000000000000018,1
2008-04-28,0.0010174394116202468,0.9996184263263221,0.006591265787204994,-0.010878716119407605,0.0055508553348216135,52.55114808976712,0.039752176498688785,0.2999999999999998,0.010000000000000231,0
2008-04-29,-0.0054796475618877905,0.9948838077751643,0.0048220286793354454,-0.013870311024969717,0.006884868085017749,40.17047942206655,0.039752176498688785,0.2999999999999998,-0.08000000000000007,1
2008-04-30,0.0035305366455522513,0.9918628556263286,0.006024509107804666,-0.021058598247835958,0.006964807090441002,45.31175635085105,0.039752176498688785,0.2999999999999998,0.16000000000000014,0
2008-05-02,-0.012038466686333793,0.989421391082584,0.006050643016115431,-0.029432664440263268,0.007843913573365096,36.02231942334333,0.039752176498688785,0.20000000000000018,-0.4900000000000002,1
2008-05-05,0.004153477942077766,0.9884072099860179,0.006894848964055422,-0.014986711806947994,0.005547215869600199,38.71984876877846,0.039752176498688785,0.20000000000000018,-0.029999999999999805,1
2008-05-06,0.0024390889268286475,0.9874511285281317,0.007065394603698171,-0.023630196228179745,0.00840992027142062,41.361768621345725,0.039752176498688785,-0.09999999999999964,0.05999999999999983,0
2008-05-07,-0.009707909462414843,0.9857412119208464,0.00787104370074415,-0.03770889987897119,0.01086653998605914,29.917799245671475,0.039752176498688785,-0.09999999999999964,0.09999999999999987,1
2008-05-08,0.005134144349566494,0.984858664102244,0.008195264200071621,-0.025824911445516796,0.00804643218437199,34.89394280789644,0.035446774013466076,-0.09999999999999964,-0.019999999999999796,1
2008-05-09,0.0016728068442313226,0.9863632223327569,0.005997419571521874,-0.012376542402892432,0.006050758089809618,40.669736482173796,0.035446774013466076,-0.09999999999999964,-0.020000000000000018,1
2008-05-12,0.00323236063912713,0.9877852792863061,0.005879273185508699,-0.006200464533591354,0.012218096013243418,34.23413225036664,0.035446774013466076,-0.09999999999999964,-0.09000000000000008,0
2008-05-13,-0.004055029529967613,0.9881306431215,0.006072881668048818,-0.011236358094827259,0.007932574235836282,28.095638638516903,0.035446774013466076,-0.09999999999999964,0.050000000000000044,0
2008-05-14,-0.0005104347984822288,0.990206091604716,0.003546726769629708,-0.006295909267107325,0.0052273269164643385,30.90577738603301,0.037592415497162524,-0.09999999999999964,0.09999999999999987,0
2008-05-15,-0.001174283635350326,0.9916458190049733,0.0027923951794329117,-0.010954660534331806,0.0075747709468517695,36.881401320714716,0.037592415497162524,-0.09999999999999964,0.0,1
2008-05-16,0.009388802751353564,0.9939781202041221,0.0051771069860239854,0.010496114885779173,0.009943915992770396,47.92343116913562,0.037592415497162524,-0.09999999999999964,-0.11999999999999988,0
2008-05-19,-0.004363337902665743,0.9944798981512221,0.005593948625783465,0.001925503409186291,0.008872859832137616,43.98587368957467,0.037592415497162524,-0.09999999999999964,0.040000000000000036,1
2008-05-20,0.008124498254961754,0.9975767267259833,0.006093950387957299,0.007607999898100681,0.01070287078887543,54.03128069212149,0.037592415497162524,-0.09999999999999964,0.040000000000000036,1
2008-05-21,0.008557057367725607,1.0023150761760167,0.006392951648238246,0.026192341701671173,0.01007906608169671,57.166960222271854,0.037592415497162524,-0.09999999999999964,0.039999999999999813,0
2008-05-22,-0.0035553498437215225,1.0063844023169828,0.006949153197375435,0.0173207970978575,0.007035516982854607,64.51741448436186,0.037592415497162524,-0.09999999999999964,0.020000000000000018,1
2008-05-23,0.0033779907975344248,1.0084872298510401,0.006181437227986227,0.01905261919257706,0.005578154159086634,64.13423474522432,0.037592415497162524,-0.09999999999999964,-0.05999999999999983,0
2008-05-26,-0.0003629504472952849,1.0112548962992776,0.005275078310683602,0.015400612615459996,0.0030571130762409976,62.381328298463956,0.037592415497162524,-0.09999999999999964,0.0,0
2008-05-27,-0.0056017105811574375,1.0116044281268894,0.005648428510897269,0.01382371737178234,0.00899250090579139,66.61154841708762,0.037592415497162524,-0.09999999999999964,0.24,0
2008-05-28,-0.002223054045185746,1.0096210918499062,0.00340988654809445,0.012086536643151735,0.008926647469608084,60.95182916960773,0.037592415497162524,-0.09999999999999964,-0.1499999999999999,0
2008-05-29,-0.00881433721492797,1.0072117830677374,0.004701946825902707,0.004345050575626397,0.011210753892010455,51.42233583331323,0.037592415497162524,-0.09999999999999964,-0.07000000000000028,1
2008-05-30,0.001476473863915917,1.0037323970974594,0.004126640954679581,-0.0035277416873387146,0.006461440725777594,50.05027530534034,0.037592415497162524,-0.09999999999999964,-0.029999999999999805,1
2008-06-02,0.0003264624593868337,1.0005835399858933,0.00425081940966198,0.0011659946280413447,0.004812752909540443,53.8213400813242,0.037592415497162524,0.0,0.08000000000000007,0
2008-06-03,-0.0061646454863005795,0.9977679226535628,0.004344463656138899,-0.013024519371833687,0.013103884824943074,49.047876689270424,0.037592415497162524,0.0,-0.1100000000000001,0
2008-06-04,-0.001142001008596516,0.9947467884273716,0.004423935392541945,-0.022516032749961612,0.003619788776005283,49.07366083511873,0.037592415497162524,0.0,0.030000000000000027,1
2008-06-05,0.010132720438771559,0.9952578415907094,0.0059156582339412855,-0.00908842365834761,0.014173937533948069,49.64823869576542,0.037592415497162524,0.0,0.0,1
2008-06-06,0.012580753675223821,0.9974456930722975,0.00791918084780546,0.0,0.01324127210280243,61.373525894271474,0.037592415497162524,0.5,0.029999999999999805,0
2008-06-09,-0.008963803660271386,0.9983645466568493,0.00964756020084157,-0.008603976029924798,0.014001831776079814,49.54040713040076,0.037592415497162524,0.5,0.010000000000000231,0
2008-06-10,-0.011474242925452627,0.9985834946578498,0.010885800940533562,-0.014458778153702001,0.013448596148890293,36.40132736366602,0.03064801554581531,0.5,-0.06000000000000005,1
2008-06-11,0.006067509396433524,0.9999052703820349,0.011133835415851076,-0.0062698817704238685,0.007957677766422255,42.91975136192206,0.03064801554581531,0.5,-0.010000000000000009,0
2008-06-12,-0.006230826061431105,0.9982333845282455,0.010404989402925361,-0.003679738530459886,0.011403589933382679,37.26732450697102,0.03064801554581531,0.5,0.05999999999999983,0
2008-06-13,-0.005947754749568213,0.9936250945232391,0.006746305353639139,-0.011065742681767854,0.009614999775062322,34.902615772885056,0.03734563882982056,0.5,0.010000000000000231,1
2008-06-16,0.0068239885948842005,0.9916212405057605,0.008155941008575593,-0.004642213539675755,0.010607731418616229,42.109327534518584,0.03734563882982056,0.5,0.040000000000000036,1
2008-06-17,0.003104440697609734,0.992783786737863,0.0064090478699858015,0.004641071729483803,0.0054220441472774,45.16983092025909,0.03734563882982056,0.5,-0.18999999999999995,1
2008-06-18,0.0010409550612926477,0.9933258771099152,0.005727008568661928,0.0068366664264341015,0.00456396202355188,50.78992836627682,0.03734563882982056,0.5,-0.030000000000000027,0
2008-06-19,-0.0018145984027206907,0.9946629191927503,0.004845087819802839,-0.0050716684207696705,0.007586407952200957,48.777763199820065,0.03734563882982056,0.5,0.09999999999999987,1
2008-06-20,0.007610772631655216,0.9984937447461352,0.003946130900118925,-0.009955007285063489,0.010040689085863263,52.95573774019323,0.03734563882982056,0.5,0.050000000000000044,0
2008-06-23,-0.006721380527241805,0.999947818463021,0.005362853695983002,-0.007714826954008158,0.009766200518632853,52.60609449641613,0.03734563882982056,0.5,-0.010000000000000009,1
2008-06-24,0.0030361225240358447,1.0009559201031724,0.005355099263890731,0.006850722186175107,0.007913282502409066,54.82696283370496,0.03734563882982056,0.5,-0.050000000000000044,1
2008-06-25,0.006677090512743344,1.0026472545051346,0.006015591176582998,0.007460777854860545,0.009192299408105451,53.1004116263806,0.03734563882982056,0.5,0.040000000000000036,1
2008-06-26,0.005040960465727551,1.0050163905065126,0.00577428453092864,0.018887860843819437,0.007858675364945717,48.721148737212204,0.03734563882982056,0.5,0.07999999999999985,0
2008-06-27,0.0,1.0059390656888485,0.005279314910777838,0.02498421558026931,0.00463692797221975,54.91679192785812,0.03734563882982056,0.5,-0.05999999999999983,0
2008-06-30,-0.00018895812560804082,1.0081973539941411,0.003033952269379695,0.017844775345793318,0.0063594874717218825,65.27188127939937,0.03734563882982056,0.5,0.4800000000000002,1
2008-07-02,0.008129535483119898,1.0107650788975278,0.0038349556342437987,0.022943712470916644,0.006855823715026691,66.49627459290791,0.03734563882982056,0.5,-0.5200000000000002,0
2008-07-03,-0.011209822846674378,1.0102331798200033,0.007358136112898298,0.01042488777101691,0.014014853263093794,61.3702329715781,0.03734563882982056,0.5,-0.030000000000000027,1
2008-07-04,0.00087994308349848,1.009328008647555,0.006917689773895175,0.013152469014391821,0.003622354194155727,67.71699257145306,0.03734563882982056,0.5,0.0,1
2008-07-07,0.0003930431439385096,1.009116219763729,0.00692670472038382,0.005895043181141757,0.00846382860618157,64.07364294593592,0.03734563882982056,0.5,0.07000000000000006,0
2008-07-08,-0.024564910434111353,1.004781465826445,0.012816145814784291,-0.012175131626106062,0.012261599234517846,42.24746802033251,0.03734563882982056,0.0,-0.020000000000000018,1
2008-07-09,0.026215960128753713,1.002084869580543,0.018732121129982685,0.010653178857059187,0.006047474966326319,56.18707348303329,0.03734563882982056,0.0,-0.22999999999999998,1
2008-07-10,0.0031254782117267066,1.0024446125173267,0.017986727486208165,0.007087538697053253,0.0064720121478895444,58.49579773788896,0.03734563882982056,0.0,0.019999999999999796,1
2008-07-11,0.010382829649592695,1.0038865194463344,0.01843951060291258,0.012440285599953027,0.011352899526353355,59.63850117786684,0.03734563882982056,0.0,-0.039999999999999813,0
2008-07-14,-0.003639071823290263,1.0043955356025138,0.018674732948260216,0.00875594268386215,0.005481507731949096,61.37056207732974,0.035363646864051246,0.0,0.09000000000000008,1
2008-07-15,0.000508691719314891,1.0102378144313202,0.011731660325089866,0.009459834116846588,0.009697868082571452,60.415523442541904,0.035363646864051246,0.0,0.10000000000000009,0
2008-07-16,-0.004841473623674819,1.0103696114603473,0.0060906235017175875,-0.003528291159136221,0.008840997661025623,54.76871377273468,0.0462932660840103,0.0,-0.2100000000000002,1
2008-07-17,0.002140518685123327,1.0102494273076421,0.006024600173274921,0.009925764056196718,0.006268074912859241,53.4139138165315,0.0462932660840103,0.0,0.07999999999999985,0
2008-07-18,-0.0001268335797578457,1.0079373197295753,0.002934255875903802,0.008909888278188172,0.004419436437074782,53.342738186732674,0.0462932660840103,0.0,-0.06999999999999984,1
2008-07-21,0.003787519060346911,1.0073145196218993,0.003248483837012223,0.012333263061786948,0.006212855567419434,55.23283204720041,0.0462932660840103,0.0,0.020000000000000018,0
2008-07-22,-0.007659043604224758,1.0050980191964138,0.004797600033087477,0.029878634881867372,0.011030975064943261,47.243651067757604,0.0462932660840103,0.0,-0.010000000000000009,0
2008-07-23,-0.006308439593086357,1.0030646585257519,0.005100562322368411,-0.0027618479085954606,0.007968162295234274,49.742273639665804,0.0462932660840103,0.0,0.07000000000000006,0
2008-07-24,-0.0002352670737083562,1.0008982503926938,0.004760437768927491,-0.006102869037947989,0.004791398854738811,49.145681668506825,0.0462932660840103,0.0,0.020000000000000018,0
2008-07-25,-0.001003140722513618,0.9988579862161832,0.0046847747557312745,-0.017303062621977894,0.005494215462388792,48.41144647062327,0.0462932660840103,0.0,0.06999999999999984,1
2008-07-28,0.004360384633873116,0.9967058739254272,0.0048735755214217085,-0.009413309883952836,0.004948809492796252,67.51131768838393,0.0462932660840103,0.0,-0.1299999999999999,0
2008-07-29,-0.009557212260518755,0.9946564874151201,0.005448189189314015,-0.019379390727563117,0.012877916283183716,42.04925930622795,0.0462932660840103,0.0,0.04999999999999982,0
2008-07-30,-0.0011057766085046383,0.9941093182733187,0.005031507519360342,-0.01569826718193823,0.005603588268303229,37.986115627235485,0.0462932660840103,0.0,-0.020000000000000018,1
2008-07-31,0.001247461656264992,0.9932317935054452,0.005167153346787214,-0.016575427185571145,0.00802603829569465,25.803967846149106,0.0462932660840103,0.0,0.06000000000000005,0
2008-08-08,-0.03489840468498506,0.987387884147212,0.015904194608682767,-0.05077498229781674,0.022333043408000988,15.534864566295965,0.0462932660840103,0.20000000000000018,-0.08000000000000007,0
2008-08-26,-0.026644613329911304,0.9767995607600324,0.015928984976896873,-0.07955292669176506,0.007042395654799399,11.253596911142182,0.05485022908404891,0.20000000000000018,-0.1299999999999999,1
2008-08-27,0.005316018288385571,0.9676263740586029,0.018232940776715084,-0.06751789209194037,0.008827319185995258,16.067974527632828,0.05485022908404891,0.20000000000000018,0.10000000000000009,0
2008-08-28,-0.0007946311558718611,0.9597615903570557,0.018276556898011005,-0.06234372344746708,0.008628474972018746,14.165736959975092,0.05485022908404891,0.20000000000000018,0.010000000000000009,0
2008-08-29,-0.002934112501048136,0.9513214289961642,0.017652169423406937,-0.06487490830631215,0.00803266858532418,13.80896181687153,0.05485022908404891,0.20000000000000018,-0.050000000000000044,0
2008-09-01,-0.00654415026275168,0.949415728677723,0.01215042187059941,-0.07006164839089879,0.009477004998474195,9.916646385547764,0.05485022908404891,0.20000000000000018,0.0,0
2008-09-02,-0.0040499476089760345,0.9519428283355592,0.004486198574678701,-0.0778487839869042,0.008397598222523705,10.304432628058237,0.05361297517641872,0.20000000000000018,0.020000000000000018,0
2008-09-03,-0.0020570239426319636,0.9532035048545952,0.00218172993681214,-0.07086573775416638,0.009872885153245614,10.771942990399168,0.05361297517641872,0.20000000000000018,0.04999999999999982,0
2008-09-04,-0.015263459215437591,0.9521777471523964,0.005355211262770425,-0.08403468765502853,0.02194038602945324,9.437541644903206,0.05361297517641872,0.20000000000000018,-0.019999999999999796,1
2008-09-05,0.0006994649719724855,0.9519180030965808,0.006098960072374072,-0.08453600823092455,0.009386071035509237,10.038999970697219,0.05361297517641872,0.5999999999999996,-0.020000000000000018,1
2008-09-08,0.05430058592900222,0.9607379219088938,0.027278467807809674,7.525384309503558e-05,0.0006617879442909997,35.92703146082685,0.05361297517641872,0.5999999999999996,-0.050000000000000044,0
2008-09-09,-0.05990460114900009,0.9614916378137301,0.04085345222573679,-0.034097763758201394,0.012011356688121878,27.5130574020193,0.05361297517641872,0.5999999999999996,0.040000000000000036,0
2008-09-10,-0.01162083045845086,0.9605891467863098,0.04093749791251881,-0.05037059715770409,0.015152065379341245,26.30590616758515,0.05361297517641872,0.5999999999999996,0.16000000000000014,1
2008-09-11,0.0008537443445297832,0.9624541840087568,0.04069476829089463,-0.048804006453815996,0.01014812328369373,26.1410161749846,0.05361297517641872,0.5999999999999996,-0.1200000000000001,1
2008-09-12,0.01742972071580451,0.9666994721129436,0.041762598339409554,-0.029377008888288314,0.018395054803843847,36.72389952413335,0.05361297517641872,0.5999999999999996,0.10000000000000009,1
2008-09-15,0.0020404626745347265,0.960691788809794,0.029614074657014718,-0.020989698381305044,0.02614709603512334,42.9164817102629,0.05361297517641872,0.5999999999999996,0.54,0
2008-09-16,-0.009385695753211576,0.9657840967915647,0.011529628449593867,-0.026234692733691056,0.013233637167126578,39.18408238188053,0.052166054569577236,0.5999999999999996,-0.6600000000000001,1
2008-09-17,0.013741760391857927,0.9747094403922637,0.010767943052071996,-0.01081867353118271,0.019096693169330783,43.39618318111886,0.052166054569577236,0.5999999999999996,0.8199999999999998,0
2008-09-18,-0.0017022868229339405,0.9832355413912492,0.011066726753362531,0.002803709654680686,0.016572639016240134,43.67773867190299,0.052166054569577236,0.5999999999999996,-0.6399999999999997,1
2008-09-19,0.00790110600650551,0.9897018100832476,0.008869716134749977,0.010020494111773859,0.02336396478079442,47.30433500925304,0.052166054569577236,0.5999999999999996,-0.6800000000000002,1
2008-09-22,0.02621844979239163,0.9978745019879087,0.013776828521856408,-0.01688220649843286,0.027312739198666038,54.33462471038112,0.052166054569577236,0.5999999999999996,0.030000000000000027,0
2008-09-23,-0.006964446765541754,1.0054509225019697,0.013065496569339132,0.038480693722874326,0.01349125981628215,53.13099421956976,0.052166054569577236,0.39999999999999947,-0.050000000000000044,0
2008-09-24,-0.004068050847877092,1.009986434367934,0.013475192329564812,0.04641632819518193,0.008684684118097561,55.858770705918865,0.052166054569577236,0.39999999999999947,-0.27,1
2008-09-25,0.0006003988701421825,1.014912926479387,0.013257342272718818,0.04615144949280259,0.012353467844566065,55.84201933753864,0.052166054569577236,0.39999999999999947,0.040000000000000036,0
2008-09-26,-0.002934408615544837,1.017677284233518,0.013494410081865643,0.02521244703997305,0.007951087416724173,40.63807435623757,0.052166054569577236,0.39999999999999947,-0.1499999999999999,0
2008-09-29,-0.014090963614831753,1.0127289971497389,0.005518072632675686,0.008707984758854481,0.017385796976230453,57.14373187843601,0.052166054569577236,0.39999999999999947,0.48,0
2008-09-30,-0.020623100867852906,1.0059135095251768,0.00882157394084015,-0.0027346728108111895,0.028165146629993875,53.04395678211759,0.052166054569577236,0.39999999999999947,0.46999999999999975,0
2008-10-01,-0.00569060258602716,0.9989685746997338,0.008658851487845112,-0.021851199899237117,0.013080257667289269,50.52786504592893,0.052166054569577236,0.39999999999999947,-0.8799999999999999,0
2008-10-02,-0.014857314514482245,0.9889297737856083,0.007215211099903752,-0.034740716104607716,0.01875341665806207,38.500254510419694,0.052166054569577236,0.39999999999999947,-0.47999999999999987,0
2008-10-03,-0.001668054337770064,0.9792502374150558,0.007608661259640038,-0.04390502876023461,0.01282174679501731,37.07215630991244,0.052166054569577236,0.39999999999999947,0.43000000000000005,0
2008-10-06,-0.020311346734828595,0.9720863188342408,0.008604841198801526,-0.08725535488376579,0.016359598692248987,34.389179291810635,0.053634866995927455,0.0,0.8599999999999999,1
2008-10-07,0.006155394561206284,0.96684884311279,0.01050906133520795,-0.07519630535954747,0.017732604172743856,30.56664345604129,0.053634866995927455,0.0,1.0100000000000002,1
2008-10-08,0.10075075700783298,0.9767460475114728,0.04960527127767776,0.02213647009292652,0.0090941174163949,60.02759746270511,0.053634866995927455,0.0,-0.22999999999999998,0
2008-10-09,-0.09086211082225715,0.9751626155366039,0.0686527760071441,-0.07129460080050198,0.014678618067156757,40.88544089299454,0.053634866995927455,0.0,-1.3400000000000003,0
2008-10-10,-0.01471096701074015,0.972603582094655,0.0689228835190133,-0.08226374210886844,0.02633468036200187,33.819151390451125,0.053634866995927455,0.0,-0.6099999999999999,1
2008-10-13,0.016714123194310426,0.9764767567681788,0.06869345184234951,-0.05358873858532964,0.015594243377627317,37.94129379784738,0.053634866995927455,0.0,0.0,0
2008-10-14,-0.00028599160105324817,0.9786860091486816,0.06869416916258639,-0.03393617249787606,0.010785528011603306,38.42477980041618,0.053634866995927455,0.0,0.31000000000000005,0
2008-10-15,-0.012785240712658963,0.960290180061241,0.04134395123977663,-0.04082927164908812,0.018724661578757937,36.83557343608934,0.053634866995927455,0.0,-0.06000000000000005,1
2008-10-16,0.0034265308704779507,0.9615366714233535,0.012839208570210038,-0.02302745516774818,0.012903679052122483,37.82220838692837,0.05331234535809526,0.0,-0.21000000000000008,0
2008-10-17,-0.004966495025286677,0.965309088782078,0.01093650780540597,-0.026255325423190867,0.009088698536096002,39.01067624115084,0.05331234535809526,0.0,-0.22999999999999998,0
2008-10-20,-0.008174402408235526,0.9660147147058159,0.006382309719379071,-0.01419201851005436,0.017637919252033313,40.73731507764046,0.05331234535809526,0.0,0.09999999999999998,0
2008-10-21,-0.018938601631234397,0.9636634234156783,0.008395475295040351,-0.03877854050030294,0.022897686647114154,39.14537941753718,0.05331234535809526,0.0,-0.029999999999999916,0
2008-10-22,-0.01871240009791464,0.9609074269952804,0.009530962278992527,-0.14309875059197885,0.02161009634416027,38.82623157369662,0.05331234535809526,0.0,0.14,1
2008-10-23,0.01000645866011074,0.9588983283261128,0.0119137552880895,-0.04802582024296953,0.020393883805566605,40.75099415048079,0.05331234535809526,0.0,0.12,0
2008-10-24,-0.024337878854852724,0.954168562910381,0.013641281677572729,-0.057327224399055465,0.034531335036188666,40.43872986032883,0.05331234535809526,0.0,0.019999999999999907,0
2008-10-27,-0.013087892366354104,0.948402761416499,0.013469872655931454,-0.08495893333884075,0.0247961690463482,37.94069879156692,0.05331234535809526,0.0,-0.029999999999999916,1
2008-10-28,0.02762896765148648,0.9491947540360383,0.021844896114492602,-0.05940829197976372,0.03802919353424696,20.439567722643247,0.05331234535809526,0.0,-0.25,1
2008-10-29,0.01172817227613776,0.9550820678541303,0.020833638800281107,-0.036052570465650136,0.026357922329323675,36.82631712736357,0.05331234535809526,0.0,-0.31000000000000005,0
2008-10-30,-0.007038818228422561,0.9572971975806778,0.020669197529785847,-0.04610616786686028,0.03473015194244615,38.556908643887006,0.05331234535809526,0.0,-0.06,0
2008-10-31,-0.012905204714779295,0.9622925979481617,0.01789057281439207,-0.05371665150388616,0.015737889666215775,29.626991677956667,0.05331234535809526,0.0,-0.07999999999999999,0
2008-11-03,-0.006611809451874895,0.967842198392702,0.01679241256139304,-0.05222580906276375,0.0247636996211617,28.61209634160518,0.05051082134695517,0.0,0.010000000000000009,1
2008-11-04,0.02900622755787663,0.9727128979431863,0.017309753046801598,-0.0059077378697789396,0.03972162416507907,40.90932009271699,0.05051082134695517,0.0,0.0,0
2008-11-05,-0.00507687010810931,0.979662714422492,0.016774694245479626,0.007905719932258526,0.022699215075337374,38.78404346342124,0.05051082134695517,0.0,0.0,0
2008-11-06,-0.01726514965135273,0.9804014944605935,0.018319679625800746,-0.019309165451089627,0.019458162794932014,36.547413073351954,0.05051082134695517,0.0,0.0,1
2008-11-07,0.0015001839077479762,0.983165759455406,0.017397598349853112,0.006662070681395793,0.014888418434410465,38.543047082169174,0.05051082134695517,0.40000000000000036,0.04000000000000001,1
2008-11-10,0.0026644258873396165,0.9884861513697332,0.016964067161865014,0.022729622379912273,0.015691122126056015,43.466345426909335,0.05051082134695517,0.40000000000000036,0.019999999999999962,0
2008-11-11,-0.01819828658860112,0.98545387790451,0.009996863188801292,-0.022879144888283687,0.024795159530117974,43.692659977101485,0.05051082134695517,0.40000000000000036,0.0,0
2008-11-12,-0.004547512721510882,0.9820878832927824,0.010028716392649333,-0.038598101499576765,0.015022674950468363,39.4954158938015,0.05051082134695517,0.40000000000000036,0.56,1
2008-11-13,0.026459897577367775,0.9862349474293424,0.01619350637939344,-0.006164075311812067,0.03386249965510633,53.41067159424506,0.05051082134695517,0.40000000000000036,0.0,0
2008-11-14,-0.014990477206070385,0.9875898830084796,0.01781126126654594,-0.008263588676190037,0.01651309764707096,52.811462185180346,0.05051082134695517,0.40000000000000036,-0.009999999999999953,1
2008-11-17,0.0037299636883327825,0.9885513967080546,0.017883099884202232,0.0020609884411757484,0.017441876909552612,45.987772036823,0.05051082134695517,0.40000000000000036,0.02999999999999997,0
2008-11-18,-0.000555977622112791,0.9921005819682366,0.015324463978149508,-0.026727109968554208,0.009418766499585639,41.57824041308227,0.05051082134695517,0.40000000000000036,0.010000000000000009,0
2008-11-19,-0.010417007644346166,0.994044131499516,0.01615552448710399,-0.03195104228744938,0.025442559916295352,40.718066737766414,0.04041441822057501,0.40000000000000036,0.0,0
2008-11-20,-0.005298936590259595,0.9905135115989001,0.007482010505514677,-0.020163651133622063,0.012063100266794293,42.90982926700675,0.04041441822057501,0.40000000000000036,0.10999999999999999,1
2008-11-21,0.012213177447290668,0.9905706071477821,0.008659598741989004,-0.009682394470985733,0.01578894896654264,49.29739425560261,0.04041441822057501,0.40000000000000036,0.07999999999999996,1
2008-11-24,0.025951728595651424,0.9931134131322321,0.014694346340616577,0.013318148145169628,0.029744905374820912,48.24059036384877,0.04041441822057501,0.40000000000000036,0.050000000000000044,1
2008-11-25,0.009006499064476259,0.9984802090692367,0.014512705807029291,0.04139622403574528,0.020112457083653938,53.00052723589644,0.04041441822057501,0.40000000000000036,-0.030000000000000027,0
2008-11-26,-0.010345195632869952,1.0049125609937475,0.01449205782856284,0.035330957064990676,0.0162117667694731,55.53401081874594,0.04041441822057501,0.40000000000000036,-0.05999999999999994,0
2008-11-27,-0.00032234635616923413,1.0119786159518123,0.01364176969093812,0.008317250723903769,0.007135599501940018,54.945101472385275,0.04041441822057501,0.40000000000000036,0.0,0
2008-11-28,-0.015288285634016519,1.013677084723699,0.01642604074859669,0.008012395422142715,0.02337352530723695,48.74536152449982,0.04041441822057501,0.40000000000000036,-0.010000000000000009,0
2008-12-01,-0.007786199415215966,1.0087396341413961,0.00948988033889791,-0.003552901596014957,0.009173838838595428,52.233665965174914,0.04041441822057501,0.40000000000000036,0.0,1
2008-12-02,0.009064460890665815,1.0047628114509712,0.009511198082536625,0.006038689155235311,0.015027766007333193,56.62893058301316,0.03737141161208801,0.40000000000000036,-0.050000000000000044,0
2008-12-03,-0.00041932892556617585,1.0025797287657765,0.009127954957778732,0.016202618477518804,0.010152167124272773,47.46507401219182,0.03737141161208801,0.40000000000000036,-0.10999999999999999,1
2008-12-04,0.005199064519224583,1.000360312853262,0.009832185583884443,0.026927545401461694,0.02184980603064128,56.03062364193895,0.03737141161208801,0.40000000000000036,-0.15999999999999998,0
2008-12-05,-0.004463674956442065,1.0006490534215398,0.006881342214854973,0.010008264477676665,0.012102425443946673,52.4702478678748,0.03737141161208801,0.6000000000000005,-0.08000000000000002,1
2008-12-08,0.17307895111062943,1.028395068579744,0.07652993930552435,0.1548491049655436,0.009780370967353987,81.06372740962388,0.03737141161208801,0.20000000000000018,0.0,0
2008-12-09,-0.13352640016135342,1.0300697189677113,0.10898950880976832,-0.008285613444803275,0.014462365184819432,53.80303518755722,0.03737141161208801,0.20000000000000018,0.010000000000000009,1
2008-12-10,0.006806399378484818,1.03260958800455,0.10889826585643088,0.008901675951529464,0.011055528996523855,55.176851152247835,0.03737141161208801,0.20000000000000018,0.73,1
2008-12-11,0.024273835412922384,1.0390738560200607,0.10904749328329372,0.033724806606089563,0.02898065082939709,56.4623769644664,0.03737141161208801,0.20000000000000018,0.030000000000000013,1
2008-12-12,0.0018028116313588693,1.045892884219163,0.10882903563871163,0.051666597038339646,0.011567167943045152,54.02834931484532,0.03737141161208801,0.20000000000000018,0.009999999999999981,1
2008-12-15,0.0256115417977838,1.022804294884117,0.06707848451742317,0.08706550887522568,0.02087867908209223,55.86762729201714,0.03737141161208801,0.20000000000000018,0.03,1
2008-12-16,0.026717634657235534,1.0346373236002038,0.011793587000078699,0.10608327936223749,0.03527915943716858,59.90096818832976,0.019899187661259088,0.20000000000000018,-0.009999999999999981,1
2008-12-17,0.024638349895019562,1.0483732820609502,0.010555570115045957,0.1338107858708295,0.028126273358962194,62.176799675557504,0.019899187661259088,0.20000000000000018,-0.05000000000000002,0
2008-12-18,-0.008004130181808233,1.055588364614117,0.016144475502204297,0.11891828836622453,0.03281105451158359,63.00638355241377,0.019899187661259088,0.20000000000000018,-0.009999999999999995,0
2008-12-19,-0.025679547405431213,1.0588938865129702,0.024112436120482944,0.09507302316630284,0.03425604372266146,60.366432300935806,0.019899187661259088,0.20000000000000018,0.0,1
2008-12-22,0.002372967567103368,1.0587050565008531,0.022190391563709246,-0.06428156869181734,0.01418292054514037,59.85741232727629,0.019899187661259088,0.20000000000000018,0.0,0
2008-12-23,-0.0015191655341315613,1.053279535521447,0.018200770319782573,0.07827511454667624,0.00723849759949791,59.70741387784719,0.019899187661259088,0.20000000000000018,0.0,1
2008-12-24,0.005099244102491518,1.0429922189878724,0.012284632678510106,0.07644677589894133,0.0056350018197601015,59.73921069766751,0.019899187661259088,0.20000000000000018,0.0,1
2008-12-25,0.0004344108168208294,1.0345485916494706,0.01244118208116171,0.05139305407325967,0.011131908789694755,60.319785157023745,0.019899187661259088,0.20000000000000018,0.0,1
2008-12-26,0.0008556856398087564,1.0309705126396955,0.002468269493059212,0.05039904439661824,0.008420192757298257,39.13412353871754,0.019899187661259088,0.20000000000000018,-0.020000000000000004,1
2008-12-29,0.000856398821285298,1.0267013697858967,0.0024189746973951438,0.025045606504494167,0.030979406868984937,76.24768972379022,0.019899187661259088,0.20000000000000018,0.010000000000000009,1
2008-12-30,0.007197291690070662,1.0243091305516328,0.0030715386372807364,0.005557052767289461,0.015418977213099939,76.39314304874472,0.011849072732885269,0.20000000000000018,-0.010000000000000009,0
2008-12-31,-0.011323728969025337,1.0191594061941165,0.0067249189768992575,-0.029735323355094323,0.020747601629881214,66.4358294976021,0.011849072732885269,0.20000000000000018,0.05000000000000002,1
2009-01-01,0.0013578648334411358,1.014415955004764,0.00676598155896127,-0.020578417220105116,0.007075012779780977,66.34991628941499,0.011849072732885269,0.20000000000000018,0.0,0
2009-01-02,-0.005429969908437804,1.0085168343219808,0.007094156400844491,-0.0002228214919075544,0.012938599382810443,56.6493243191318,0.011849072732885269,0.20000000000000018,-0.06000000000000001,0
2009-01-05,-0.019895724041846696,1.0074704881278986,0.010598802878556959,-0.022433845119071205,0.02945123553510502,37.13952362245639,0.011849072732885269,0.0,0.03,0
2009-01-06,-0.009956998430334374,0.9962595247289551,0.007827044260245341,-0.030694934941873142,0.023221029897875646,18.07164495286517,0.011849072732885269,0.0,-0.020000000000000004,1
2009-01-07,0.00747248356708341,0.9888079453952796,0.010514308503837817,-0.028406212661837182,0.022384743309792173,25.50827520315599,0.011849072732885269,0.0,0.020000000000000004,1
2009-01-08,0.006465995173121852,0.9831844770670908,0.01152169951820441,-0.02254850742396608,0.017981459260662545,39.80524625267666,0.011849072732885269,0.0,-0.009999999999999995,0
2009-01-09,-0.017814380102821548,0.9761027099764316,0.013061937857952993,-0.040781988922310886,0.02272220649102619,30.96866409719584,0.011849072732885269,0.5,-0.010000000000000009,0
2009-01-12,-0.007054141972725025,0.9731691470915961,0.010916138015064933,-0.04836342939260785,0.01040284280899152,29.336029958459235,0.011849072732885269,0.5,0.010000000000000009,0
2009-01-13,-0.011828976396922486,0.9717429148625216,0.011192522597950746,-0.06634013828881746,0.01537826686248917,22.832391750028492,0.011849072732885269,0.5,0.0,1
2009-01-14,0.0011366494035254249,0.970227444812189,0.009757518906202883,-0.05457313680505249,0.01701568189675287,23.293147375199183,0.011849072732885269,0.5,0.04999999999999999,0
2009-01-15,-0.004460531802180201,0.9663610182679716,0.007209089236453244,-0.06006654597796046,0.014202936312964156,21.805017901182993,0.011849072732885269,0.5,0.03,1
2009-01-16,0.0101816595861417,0.9662185992571014,0.008450123419419532,-0.045312539332092006,0.013837724999912558,27.53982557180933,0.004392942796761057,0.5,0.010000000000000009,0
2009-01-19,-0.014901027078418783,0.9653827763552721,0.01009750863847655,-0.0404473686785316,0.024031270148584916,20.280340787322217,0.004392942796761057,0.5,0.0,0
2009-01-20,-0.015964370792410976,0.9644577756551227,0.01102818072447982,-0.04626973189732042,0.01902694957168177,19.731880304366328,0.004392942796761057,0.5,0.010000000000000009,1
2009-01-21,0.009324644875331023,0.9649017066734096,0.012623006499641922,-0.04451637155259902,0.016880768390284538,23.983285951898736,0.004392942796761057,0.5,1.03,1
2009-01-22,0.00013007064696890502,0.966262271430696,0.012671973649574144,-0.050531350881111936,0.011752036385716086,25.046447851449997,0.004392942796761057,0.5,-0.020000000000000018,0
2009-01-23,-0.003215232508850141,0.9652142869662852,0.010640938008312067,-0.036418506360148206,0.018456031807884556,28.72688271352068,0.004392942796761057,0.5,-0.03,1
2009-01-26,0.01750557246670903,0.9697212999342905,0.012713202112891828,-0.012585095775270005,0.027892097553799275,40.59684894987312,0.004392942796761057,0.5,0.010000000000000009,1
2009-01-27,0.0018238451006720169,0.9780239902174545,0.008311458708706893,0.0010572789852143494,0.013930536648444883,37.76802931822141,0.004392942796761057,0.5,-0.010000000000000009,0
2009-01-28,-0.004748355727811182,0.9832796871298518,0.008891595127647742,-0.004827259581123955,0.015508275448665464,32.83108245439429,0.004392942796761057,0.5,0.010000000000000009,0
2009-01-29,-0.0163664627403155,0.9861718123680229,0.012303616503623433,-0.016728804720655965,0.019071256711998254,33.436246132177004,0.001562795984088039,0.5,0.04000000000000001,0
2009-01-30,-0.007804838766001243,0.9882856705984517,0.012675768535640675,-0.03423615655759893,0.012226478283932146,33.306804373778334,0.001562795984088039,0.5,0.0,0
2009-02-02,-0.0017172416559810832,0.9856806942081883,0.006920267499037131,-0.021311137213672726,0.014283614606221058,36.47256436170701,0.001562795984088039,0.5,0.009999999999999981,1
2009-02-03,0.01544622574637633,0.9844554805472308,0.01169088310941849,0.009928789566967078,0.01889183441605733,43.67433054067212,0.001562795984088039,0.5,0.0,0
2009-02-04,-0.01208429545439138,0.9827525531274485,0.012398104277002272,-0.01149296536875899,0.019003764254585047,41.166709838426215,0.001562795984088039,0.5,0.0,0
2009-02-05,-0.0050141532782508325,0.9839192063785386,0.010590670838894227,-0.016577405570130765,0.009622739084553673,34.75229602834635,0.001562795984088039,0.5,-0.009999999999999981,1
2009-02-06,0.010626094070261605,0.987291189151263,0.011347784800334422,-0.0029216257681967672,0.017854173807699894,44.719589826527155,0.001562795984088039,0.8999999999999995,0.0,1
2009-02-09,0.0024752815353790147,0.9910239978703896,0.011209171404077041,-0.01765017217773679,0.01528710559356798,52.64158508697115,0.001562795984088039,0.39999999999999947,-0.010000000000000009,0
2009-02-10,-0.0034739658615816627,0.9906017839234901,0.008531089873074396,-0.022845001300697,0.018360125304898986,46.573172373558315,0.001562795984088039,0.39999999999999947,0.01999999999999999,0
2009-02-11,-0.003564447319584385,0.9921230261741235,0.006494927835313187,-0.02168261988112441,0.01180769952648029,44.94534652949376,0.001562795984088039,0.39999999999999947,-0.01999999999999999,1
2009-02-12,0.0017789644746268873,0.994680956893374,0.005802589259864204,-0.0036352616510302305,0.016035606733504813,47.265046011905234,0.001562795984088039,0.39999999999999947,0.010000000000000009,0
2009-02-13,-0.0019298694200913236,0.9953738017269668,0.0028872748641564526,0.0022643965249535825,0.00901822100923429,35.84992582424124,0.001562795984088039,0.39999999999999947,-0.010000000000000009,0
2009-02-16,-0.005209298481508418,0.9940348658867373,0.002648324281145721,-0.001241588325144094,0.006873875166917475,32.5461656764695,0.001562795984088039,0.39999999999999947,0.0,0
2009-02-17,-0.01696040820398048,0.9900623080860224,0.007077771136014467,-0.03311565258511695,0.018092763500976265,28.822372119168065,0.001562795984088039,0.39999999999999947,0.03,0
2009-02-18,-0.0010306508240658374,0.9871011934188179,0.007309023484162889,-0.022297324740167768,0.008936495992172706,33.90826409244089,0.001974805834438431,0.39999999999999947,-0.01999999999999999,1
2009-02-19,0.007164997821430985,0.9848348284349332,0.008751659508541948,-0.010329728767033641,0.01531410714761606,42.16499033673918,0.001974805834438431,0.39999999999999947,-0.020000000000000018,1
2009-02-20,0.021636827685948434,0.9859951458658847,0.014396776510582443,0.0004526919401377505,0.028520513731863647,54.25260987240623,0.00480204584201549,0.39999999999999947,-0.009999999999999981,0
2009-02-23,-0.019701854413634257,0.9860846925752019,0.017179638908197858,-0.021679699519660867,0.022883760168136254,38.41143726868437,0.00480204584201549,0.39999999999999947,-0.010000000000000009,1
2009-02-24,0.015448815930217963,0.9919441622867523,0.016099380284129595,-0.0031026218174379228,0.01615678895799198,50.61944455386406,0.00480204584201549,0.39999999999999947,0.01999999999999999,0
2009-02-25,-0.011629999023101578,0.996024867508481,0.017664911177737504,-0.011171911723045214,0.015723981338756913,47.867137173099636,0.00480204584201549,0.39999999999999947,0.0,0
2009-02-26,-0.0002925831986042571,0.9978299420256377,0.017495419537418726,-0.01321667868076426,0.008728990726437208,42.80841165331609,0.00480204584201549,0.39999999999999947,0.010000000000000009,0
2009-02-27,-0.0032710872436125804,0.994478762338604,0.013202618915710245,-0.014542729163547263,0.01064154761735747,40.31023477895154,0.00480204584201549,0.39999999999999947,0.0,0
2009-03-02,-0.009058788763559256,0.9936707691871318,0.01062154929759254,-0.018356102350158943,0.006366898805836438,38.452564597750346,0.002333711262282767,0.39999999999999947,0.0,0
2009-03-03,-0.002568999643342118,0.9901829623721247,0.0047651281859144995,-0.003985126338576506,0.01134009389832137,38.80477107190347,0.002333711262282767,0.39999999999999947,-0.01999999999999999,1
2009-03-04,0.008480147558581841,0.9896759813159013,0.006370863216262804,0.005497543632555724,0.0154307159063619,42.02391812993045,0.002333711262282767,0.39999999999999947,0.009999999999999981,0
2009-03-05,-0.007226940281176875,0.9878977025036154,0.006823894418857089,-0.008870567294239629,0.012198615387319579,40.33285042880334,-0.0016092905945904734,0.39999999999999947,-0.009999999999999981,1
2009-03-06,0.007279549148144326,0.9883770729204018,0.008122176012012034,-0.022799118954425768,0.0154306215808169,45.197939052228655,-0.0016092905945904734,0.8999999999999995,0.0,0
2009-03-09,-0.0012118002766002833,0.9906072479567001,0.00672096356921533,-0.004367484380148001,0.012989748067167607,51.38450042094247,-0.0016092905945904734,0.5,0.0,1
2009-03-10,0.007439321127594489,0.9942868409760888,0.006898771737363968,-0.012220675337759168,0.015419815012090922,54.748904865509665,-0.0016092905945904734,0.5,0.0,1
2009-03-11,0.007082066402012588,0.9971822752410876,0.006642259929243956,0.006480207257206327,0.018041700611073797,54.74900893814747,-0.0016092905945904734,0.5,0.49,1
2009-03-12,0.007197672617549333,1.0026957839740527,0.0037863108395134156,0.014021207853533335,0.015973097435293637,48.7609475602208,-0.0016092905945904734,0.5,-0.010000000000000009,1
2009-03-13,0.0024049060749340434,1.0070377552021121,0.0038588929095105615,0.019795674237501615,0.006447667489397176,60.95253602033504,-0.0016092905945904734,0.5,-0.03,1
2009-03-16,0.0035683719293853056,1.0118941422925183,0.00236903922867162,0.032790515613105864,0.015023095317299132,55.10475168425445,-0.0016092905945904734,0.5,0.05000000000000002,1
2009-03-17,0.004405193260847096,1.0150722576980482,0.0021377130223581317,0.04001194775520611,0.00798559744217949,67.02825087417527,-0.0016092905945904734,0.5,0.0,1
2009-03-18,0.03458648074491144,1.0220358655670285,0.013617689221561067,0.06693453863772403,0.039828686520627266,78.1875431331953,0.0023104142746899203,0.5,-0.020000000000000018,1
2009-03-19,0.013197457315293093,1.0299342317528077,0.013525410689899528,0.08888466612478041,0.022533101382464754,82.97427202712754,0.0023104142746899203,0.5,-0.009999999999999981,0
2009-03-20,-0.005853859609459389,1.037472865773579,0.015319346252345949,0.07468724950672456,0.013983991588101341,84.96245281010212,0.0023104142746899203,0.5,0.009999999999999981,1
2009-03-23,0.0028331351920434233,1.0436682000382267,0.01539960338310594,0.07903956421612213,0.016350209493295093,87.2341362419506,0.0023104142746899203,0.5,-0.009999999999999981,0
2009-03-24,-0.010218837172176642,1.0481432323558837,0.01787773546379366,0.0601264137791131,0.01760700658339484,78.20403319768124,0.0023104142746899203,0.5,0.0,1
2009-03-25,0.007100774637195162,1.0461341423013844,0.009504576201413642,0.060146107401841675,0.013709029310112756,84.36008104145264,0.0023104142746899203,0.5,0.0,0
2009-03-26,-0.0034097187960989706,1.040865726955977,0.006901654707495727,0.04898108486198405,0.00937872096736892,80.69213711578111,0.0023104142746899203,0.5,-0.010000000000000009,0
2009-03-27,-0.017638536171712405,1.033980722380034,0.009932213948367926,0.028006335372196656,0.024147970466103164,69.9486640866059,0.0023104142746899203,0.5,-0.010000000000000009,0
2009-03-30,-0.007964451845626441,1.0248869049886409,0.009145285664838403,0.016192675000806123,0.012204279290640958,63.89530592689704,0.0020510794040580205,0.5,0.010000000000000009,1
2009-03-31,0.004609918883436315,1.018523575007188,0.009974681116629417,0.016399803238947408,0.011705616395728072,63.25870014461347,0.0020510794040580205,0.5,0.0,0
2009-04-01,-0.0004502194763703615,1.0110804519089822,0.008427578062692408,-0.018020997606441935,0.007782860996159752,60.86729639582052,0.0020510794040580205,0.5,0.0,1
2009-04-02,0.01706256800111272,1.0065898268817675,0.01306998073212384,-0.014274978004834571,0.019825925311203318,65.1791213960403,0.0020510794040580205,0.5,0.0,1
2009-04-03,0.0016457648686030169,1.0063314385233737,0.009141976943634741,-0.006838880631173216,0.00875111915398631,64.70067812497011,0.0020510794040580205,0.9000000000000004,-0.03,0
2009-04-06,-0.006180036581786674,1.0066712742225363,0.008628279529736277,-0.015765123147328697,0.015958508695494044,60.516072667748524,0.0020510794040580205,0.40000000000000036,0.010000000000000009,0
2009-04-07,-0.00957304217664301,1.0050079396590215,0.010278903338097358,-0.015122946894867928,0.012883956493347972,42.869262754075535,0.0020510794040580205,0.40000000000000036,0.0,0
2009-04-08,-0.001961144680726168,1.003487323899532,0.010335910642150418,-0.0239848965806142,0.011220002806754923,34.168411008243226,0.0020510794040580205,0.40000000000000036,0.25,0
2009-04-09,-0.00689589098276,0.9979053466677975,0.0044292115972886514,-0.02739909474356572,0.014736056401692666,33.87052680499741,0.0020510794040580205,0.40000000000000036,0.0,1
2009-04-10,0.0012122052088952007,0.9922972548630973,0.004278212241496628,-0.008735650780602344,0.0073098437703427565,32.71180641518146,0.0020510794040580205,0.40000000000000036,0.009999999999999981,1
2009-04-13,0.014272715601441721,0.9902342543493695,0.009307088690115558,0.013484229705445161,0.018985292386080217,45.60563981673454,0.0020510794040580205,0.40000000000000036,-0.01999999999999999,0
2009-04-14,-0.006729928674138241,0.9892936472866697,0.00868719043183187,0.0020442105986866466,0.010460639956231992,38.59985483750862,0.0020510794040580205,0.40000000000000036,0.03,0
2009-04-15,-0.0036238645562660654,0.9898679803762269,0.008810996266906571,-0.0011373544826828175,0.010047750633138893,38.5473568962783,0.0006727164100466254,0.40000000000000036,0.0,0
2009-04-16,-0.0034401943554782655,0.9919595129302322,0.008289560792931056,-0.021273228215767603,0.009981862341557776,45.09393718654851,0.0006727164100466254,0.40000000000000036,-0.010000000000000009,0
2009-04-17,-0.010279332963959664,0.9919925923755222,0.009492417985387917,-0.03292546388054507,0.013334947774355975,43.949296384675726,0.0006727164100466254,0.40000000000000036,-0.01999999999999999,0
2009-04-20,-0.008895082656334208,0.9880262337961407,0.003068522899481138,-0.03556744333329742,0.01137949328951326,36.98924206809781,0.0006727164100466254,0.40000000000000036,0.010000000000000009,1
2009-04-21,0.00046562824499085664,0.9849475485074581,0.004390996518102607,-0.0257922443609796,0.006632068310985592,37.48006752901728,0.0006727164100466254,0.40000000000000036,0.009999999999999981,1
2009-04-22,0.005475359362218546,0.9837458142096618,0.00654248714329071,-0.018533308624294254,0.010161390127225212,28.393660609364318,0.0006727164100466254,0.40000000000000036,0.0,1
2009-04-23,0.010394570203930753,0.9845988806032843,0.008964078570149392,-0.0014454609563847587,0.013012830491567595,35.25116636583738,0.0006727164100466254,0.40000000000000036,0.020000000000000018,1
2009-04-24,0.008909388259260131,0.987950850878499,0.007798710589224616,0.006231290318523763,0.013567513424279153,43.91661584782038,0.0006727164100466254,0.40000000000000036,-0.010000000000000009,0
2009-04-27,-0.018031243593570778,0.989940312357183,0.011536235342741648,-0.025816554450641016,0.017265655309724667,40.24573301440057,0.0006727164100466254,0.40000000000000036,0.010000000000000009,1
2009-04-28,0.008600688044055671,0.993345442911934,0.011930889831709694,-0.010780530062036386,0.014697188351336609,45.73190725535202,0.0006727164100466254,0.40000000000000036,-0.010000000000000009,1
2009-04-29,0.010281132183728614,0.9971937294529779,0.012359030010697882,0.0030245913327076046,0.016046686104832564,53.64354315656242,-0.00275197959690765,0.40000000000000036,0.01999999999999999,0
2009-04-30,-0.0023161712606234452,0.9994992430615969,0.012025588291994545,0.004155906080683058,0.013760049084422757,52.018093334534356,-0.00275197959690765,0.40000000000000036,0.020000000000000018,1
2009-05-01,0.002481151999584874,1.000489687841687,0.011359068541688144,0.01710250482047715,0.007084423961759025,46.349191658250696,-0.00275197959690765,0.40000000000000036,0.01999999999999999,1
2009-05-04,0.011352149239927112,1.006506784009877,0.005814772910356332,0.03788084010768644,0.01676983611369211,55.26147574752272,-0.00275197959690765,0.0,0.0,0
2009-05-05,-0.007656621330387914,1.0091667973180443,0.008135115011630814,0.029454836280202512,0.011036851125963108,53.14866671838467,-0.00275197959690765,0.0,-0.01999999999999999,0
2009-05-06,-0.00022631614521295695,1.0096438486145456,0.007007596861326494,0.023617182108598644,0.00931482051744466,54.77716479720488,-0.00275197959690765,0.0,-0.020000000000000018,1
2009-05-07,0.0059460835533804435,1.0111335063309292,0.007084371790679593,0.019110479970477323,0.01611959525697273,63.047138726018645,-0.00275197959690765,0.0,0.0,1
2009-05-08,0.01843994320501774,1.0149754431239564,0.010096421568513618,0.028737398441237127,0.02248181513780797,74.29905436484336,-0.00275197959690765,0.40000000000000036,-0.009999999999999981,0
2009-05-11,-0.0036013556913857547,1.0166975052369218,0.010170315888723774,0.043854544728678,0.007788391675364733,71.77014496497716,-0.00275197959690765,0.40000000000000036,0.0,1
2009-05-12,0.0040526162927632114,1.0202417918748308,0.008421581128758912,0.03914750315750326,0.01026389182896082,71.47147387641348,-0.00275197959690765,0.40000000000000036,-0.010000000000000009,0
2009-05-13,-0.004130962447678299,1.023003678956373,0.009166451728059159,0.024323617335618497,0.010746507641618852,65.87789700133354,-0.00275197959690765,0.40000000000000036,0.0,1
2009-05-14,0.0034908450850643646,1.0249218717939788,0.009111193471671055,0.03028569050729457,0.009736465108821759,64.10461695573235,-0.00275197959690765,0.40000000000000036,0.0,0
2009-05-15,-0.009829394835152883,1.0211037311698756,0.005813523922714563,0.017633701768302812,0.0135560418370847,69.55584640717811,-0.00295357265085483,0.40000000000000036,0.010000000000000009,1
2009-05-18,0.004148657352369245,1.0182186821516739,0.006294321416856017,0.01038546867688872,0.010021714006765317,68.11104663036423,-0.00295357265085483,0.40000000000000036,-0.010000000000000009,1
2009-05-19,0.005480201707436905,1.0153755187311007,0.0065759121424189635,0.023761136200153743,0.009756959650328027,66.38029629740167,-0.00295357265085483,0.40000000000000036,-0.010000000000000009,1
2009-05-20,0.010316001774103967,1.0152204553803026,0.007507338462400778,0.03455639471270988,0.017787959114395666,71.89001275265097,-0.00295357265085483,0.40000000000000036,-0.009999999999999981,1
2009-05-21,0.009664691582763618,1.016347691740375,0.008146106441272699,0.038380764407195844,0.013752967785384025,74.01158737322666,-0.00295357265085483,0.40000000000000036,0.03,1
2009-05-22,0.006973524131129727,1.0209688226490912,0.002647445251641998,0.02668983546985748,0.010462676387029723,72.9180438845914,-0.00295357265085483,0.40000000000000036,0.0,1
2009-05-25,0.00028008075860519455,1.0238749485023193,0.004016203099248748,0.03068927020713863,0.004911700540140675,79.37828340213929,-0.00295357265085483,0.40000000000000036,0.0,0
2009-05-26,-0.0009235821711534031,1.0259476097653544,0.00526632908149331,0.025581057470123625,0.011515327049463116,78.71416151128489,-0.0050153689243624955,0.40000000000000036,0.009999999999999981,0
2009-05-27,-0.01144061913016814,1.0247029847598146,0.008211387839024727,0.018053315219398458,0.012872748292336896,67.43754545719707,-0.0050153689243624955,0.40000000000000036,-0.009999999999999981,1
2009-05-28,0.007021264055022902,1.0224568371114726,0.007566658326316181,0.021634966964487745,0.013277680360164117,63.07071431391569,-0.0050153689243624955,0.40000000000000036,0.0,1
2009-05-29,0.016224054502445018,1.0213873729202703,0.010239907721062896,0.04851630914379479,0.016751003256531376,71.91475876782883,-0.0050153689243624955,0.40000000000000036,0.01999999999999999,1
2009-06-01,0.0004814822985785838,1.020901363244585,0.01023070079482253,0.04468710235829443,0.010056016288792097,70.82682247435287,-0.0050153689243624955,0.40000000000000036,0.01999999999999999,1
2009-06-02,0.010216348986293422,1.0217898951385038,0.01056809696247811,0.0496079272225618,0.015797059551292892,76.98344548680205,-0.0050153689243624955,0.40000000000000036,-0.009999999999999981,0
2009-06-03,-0.011107454596502642,1.023265827186995,0.010442766125211394,0.02735129702407968,0.015900103861896702,67.7646470918568,-0.0050153689243624955,0.40000000000000036,0.009999999999999981,1
2009-06-04,0.001999055065676991,1.0239274608949664,0.010389096045359435,0.019551379205819952,0.011432536674319132,75.22396000615673,-0.0050153689243624955,0.40000000000000036,-0.009999999999999981,0
2009-06-05,-0.014530826338379765,1.0200307323086302,0.010119614072448792,-0.0022215767405955322,0.023766189133652478,63.89065805518305,-0.0050153689243624955,0.9000000000000004,0.009999999999999981,0
2009-06-08,-0.00493553355500731,1.015124989424362,0.00999804623621579,-0.007424147026928396,0.013587112864130843,59.115586879869724,-0.0050153689243624955,0.5,0.0,1
2009-06-09,0.01153192292433225,1.0100727713028608,0.010461474148729295,0.004950315400309213,0.017348833558443973,59.650939972072656,-0.0050153689243624955,0.5,-0.03,0
2009-06-10,-0.005649494344487249,1.0062599059206438,0.009715461747259018,0.010837460666961451,0.01606084780257711,52.68114250775785,-0.0050153689243624955,0.5,0.0,1
2009-06-11,0.009087410832977927,1.003587517701545,0.010942391587203093,0.012911437291827532,0.01565727929966713,53.64315134886208,-0.0050153689243624955,0.5,-0.009999999999999981,0
2009-06-12,-0.007784583302990922,1.0022133044778754,0.00910261015708565,-0.01101893880897209,0.013367768508842979,49.81460485476065,-0.0050153689243624955,0.5,0.0,0
2009-06-15,-0.015439123839173008,0.9997133636318822,0.011541491280942407,-0.026756539385790257,0.017429899854154857,44.158367306704776,-0.0050153689243624955,0.5,0.04999999999999999,1
2009-06-16,0.003263852586146143,0.9956744958523303,0.009611476867798237,-0.033454581506348835,0.012867869046924343,49.88002371764893,-0.0050153689243624955,0.5,0.0,1
2009-06-17,0.007819330412243364,0.9944340779069478,0.010624002063629918,-0.014955506533998464,0.012052590759634803,50.207340944320606,-0.004056273187893811,0.5,0.01999999999999999,0
2009-06-18,-0.001655905547099712,0.9916053452108347,0.00915743786029023,-0.018548622522730374,0.008906827373988143,41.83609235451928,-0.004056273187893811,0.5,0.010000000000000009,1
2009-06-19,0.0023012609474166723,0.991031485420423,0.008880390517708867,-0.0017851603120545567,0.008322682677935891,42.80827792503259,-0.004056273187893811,0.5,0.0,0
2009-06-22,-0.0058649903462453246,0.9926798868563151,0.005180597444739876,-0.0027175597626923897,0.007869589608781723,34.65829645242053,-0.004056273187893811,0.5,-0.010000000000000009,1
2009-06-23,0.014916290336794535,0.9958607711911039,0.00813498049578172,0.0006191319573300991,0.019622573354864167,47.39932162465147,-0.004056273187893811,0.5,0.0,0
2009-06-24,-0.009312577121235344,0.9955219652239652,0.00937584987771274,-0.0030670437800083272,0.017624983154526184,42.57436467489314,-0.004056273187893811,0.5,-0.03,1
2009-06-25,0.00320277777587763,0.9963364090912219,0.009403113838224272,-0.008880796450891681,0.008490459973929403,50.476837142351364,-0.010486584980384128,0.5,-0.01999999999999999,1
2009-06-26,0.004820153714744535,0.9982203196688157,0.00955328390459064,0.00371001468118215,0.00928596677061224,55.236184048508086,-0.010486584980384128,0.5,-0.010000000000000009,1
2009-06-29,0.002352369135417254,1.0016522268463932,0.008619445185816461,0.02184754188453719,0.008302449368125582,50.87245772848713,-0.010486584980384128,0.5,-0.009999999999999981,0
2009-06-30,-0.003355288368446452,1.002143495691537,0.005830012645960947,0.015105793045084193,0.010348295882733805,52.158388887276594,-0.010486584980384128,0.5,0.04999999999999999,1
2009-07-01,0.007268466135246676,1.0050326613897285,0.003945939207045737,0.01455094605824181,0.013851535247651304,51.198887678228836,-0.010486584980384128,0.5,-0.01999999999999999,0
2009-07-02,-0.012966540925760661,1.0054229447785954,0.008066593982339474,0.003056696843266593,0.015284909284445173,48.35161663858938,-0.010486584980384128,0.5999999999999996,-0.03,1
2009-07-03,0.00018149345799356453,1.0041353036414702,0.007571088866104242,0.0009353316820508439,0.00580169857297736,57.9009871595042,-0.010486584980384128,0.5999999999999996,-0.010000000000000009,1
2009-07-06,0.0012159989944098282,1.0023093498383513,0.007449980968913094,0.008064758113571768,0.008175849159079884,56.809084739028954,-0.010486584980384128,0.09999999999999964,0.01999999999999999,0
2009-07-07,-0.004369635718413756,1.0010792147591139,0.007525499269989365,-0.011090971840657549,0.010361464381464992,48.92984850914957,-0.010486584980384128,0.09999999999999964,0.0,0
2009-07-08,-0.002650866150919251,0.9977064899908568,0.005626928742265984,-0.004441219386557949,0.007461393067080045,48.28446080044453,-0.010486584980384128,0.09999999999999964,-0.01999999999999999,1
2009-07-09,0.010731367689582605,0.9990121567934763,0.005864631035539981,0.0030300057338945585,0.01487311833000936,53.479713535371744,-0.010486584980384128,0.09999999999999964,-0.010000000000000009,0
2009-07-10,-0.006702250997426051,0.9988788698692723,0.006838338301774115,-0.008471871116196628,0.010341895185679809,52.92402847449794,-0.010486584980384128,0.09999999999999964,0.0,1
2009-07-13,0.004029200927051502,0.9983329427364291,0.0071102439548099295,-0.006813147158426958,0.006956938302962073,46.00661263096218,-0.010486584980384128,0.09999999999999964,-0.01999999999999999,0
2009-07-14,-0.0013273952462924399,0.9986227289746122,0.00674122723929209,-0.004792289811384798,0.0072303447692136,51.674806090203965,-0.010486584980384128,0.09999999999999964,0.0,1
2009-07-15,0.00933560110127929,1.001224993654433,0.0073076273814551415,-0.002749906151654713,0.011839619638968442,55.825634414762824,-0.0031283119201234166,0.09999999999999964,0.010000000000000009,1
2009-07-16,0.0027716061139160253,1.002031879508514,0.006012652022193196,0.01315114407924356,0.007222490577362572,54.53608462722523,-0.0031283119201234166,0.09999999999999964,0.009999999999999981,0
2009-07-17,-0.0025529425351888957,1.0039082984720689,0.004725117725350696,0.0103812498420226,0.005559365340371359,50.96954333370073,-0.0031283119201234166,0.09999999999999964,0.0,1
2009-07-20,0.007574898331708768,1.0058291995036832,0.005257248660991821,0.016798359303410226,0.001209387930429242,58.37274248456522,-0.0031283119201234166,0.09999999999999964,0.0,0
2009-07-21,-0.0009371120792589505,1.0086107730934415,0.005176232342781615,0.020303861475474916,0.0014075743367587808,53.05116370669239,-0.0031283119201234166,0.09999999999999964,-0.009999999999999981,1
2009-07-22,0.000525583975431454,1.0091398983026516,0.003931727791770632,0.023553419949739807,0.0007529692692371565,66.16654151902347,-0.0031283119201234166,0.09999999999999964,0.0,0
2009-07-23,-0.0030025625122672706,1.0088183505597164,0.004288045983906869,0.009645262276164912,0.0006233461043814346,62.569814280743344,-0.0031283119201234166,0.09999999999999964,0.009999999999999981,1
2009-07-24,0.003439345377172387,1.0097706473835568,0.004117812379068116,0.019953767195070027,0.0,63.98359369568888,-0.0031283119201234166,0.09999999999999964,0.0,1
2009-07-27,0.002464623307201874,1.009693875212244,0.0025900465881564267,0.018364374340797074,0.001110089742643595,70.33254709729562,-0.0135416714580755,0.09999999999999964,0.010000000000000009,0
2009-07-28,-0.0070871871027101685,1.0085642516734061,0.0043227276546140775,0.012491011236338556,0.0018557150182634684,65.20087355803881,-0.0135416714580755,0.09999999999999964,-0.010000000000000009,0
2009-07-29,-0.009291636978962403,1.006296758807364,0.005638116405009879,-0.006194459780264783,0.0016137696091253007,49.22348894022235,-0.0135416714580755,0.09999999999999964,0.020000000000000018,1
2009-07-30,0.0050141519564999015,1.004727267112474,0.006588703720700902,-0.003971965177337777,0.001210551800199623,59.01531713083293,-0.0135416714580755,0.09999999999999964,0.0,1
2009-07-31,0.012434837519200714,1.0043394030566768,0.008942945048519498,0.010994492442850001,0.0,64.11681089303973,-0.0135416714580755,0.0,0.009999999999999981,1
2009-08-03,0.01065038737877022,1.005128591131447,0.010028535817945982,0.014080419348428519,0.0006922481115167124,70.21264953972624,-0.0135416714580755,0.0,0.0,1
2009-08-04,0.0005335165873201486,1.0072080187572179,0.008732124207133603,0.015573153942958662,0.0015410821023663435,66.43008044753644,-0.0135416714580755,0.0,-0.009999999999999981,0
2009-08-05,-0.000547699636724297,1.0109213370267807,0.005831523126873281,0.014483728504439242,0.0007210436297983171,64.46652571695105,-0.0135416714580755,0.0,0.0,0
2009-08-06,-0.0026876390523582483,1.0137547162004157,0.006942033780763669,0.014804175392053143,0.0010481110073717777,64.28563258926019,-0.0135416714580755,0.0,0.0,0
2009-08-07,-0.01265844727127452,1.011864279077388,0.00832223616995882,-0.001475938866471238,0.0,48.974796441850614,-0.0135416714580755,-0.09999999999999964,0.0,0
2009-08-10,-0.004225193453092246,1.0074065835824662,0.005224425679673185,-0.008139458799663934,0.0007067651121236705,46.81936904812791,-0.0135416714580755,-0.09999999999999964,0.0,1
2009-08-11,0.001344270955083715,1.002979880637652,0.00540650197597446,0.0002830637458037799,0.0005663042723706194,47.39189990664095,-0.0135416714580755,-0.09999999999999964,-0.010000000000000009,1
2009-08-12,0.0047343104567301175,0.9998352388434426,0.006578794129236925,0.014444564946954008,0.0012359405474025964,52.45349778477983,-0.0135416714580755,-0.09999999999999964,-0.010000000000000009,1
2009-08-13,0.004139981586665842,0.99799630535467,0.007255413535019426,0.013562191918883304,0.0007857700304137259,52.88974749004697,-0.02154383819765404,-0.09999999999999964,0.0,0
2009-08-14,-0.004830356342116038,0.9978624603787207,0.004535258802014016,-0.003722226875772172,0.0,48.24186513539803,-0.02149821380502881,-0.09999999999999964,0.0,0
2009-08-17,-0.007109444565832845,0.9978805965948033,0.005353602055569149,-0.02122949352484571,0.0017038876221801176,48.24050279417255,-0.02149821380502881,-0.09999999999999964,0.020000000000000018,1
2009-08-18,0.004192956272912829,0.9982091869262312,0.00571743697472761,-0.017649651795305643,0.002558119865634958,57.04839567056637,-0.02149821380502881,-0.09999999999999964,0.0,1
2009-08-19,0.006271630974988174,0.9985594162961515,0.006052066418522557,-0.01094700895932077,0.0019918746034775386,57.782700183419365,-0.02149821380502881,-0.09999999999999964,0.0,1
2009-08-20,0.0004278637305870081,0.9979966852698574,0.005717395841124945,-0.00785730761124992,0.0009841840050412156,50.0,-0.02149821380502881,-0.09999999999999964,0.0,1
2009-08-21,0.004267611777571956,0.9992159955206826,0.005312521210185588,0.009151057680216068,0.0,44.49016410004763,-0.02149821380502881,-0.09999999999999964,-0.010000000000000009,0
2009-08-24,-0.0019438546324372918,1.001683282858743,0.00332245219859015,0.01146304174393653,0.0008574722774817321,42.521964799963925,-0.02149821380502881,-0.09999999999999964,0.0,0
2009-08-25,-0.000628446027703955,1.0028687213745293,0.0034571626741820754,0.009470390087771285,0.0013587476988041669,42.46751711736051,-0.02149821380502881,-0.09999999999999964,-0.010000000000000009,0
2009-08-26,-0.00334558551376829,1.0018411458334422,0.002892368309905501,0.0013524074008857134,0.0012542842570369165,42.01841069892159,-0.02149821380502881,-0.09999999999999964,0.0,1
2009-08-27,0.009601190527528836,1.0024128302217168,0.005317857041060831,0.006798455581948248,0.001808752460929313,61.216993279593595,-0.02149821380502881,-0.09999999999999964,-0.009999999999999981,0
2009-08-28,-0.0009047079899036081,1.0026094462682424,0.005167777428791851,0.01076997613962738,0.004033115997390342,64.97926437685473,-0.02149821380502881,-0.09999999999999964,0.0,0
2009-08-31,-0.0012047961729437784,1.0035481088120233,0.005088369032898841,0.016780952155592832,0.00044449955899127525,62.63197728239386,-0.02149821380502881,-0.09999999999999964,0.009999999999999981,0
2009-09-01,-0.009109830621398363,1.0032677930616947,0.006776930050636033,0.0033114090361878734,0.0014641118955589557,49.694261761577565,-0.02149821380502881,-0.09999999999999964,0.0,1
2009-09-02,0.004367842952589074,1.0042826525863562,0.006982259436182977,0.0014132215245230562,0.0005425098563751924,49.889449865729745,-0.02149821380502881,-0.09999999999999964,0.010000000000000009,0
2009-09-03,-0.0012403565866508925,1.0030567251392402,0.004816118215727429,-0.00025664188358753837,0.0006417694138801471,53.17613060013668,-0.020152595029239828,-0.09999999999999964,-0.010000000000000009,1
2009-09-04,0.002644340839680126,1.0017693339509577,0.005194280921002506,-0.001872599940532349,0.0,63.16132734181354,-0.020152595029239828,0.1999999999999993,0.0,1
2009-09-07,0.002651460943053685,1.000913767385276,0.005420656463165976,0.0027230437104854843,0.0006597606945154107,62.032656457369185,-0.020152595029239828,0.29999999999999893,0.0,1
2009-09-08,0.012009441265369736,1.0037642423534383,0.004882794112348311,0.015403313388175688,0.0005659605857683843,66.10360170239413,-0.020152595029239828,0.29999999999999893,0.0,1
2009-09-09,0.003025908354000739,1.006434535368175,0.004900315796124865,0.021894666750514435,0.0007714847438994322,67.67624876875769,-0.020152595029239828,0.29999999999999893,0.0,1
2009-09-10,0.002289298011159069,1.0099016644468168,0.004192538715814063,0.014493740487316442,0.0005395007504693346,66.54457153850466,-0.020152595029239828,0.29999999999999893,0.010000000000000009,0
2009-09-11,-8.74777698139928e-05,1.0125780749811084,0.004651614147263407,0.015323566180069026,0.0,68.8691387908613,-0.020152595029239828,0.29999999999999893,-0.010000000000000009,1
2009-09-14,0.004334371248398083,1.015019316217469,0.00459216276855952,0.020954397403883274,0.0011992392145605925,72.0436212931852,-0.020152595029239828,0.29999999999999893,0.010000000000000009,1
2009-09-15,0.0018926015382598749,1.0155543490303864,0.001622601080233136,0.03229065024266675,0.0009531262581896337,77.35200211254082,-0.020152595029239828,0.29999999999999893,0.010000000000000009,1
2009-09-16,0.002795268235974646,1.0162162287423246,0.001599598911071404,0.030674355786248553,0.00088272924909673,74.25136932673986,-0.01577119883040934,0.29999999999999893,0.0,1
2009-09-17,0.0014291073771175444,1.0166531798075102,0.001639380720068738,0.03342912072824067,0.0008844633267326957,76.38313157921365,-0.01577119883040934,0.29999999999999893,-0.010000000000000009,0
2009-09-18,-0.0011479170447677989,1.0171459808077963,0.002014418877382883,0.029520426915818687,0.0,76.42514848812095,-0.01577119883040934,0.29999999999999893,0.0,0
2009-09-21,-0.0021732368170359617,1.016336220355901,0.002116315147863387,0.024566437328015667,0.0008669502866237177,88.83288255864811,-0.01577119883040934,0.29999999999999893,-0.010000000000000009,1
2009-09-22,0.00870944476538682,1.0164315048782628,0.004279903644362767,0.02122549452717104,0.0027126380684890207,89.92393889628224,-0.01577119883040934,0.29999999999999893,0.0,0
2009-09-23,-0.005802011303825627,1.0149111350114244,0.0054174389901592455,0.012237395074182533,0.0015004351545278211,81.65290345181107,-0.01577119883040934,0.29999999999999893,0.0,0
2009-09-24,-0.005098565273138678,1.0128115657688535,0.0058197238824338315,0.004776204476915957,0.0022543347897901562,72.89779246408739,-0.01577119883040934,0.29999999999999893,-0.009999999999999981,1
2009-09-25,0.0023202414951872807,1.011252592185471,0.006016309476059107,0.007195635147849044,0.0,72.76123820520823,-0.01577119883040934,0.29999999999999893,-0.010000000000000009,0
2009-09-28,-0.00431339040035017,1.0094259976093438,0.0062450049530406995,-0.0014767632443234424,0.00092201846792637,58.81311433190735,-0.01577119883040934,0.29999999999999893,0.0,0
2009-09-29,-0.0020428061484094595,1.005090716196428,0.0032863589991797715,-0.005398936155085465,0.0009627933670603758,53.35084693743332,-0.01577119883040934,0.29999999999999893,-0.020000000000000004,1
2009-09-30,0.004337921273158463,1.002806882627813,0.004134409589719439,-0.003868888696220041,0.0010835787267815743,55.400807623518894,-0.01577119883040934,0.29999999999999893,-0.039999999999999994,0
2009-10-01,-0.009493454398710632,1.0000681220974612,0.005481980953654204,-0.01473366536377363,0.0020357540128514724,46.091586237361625,-0.01577119883040934,0.29999999999999893,0.039999999999999994,1
2009-10-02,0.0051065077362184574,0.9977587515264751,0.006115404294548535,-0.008564309275544524,0.0006852686282436892,46.80039176827738,-0.01577119883040934,0.40000000000000036,0.020000000000000004,1
2009-10-05,0.004793857273913682,0.9971654645488024,0.0063386432806913405,-0.0016418393666708386,0.0008791910791541941,49.37218109242264,-0.015469830403129547,0.10000000000000142,0.0,1
2009-10-06,0.004210310442597676,0.9981988511800168,0.006318396264446095,-0.006094803984233899,0.0013258895440240433,50.544890295420515,-0.015469830403129547,0.10000000000000142,-0.010000000000000009,0
2009-10-07,-0.0006913671019224132,0.998412736610275,0.0062109862720249225,-0.0009856648741046747,0.0019251421309633076,48.78551032855994,-0.015469830403129547,0.10000000000000142,0.010000000000000009,1
2009-10-08,0.004744789017533391,1.0013499783199726,0.0024386639526060966,0.008898381624234064,0.0013141699212433572,53.48488706679229,-0.015469830403129547,0.10000000000000142,-0.010000000000000009,0
2009-10-09,-0.0031972354929592495,1.0027868462002656,0.0036903858512258446,0.0033446939169139434,0.0,52.62616569535826,-0.015469830403129547,0.10000000000000142,0.0,1
2009-10-12,0.0039939908500270516,1.0040859989674729,0.003552235757004428,0.011715969394106907,0.0011093397526654252,48.91999259778555,-0.015469830403129547,0.10000000000000142,0.0,1
2009-10-13,0.0035928231536275224,1.0051801467894272,0.00345748521224501,0.017429296776868552,0.0008909753972432598,57.0624512494178,-0.015469830403129547,0.10000000000000142,0.0,1
2009-10-14,0.005793588397791538,1.0074270373450993,0.0035564227686980996,0.018903938277091026,0.000642188409489156,66.33138545197173,-0.015469830403129547,0.10000000000000142,0.0,1
2009-10-15,0.0016002817837157401,1.009036944686721,0.0034438093593697327,0.03031572705999075,0.001568313124443845,65.93166178469818,-0.013810879609529536,0.10000000000000142,0.010000000000000009,0
2009-10-16,-0.0032052538967910493,1.0107416478550195,0.0034470425831894017,0.021795496950893778,0.0,67.14773875658733,-0.013810879609529536,0.10000000000000142,-0.010000000000000009,1
2009-10-19,0.003816084295937161,1.0121124191257027,0.0034267545530245135,0.02080117954070637,0.0010033079289446093,71.64167548098527,-0.013810879609529536,0.10000000000000142,0.0,0
2009-10-20,-0.0020310712397221264,1.0128915447352647,0.003806281685817406,0.014456682061420478,0.0007761029574048547,66.85133701524033,-0.013810879609529536,0.10000000000000142,0.0,1
2009-10-21,0.004847151299846697,1.0129419137870066,0.0035342130460229455,0.02007915625650525,0.0010065374492143828,82.19522223142835,-0.013810879609529536,0.10000000000000142,-0.009999999999999995,1
2009-10-22,0.002331535054209688,1.0127651412818741,0.0035798182483079864,0.017629071325836465,0.0009319979873281559,81.23198663241277,-0.013810879609529536,0.10000000000000142,0.0,0
2009-10-23,-0.0021164120962243738,1.0130316702963869,0.0032680580095810967,0.018732476481449822,0.0,75.54298855053455,-0.013810879609529536,0.10000000000000142,0.0,0
2009-10-26,-0.009882976786917519,1.010816977609091,0.005608459043922814,0.0046517969797044145,0.014276916136703665,59.069983645722175,-0.013810879609529536,0.10000000000000142,0.0,0
2009-10-27,-0.0030078829490038927,1.0084632840990688,0.005654055435741543,-0.001955874074085373,0.010254308953869005,56.54118711363523,-0.013810879609529536,0.10000000000000142,0.0,0
2009-10-28,-0.006682055438034129,1.0043516614418324,0.004645989853016377,-0.014335395271197315,0.009853191488500047,46.212037997309544,-0.013810879609529536,0.10000000000000142,0.0,1
2009-10-29,0.008295646771860898,1.000535353951324,0.006870030475713473,-0.007746554987723586,0.011618009674204115,55.823581321176164,-0.013810879609529536,0.10000000000000142,0.0,0
2009-10-30,-0.007219103307827157,0.996321527302548,0.00713933662059814,-0.011742117686494802,0.010455698064561859,46.87446380480381,-0.013810879609529536,0.10000000000000142,0.0,1
2009-11-02,0.002792318123277404,0.9947591692268474,0.006626659907606987,-0.012750016449629809,0.008823555279387435,46.200598334936615,-0.013810879609529536,0.0,0.009999999999999995,0
2009-11-03,-0.0029167097338853587,0.9935700938257437,0.006620440883450641,-0.013626142512873418,0.0120128484699977,38.87826431020838,-0.013810879609529536,0.0,0.0,1
2009-11-04,0.009367361024511078,0.9950756212216213,0.007135937700502779,-0.009189033150518666,0.01320361445628582,45.729058097457575,-0.013810879609529536,0.0,0.010000000000000009,1
2009-11-05,0.0006100365075862868,0.9952626710801781,0.006227997215214111,-0.010890745188659401,0.006861510950606432,48.47085008510835,-0.013810879609529536,0.0,0.0,0
2009-11-06,-0.0019599967405499186,0.9964375128739011,0.0048940142448279786,-0.010735705184226507,0.006665210360390846,43.90366458031816,-0.00424069032347385,0.3999999999999986,-0.010000000000000009,1
2009-11-09,0.01071565250669737,0.9988607051215521,0.006427718177820399,0.009845183745640806,0.010912140745487145,53.40333147907781,-0.00424069032347385,0.3999999999999986,0.0,0
2009-11-10,-0.0012140928176938015,1.0018543736495378,0.006059653848973442,0.011662099139226889,0.005105785884007475,49.16684484024802,-0.00424069032347385,0.3999999999999986,0.010000000000000009,0
2009-11-11,-0.0003896022716699532,1.0032235799244271,0.00521092678057041,0.01807075853561635,0.006113228544449353,47.09435830706156,-0.00424069032347385,0.3999999999999986,0.0,0
2009-11-12,-0.008483258194880716,1.0032724163804787,0.006926467464587943,0.0011291873192995627,0.012827179823399704,42.985425579412635,-0.00424069032347385,0.3999999999999986,-0.010000000000000009,1
2009-11-13,0.0035035372775997775,1.004075302682849,0.007022755643307176,0.011941994546928791,0.006835087394975587,52.3698013004007,-0.00424069032347385,0.3999999999999986,0.0,1
2009-11-16,0.005019630996593305,1.0036855914085345,0.005257705416505923,0.014189629865597242,0.00860773592748985,58.126452542530444,-0.00424069032347385,0.3999999999999986,0.0,0
2009-11-17,-0.0071261071143721155,1.0023636139407235,0.006107225554193658,0.00990801446500833,0.012498372357359408,57.68963735589498,-0.00424069032347385,0.3999999999999986,0.0,1
2009-11-18,0.005174080637322831,1.0021384905195305,0.006823826155863991,0.005712488006116345,0.00801935480373678,55.75838191277167,-0.0014997000599881183,0.3999999999999986,-0.009999999999999995,0
2009-11-19,-0.002520831014878766,1.0033600251533858,0.0054336352325926925,0.002565655123422106,0.007503284275262466,59.97089414886787,-0.0014997000599881183,0.3999999999999986,0.0,0
2009-11-20,-0.0035079688130111863,1.003248003480852,0.0054693671264774936,0.0010106637103810545,0.008689236138958485,54.82743287418804,-0.0014997000599881183,0.3999999999999986,0.0,1
2009-11-23,0.006598250347267909,1.0026174482028696,0.005902701746554695,-0.003067202757948695,0.00840791418586137,61.72208395292364,-0.0014997000599881183,0.3999999999999986,0.009999999999999995,1
2009-11-24,0.0003143167828749682,1.0033190609875569,0.004520169880478865,-0.0015416289112719639,0.006485953737708958,55.733569150819186,-0.0014997000599881183,0.3999999999999986,0.0,1
2009-11-25,0.01077110694826433,1.0042738359444303,0.006147065621410613,0.00960621786308602,0.012118241087931735,62.44065349715481,-0.0014997000599881183,0.3999999999999986,-0.009999999999999995,0
2009-11-26,-0.010241518499933155,1.0045872701501408,0.008272717643745865,0.007815879423241912,0.012109640252921898,55.49005912614845,-0.0014997000599881183,0.3999999999999986,0.0,1
2009-11-27,0.001199260428203619,1.0054211821150214,0.007922192881633032,0.005501700436181256,0.010937707748456817,49.13532941640312,-0.0014997000599881183,0.3999999999999986,0.009999999999999995,1
2009-11-30,0.003203262521526362,1.005560223237368,0.007536550201191714,0.0036844607186969913,0.00725459760648455,52.41248706676591,-0.0014997000599881183,0.3999999999999986,0.010000000000000009,1
2009-12-01,0.0033953238478181547,1.006002429688492,0.0075872187082714785,0.014320450683730002,0.009422344968803373,54.984573971532726,-0.0014997000599881183,0.3999999999999986,0.0,0
2009-12-02,-0.0013412416399518623,1.0045506223124958,0.005635819747548571,0.007745843602293245,0.005049898579608244,61.12591584846095,-0.0014997000599881183,0.3999999999999986,0.0,0
2009-12-03,-0.00028628063159252815,1.00515735541891,0.002091270258332559,0.010003393364828916,0.0064230999278910616,58.6101181968619,0.015605932601145067,0.3999999999999986,0.0,0
2009-12-04,-0.01383197090195043,1.0033421365525115,0.007058510567112696,-0.00046059110930041225,0.01810139551282005,43.92571233882198,0.015605932601145067,0.1999999999999993,-0.010000000000000009,0
2009-12-07,-0.0010685213700662999,1.0012586664924896,0.006545623609271233,-0.008073599047472735,0.009312192261660924,48.12093171225988,0.015605932601145067,-0.1999999999999993,0.0,0
2009-12-08,-0.009714772243507919,0.9969820479206171,0.006143819470825179,-0.01801859135225814,0.012826924764659917,37.39307140116241,0.015605932601145067,-0.1999999999999993,0.0,1
2009-12-09,0.0027855207428097994,0.993360666726249,0.007015328431587764,-0.02577672485746485,0.0067848700681447435,41.27937623032644,0.015605932601145067,-0.1999999999999993,0.0,0
2009-12-10,-0.0005744515775012449,0.9892845100088927,0.006973906424295106,-0.01626139179972741,0.004813210495246275,43.1299226030335,0.015605932601145067,-0.1999999999999993,0.0,0
2009-12-11,-0.007499598980057809,0.9870542812608575,0.005200743727690939,-0.024808545383873004,0.012713432054216274,32.69137056204029,0.015605932601145067,-0.1999999999999993,0.0,1
2009-12-14,0.002594320025174346,0.9856637665977619,0.005801806494574899,-0.02540048476543222,0.0050503678525440614,34.87526296120805,0.015605932601145067,-0.1999999999999993,0.0,0
2009-12-15,-0.007838135120662226,0.9846906318633277,0.005251521350673717,-0.036311561790492,0.010383749250846785,20.038360848035694,0.015605932601145067,-0.1999999999999993,0.010000000000000009,0
2009-12-16,-0.001103963488786941,0.9832562723373294,0.004592432423690857,-0.036082592476396336,0.00544951435770263,23.35622016267604,0.01966582183422516,-0.1999999999999993,0.010000000000000009,0
2009-12-17,-0.012324105771328142,0.9799861055419294,0.005927137881687792,-0.047689384477057506,0.015669872530698247,17.797779227081364,0.01966582183422516,-0.1999999999999993,-0.010000000000000009,1
2009-12-18,0.00014341345459167876,0.9780436489977318,0.006177153422962257,-0.03419380716563247,0.009983335353517059,13.8368403358824,0.01966582183422516,-0.1999999999999993,-0.010000000000000009,0
2009-12-21,-0.004343076545135216,0.9752673170121217,0.005092138075005652,-0.03735977573756799,0.007204673471298374,8.38471647867351,0.01966582183422516,-0.1999999999999993,0.0,0
2009-12-22,-0.0022664119616353506,0.9737200457859164,0.004948899557969279,-0.0301193453937032,0.007721648984479929,8.280555460680077,0.01966582183422516,-0.1999999999999993,0.0,1
2009-12-23,0.005734431006019669,0.9737585458932825,0.006608635748814026,-0.02726719908993669,0.008832537598363012,15.42287095162635,0.01966582183422516,-0.1999999999999993,-0.009999999999999995,1
2009-12-24,0.0034091998587393313,0.9762275986073362,0.004095484894656064,-0.02338994337485112,0.005904373154261859,23.63079963405427,0.01966582183422516,-0.1999999999999993,0.0,1
2009-12-25,0.0009791175726701074,0.9788837956715882,0.004092534417979878,-0.01504697460208404,0.005199107891733974,25.254693906961165,0.01966582183422516,-0.1999999999999993,0.0,0
2009-12-28,-0.0016674665527701693,0.9823172292786926,0.0033808896595554634,-0.019233772292540863,0.004088513302719655,29.179617158785362,0.01966582183422516,-0.1999999999999993,0.009999999999999995,0
2009-12-29,-0.002223215146091695,0.9860529101224298,0.003369733408756319,-0.01368334339855326,0.008165325823046542,24.165680067260354,0.01966582183422516,-0.1999999999999993,0.0,0
2009-12-30,-7.172627524620889e-05,0.9886034392337052,0.0022512946316365487,-0.012664105439781359,0.005862194216768529,24.403167982458896,0.01966582183422516,-0.1999999999999993,-0.009999999999999995,0
2009-12-31,-0.0010457992235053393,0.9903221329053138,0.001278077613527122,-0.001389681360397077,0.008970738886548035,27.925857428947907,0.01966582183422516,-0.1999999999999993,-0.06,1
2010-01-01,0.004388850836150704,0.9917942220141155,0.0026460943939292138,0.0028492482964201926,0.005204970029794166,30.546412113232392,0.01966582183422516,-0.1999999999999993,0.0,1
2010-01-04,0.002365556568530547,0.9939028305968863,0.00267248815019345,0.00960634254911863,0.013160728645562579,40.24749697273989,0.01966582183422516,0.0,0.06999999999999999,0
2010-01-05,-0.004022410454465386,0.9953592933620359,0.0032254919185298087,0.007829448158549246,0.009129917417915799,37.6386515629143,0.02723533027566316,0.0,0.0,1
2010-01-06,0.0026503106785804587,0.9973713416231748,0.003368769696941608,0.004738903386656945,0.009953422910029059,55.63087554783525,0.02723533027566316,0.0,0.0,0
2010-01-07,-0.0059706302559989766,0.998670942386535,0.004572772765215604,-0.004653356744864556,0.009970163608927805,47.372852438362024,0.02723533027566316,0.0,-0.01999999999999999,1
2010-01-08,0.006499381058903797,0.9996865368143775,0.005153318034189051,0.000835844412728548,0.011450918731308782,60.01013324837781,0.02723533027566316,0.0,0.009999999999999995,1
2010-01-11,0.0069509224950923265,1.0014066839892242,0.005957120634732944,0.00947584400325674,0.006165813188084247,68.6450121469259,0.02723533027566316,0.0,0.0,0
2010-01-12,-0.0023885789844481087,1.0031736368140811,0.005633588761681284,0.009308541252955882,0.005810676875838078,60.945042168820144,0.02723533027566316,0.0,0.0,1
2010-01-13,0.0032677440403587887,1.0048483853134051,0.005670430501477618,0.012679338940519536,0.00815543272129148,60.84935255950774,0.02723533027566316,0.0,0.0,0
2010-01-14,-0.0016529685349941925,1.0068427396275168,0.004402678517325607,0.012063827422067908,0.006168671972860211,57.754579338844486,0.02723533027566316,0.0,0.0,0
2010-01-15,-0.007512046800087768,1.0064164423539705,0.005556652091809945,7.198979716527276e-05,0.011002960232683434,51.08339954919163,0.02861128185729811,0.0,0.009999999999999995,1
2010-01-18,0.0010949282406993444,1.0045445591936344,0.0040744204705156686,-0.001195731137357825,0.004845910408744814,54.42636868469968,0.02861128185729811,0.0,0.0,0
2010-01-19,-0.008725766517542644,1.0017343121383737,0.005257785243630725,-0.005912435773178126,0.010993766250807923,46.38241889923114,0.02861128185729811,0.0,0.010000000000000009,0
2010-01-20,-0.011951462584190775,0.9967701760156819,0.005339869883263585,-0.020389508249579857,0.014380549571063952,39.15644612728941,0.02861128185729811,0.0,0.0,0
2010-01-21,-0.0009444424684662556,0.9921615571210669,0.005483233429943077,-0.015436227753005682,0.007754895084611694,34.578728371585115,0.02861128185729811,0.0,-0.010000000000000009,1
2010-01-22,0.003125128430804258,0.9895716952567744,0.00652438667885739,-0.018736942049065064,0.006570345436290663,35.2613849776921,0.02861128185729811,0.0,-0.009999999999999995,1
2010-01-25,0.0006368025330476534,0.9867694717278015,0.006446826914578224,-0.024889985383960256,0.004465227468638437,38.147857273750624,0.02861128185729811,0.0,0.009999999999999995,0
2010-01-26,-0.004788059657231725,0.9848944703899789,0.005874995429970781,-0.027235345094785424,0.009573177596754792,32.895325621929956,0.02861128185729811,0.0,0.0,0
2010-01-27,-0.003648065581375315,0.984855506547448,0.0032009373138237158,-0.03394088825615882,0.006823015943480106,34.15290585883366,0.02861128185729811,0.0,0.0,0
2010-01-28,-0.004483596664915046,0.9842879370796851,0.0035261684239775394,-0.03667996996891332,0.007142038447098861,24.701308036638096,0.02861128185729811,0.0,0.0,0
2010-01-29,-0.007238648204189291,0.9822499454557196,0.0028688744307012216,-0.03641460620025272,0.00881045793886847,13.247357627386023,0.02861128185729811,0.0,0.0,1
2010-02-01,0.004331340685081564,0.98083164890153,0.0043987527978435696,-0.0332994573050337,0.005837465472775813,19.533273771133125,0.02861128185729811,0.0,0.020000000000000018,1
2010-02-02,0.003535964378432954,0.9806837481201899,0.005143286585736691,-0.021341694749381634,0.006236203655370296,19.70593161439561,0.02861128185729811,0.0,0.0,0
2010-02-03,-0.0053796788159793385,0.9805910602129573,0.0053770235967344595,-0.0148323680093283,0.009918319519823604,18.649961557279653,0.02861128185729811,0.0,-0.010000000000000009,0
2010-02-04,-0.01122969393488471,0.9794255630290237,0.006848939662328318,-0.02497464363675783,0.013533883233256126,17.77204229456332,0.02861128185729811,0.0,0.010000000000000009,0
2010-02-05,-0.004719560926542021,0.9793143554984164,0.006563948746785975,-0.032599585749583326,0.011550948479658854,15.443173172753248,0.028188319146220886,-0.3000000000000007,-0.010000000000000009,0
2010-02-08,-0.0018570575463016104,0.9784260645388927,0.005386283997001798,-0.03501061167601127,0.006500226551089235,17.071871470882797,0.028188319146220886,-0.3000000000000007,0.0,1
2010-02-09,0.009330500062421532,0.9780807404958258,0.007573526134744635,-0.021320803751086692,0.013680360549404498,31.919986973524217,0.02529527651832919,-0.3000000000000007,0.0,0
2010-02-10,-0.002090518797932206,0.9786605438339827,0.007431823017174696,-0.01979088386888206,0.009424831733794594,31.384632467244046,0.02529527651832919,-0.3000000000000007,-0.010000000000000009,0
2010-02-11,-0.005199064303641587,0.9806200657437288,0.005917498844976154,-0.0204953503140628,0.014581391421905232,25.844783096062656,0.02529527651832919,-0.3000000000000007,0.0,0
2010-02-12,-0.0034223820071527244,0.9826311242051231,0.005734163529001784,-0.016730044102580166,0.011467487452804579,23.945122620338196,0.02529527651832919,-0.3000000000000007,0.0,0
2010-02-15,-0.002339695125336494,0.9847284208834051,0.005763597729945828,-0.02326118459514448,0.0035936207119868155,24.846157503684964,0.02529527651832919,-0.3000000000000007,0.0,1
2010-02-16,0.012059972724693058,0.9863357779635828,0.0069612079350029705,-0.014964790534385486,0.013493587270777737,37.61664779415385,0.02529527651832919,-0.3000000000000007,0.010000000000000009,0
2010-02-17,-0.011633979355719859,0.9860151347755034,0.008700742645401915,-0.02115881865849445,0.014435208283213517,34.46997388498525,0.02380121975359839,-0.3000000000000007,-0.010000000000000009,0
2010-02-18,-0.010688421573122997,0.9850945499062489,0.009498219453140354,-0.020622981695385456,0.015074236783907779,33.20404746736989,0.02380121975359839,-0.3000000000000007,0.0,1
2010-02-19,0.011409442866133768,0.9866846920934078,0.011515205555612171,-0.004751700574458284,0.011981103132153394,38.00768144902562,0.025512079708164048,-0.3000000000000007,0.010000000000000009,0
2010-02-22,-0.000693887972071483,0.988673339813634,0.011463535403273049,-0.003591904225199616,0.0055723942054249865,35.30133184562506,0.025512079708164048,-0.3000000000000007,-0.010000000000000009,0
2010-02-23,-0.005776017597827532,0.9871769213980971,0.009396519143862568,-0.01850501394962223,0.014400865615303864,35.20642093688643,0.025512079708164048,-0.3000000000000007,0.0,1
2010-02-24,0.001191824948022946,0.9880026321959678,0.0082995284626587,-0.015276661088130083,0.008787299658088301,41.02473011092494,0.025512079708164048,-0.3000000000000007,-0.009999999999999995,0
2010-02-25,-0.0005279544765575128,0.9906497101065043,0.006313453754435424,-0.010652870839953033,0.008711887364231785,43.24523425456733,0.025512079708164048,-0.3000000000000007,0.009999999999999995,1
2010-02-26,0.00702000822557447,0.9917370637817333,0.004596977588064844,-0.00028624348269312705,0.010459099320208831,48.95961114882981,0.025512079708164048,-0.3000000000000007,0.010000000000000009,0
2010-03-01,-0.005058620192974983,0.9924239905637867,0.0051948594566400205,-0.0030107648250546903,0.0141094542546528,39.7919526865495,0.025512079708164048,-0.3000000000000007,0.010000000000000009,1
2010-03-02,0.0043177730480319365,0.9950889548521507,0.004625239535623264,-0.01063767423974582,0.01305761862168317,44.01129529907996,0.025512079708164048,-0.3000000000000007,0.0,1
2010-03-03,0.005946444106418536,0.9981409716522548,0.005044433685988588,0.006960470861411272,0.009895714745466737,50.88963679079632,0.025512079708164048,-0.3000000000000007,0.009999999999999981,0
2010-03-04,-0.008585090887988533,0.9994347094882468,0.007069770718199685,0.009101324060004412,0.01137244398639133,47.855584854638295,0.025512079708164048,-0.3000000000000007,0.010000000000000009,1
2010-03-05,0.00331186560384622,0.999592081946881,0.006408282228428886,0.0010222261292029966,0.006781874684187909,51.080849509092864,0.02150164079114769,-0.3000000000000007,0.010000000000000009,0
2010-03-08,-0.0008851703957385437,1.0005357624908127,0.005832828935673188,0.0008306152151358326,0.00684855174872296,42.84067657891147,0.02150164079114769,0.0,-0.020000000000000018,0
2010-03-09,-0.0007347645352366872,1.0009778844873598,0.0055040119030882705,0.005905367477596402,0.007149969766032369,50.0,0.02150164079114769,0.0,-0.009999999999999981,1
2010-03-10,0.002674186114031807,1.0005251332391243,0.004732519618660808,0.007394707498432407,0.009385104446214092,61.51516203895942,0.02150164079114769,0.0,0.0,1
2010-03-11,0.003079117415204946,1.0020010057542286,0.00211174053176001,0.011030372097160512,0.004741692521601334,55.18094534711964,0.02150164079114769,0.0,0.009999999999999981,1
2010-03-12,0.006182710605276309,1.003574528806769,0.0029536948633314586,0.010189740016673943,0.00875270624607828,60.90880166146141,0.02150164079114769,0.0,0.020000000000000018,0
2010-03-15,-0.0067156630527979155,1.0041892034941318,0.0049110604171973115,0.008507301503476672,0.00935836136245637,59.80590099520814,0.02150164079114769,0.0,0.03,1
2010-03-16,0.006677919860952342,1.006559954938677,0.0053907123713075695,0.010877293708460245,0.008847714072135467,63.39560467558792,0.02150164079114769,0.0,0.0,0
2010-03-17,-0.0022119285180338677,1.0074693695065362,0.00575456729340372,0.0026789311733677046,0.006227919969831371,61.68852991895629,0.02150164079114769,0.0,-0.020000000000000018,0
2010-03-18,-0.0090531919933734,1.00585925093239,0.007237582017238692,0.002205511708202712,0.01094602380689689,49.04609465650482,0.02152041951672956,0.0,0.0,0
2010-03-19,-0.005658472428727301,1.0027286040075667,0.006144684338841963,-0.006754934715621941,0.00909551314730293,48.607196186045165,0.02152041951672956,0.0,0.0,1
2010-03-22,0.002224981702858564,1.0012501994679266,0.006235985938104253,-0.0036630546507058215,0.007395483559465823,46.935887771223854,0.02152041951672956,0.0,0.0,0
2010-03-23,-0.00729970876554642,0.9970519488912548,0.004481135411783493,-0.010208760684172535,0.007732664128588711,36.91243704145948,0.02152041951672956,0.0,-0.009999999999999981,0
2010-03-24,-0.010171548625270699,0.9918451453980472,0.004903561293693864,-0.022889445879443637,0.013313932234939289,36.128730318923644,0.02152041951672956,0.0,0.0,0
2010-03-25,-0.0017964079352781326,0.9881676976280378,0.00484441914871009,-0.027638749492817083,0.007559942713210496,31.93197359018758,0.02152041951672956,0.0,0.0,1
2010-03-26,0.007737586585710776,0.9871039094148739,0.007202031910194342,-0.02613613854871799,0.009042011685143313,39.46325121334319,0.02152041951672956,0.0,0.0,1
2010-03-29,0.005298086363101362,0.9861328323665283,0.007748316759982572,-0.014357279302196213,0.006211735951481839,43.96638152081092,0.02152041951672956,0.0,-0.010000000000000009,0
2010-03-30,-0.004228670618472097,0.9861994846028027,0.007254494762884066,-0.025035969379318068,0.010011869352932891,39.69210384124728,0.02152041951672956,0.0,0.0,1
2010-03-31,0.006254276954291704,0.9895122804366073,0.005314445403560527,-0.01676342529177266,0.011693650622612654,41.98079683534952,0.02152041951672956,0.0,-0.07,1
2010-04-01,0.0056237718269196435,0.9935942630524274,0.004769437659895276,-0.0022006581309291784,0.00945582868688684,41.523386123762215,0.02152041951672956,0.0,0.08000000000000002,0
2010-04-02,-0.005820578129804743,0.9954481395958413,0.005924837379991904,-0.0023633275532184417,0.008437285556886092,42.03729767381977,0.02292749889523016,0.0,0.03,0
2010-04-05,-0.0011735615948150757,0.9960355774366417,0.005563159041443624,-0.005746311901599799,0.00564819816981482,36.12315313471782,0.02292749889523016,0.0,0.0,0
2010-04-06,-0.006459742227165721,0.9964624629385693,0.0060669346866713495,-0.004905030967123802,0.01041328289083478,34.19973436838582,0.02292749889523016,0.0,0.0,0
2010-04-07,-0.003991239571150995,0.9951894463579336,0.004914076397754556,0.0013081612666228093,0.005999374324681909,36.639580181475054,0.02292749889523016,0.0,-0.010000000000000009,1
2010-04-08,0.0009486045145250532,0.993084745384763,0.003137972091213429,0.004061711134221602,0.006087549181963831,40.540394917793876,0.02292749889523016,0.0,0.0,1
2010-04-09,0.010463304158956799,0.9940146708164309,0.006507823205872704,0.006777486239856634,0.011622727220953049,46.817714500775665,0.02292749889523016,0.0,0.0,1
2010-04-12,0.007042667025270788,0.9958989433179697,0.007155880504308572,0.008524634232503825,0.008675197660567263,56.183511557298125,0.02292749889523016,0.0,0.0,1
2010-04-13,0.0009253707839909087,0.9995541262753185,0.005687784885099163,0.013744685831565961,0.005316707359120482,65.24153153695698,0.02292749889523016,0.0,0.010000000000000009,1
2010-04-14,0.0034823057904753707,1.004420273782575,0.0041360002472807435,0.01095208052199892,0.005504447004115503,68.6779034534868,0.023576257322038163,0.0,0.0,0
2010-04-15,-0.005999756448123228,1.0077273538782003,0.006273144099368629,-0.0007330351463717966,0.01052716164905919,58.982052738442654,0.023576257322038163,0.0,0.01999999999999999,0
2010-04-16,-0.005158458504566976,1.0078963147891473,0.0055940063301250405,-6.752723730973909e-05,0.00705967701086079,51.25765692279939,0.023576257322038163,0.0,-0.010000000000000009,0
2010-04-19,-0.0012409078145059205,1.006580951737022,0.004011132821292728,-0.00013494803175162495,0.0054374514978866775,53.62444101035242,0.023576257322038163,0.0,-0.009999999999999981,0
2010-04-20,-0.003869209134925611,1.0041288240520292,0.0038258124623030553,0.002472076177518323,0.0068395632929565174,45.657039613839224,0.023576257322038163,0.0,0.0,0
2010-04-21,-0.0033609093887186914,0.9999616597580085,0.0018269983786518527,0.003106496708506601,0.006281535210196749,38.006865764000416,0.023576257322038163,0.0,0.0,0
2010-04-22,-0.008957214942710734,0.9955869529020769,0.00285551815293245,-0.006820678181351125,0.011445536143883455,36.17937375703703,0.023576257322038163,0.0,0.0,1
2010-04-23,0.008592506645001219,0.993901916762112,0.006446998761367609,-0.008659475689902996,0.014256378968276058,44.45904285814868,0.023576257322038163,0.0,0.0,1
2010-04-26,0.0012865041316609815,0.9929192022445907,0.006595935624924422,-0.014325886585700998,0.008810268206009214,49.95907519440979,0.023576257322038163,0.0,0.0,0
2010-04-27,-0.017200940528132147,0.9899252925256653,0.009820128371751965,-0.03217600444019608,0.02013884363346729,41.57826064854301,0.023576257322038163,0.0,0.0,1
2010-04-28,0.0031974765576916475,0.9883775642258623,0.010339102548066708,-0.03245071238923958,0.01111701867070526,43.16445401793564,0.023576257322038163,0.0,0.0,1
2010-04-29,0.0037932186528952805,0.9894542680411572,0.009949234131315614,-0.022918334360112924,0.0068767375201896136,38.04183354518868,0.023576257322038163,0.0,-0.010000000000000009,1
2010-04-30,0.002646288751250392,0.9889357121789365,0.00896188281501079,-0.015252917175031078,0.008573570811563241,34.067085686601985,0.023576257322038163,0.0,0.010000000000000009,0
2010-05-03,-0.007378703336162529,0.986998617809064,0.009182540623705058,-0.021304602994182353,0.012648808112706869,29.97896340145796,0.023576257322038163,0.0,0.0,0
2010-05-04,-0.017877338558341616,0.9855235009696317,0.009445484515795159,-0.03506754648823207,0.019319450476402322,21.384108493505053,0.023783214448608536,0.0,0.009999999999999981,0
2010-05-05,-0.01149495257310218,0.9815330722006567,0.009271091276307724,-0.042942816805056405,0.015506319105036866,20.260039883990828,0.023783214448608536,0.0,0.0,0
2010-05-06,-0.014199521113606228,0.9747556966921729,0.00787635717818164,-0.048005349778416084,0.024870117811185043,18.626273173890155,0.023783214448608536,0.0,-0.009999999999999981,1
2010-05-07,0.009745693618447682,0.9693274652112038,0.010761225590915385,-0.04691687467851868,0.015966339749624647,25.538392575127688,0.023783214448608536,0.20000000000000107,0.0,1
2010-05-10,0.0018146690074756222,0.9659624103935255,0.011690643211677213,-0.046414136422835206,0.025681269165126242,27.623896389544598,0.023783214448608536,0.20000000000000107,0.0,0
2010-05-11,-0.01168265797213286,0.9644814283184553,0.010430907041803474,-0.04105988197386046,0.014414209145394033,25.79116207221807,0.023783214448608536,0.20000000000000107,0.0,1
2010-05-12,0.0007203565085136532,0.9655363370668991,0.009998767871579255,-0.04342772065750089,0.010280421784304024,28.374365478085508,0.023783214448608536,0.20000000000000107,0.0,0
2010-05-13,-0.007750330916078685,0.9679423048102049,0.008442624226019744,-0.05442823283242415,0.013295071754243782,20.787273017213394,0.023783214448608536,0.20000000000000107,0.0,0
2010-05-14,-0.01443649340213038,0.9661125308813988,0.007287090797938502,-0.070538596666742,0.017718170673238984,17.59577357146567,0.023783214448608536,0.20000000000000107,0.0,1
2010-05-17,0.0026644576339565074,0.9642328100926447,0.007528607406380646,-0.061134475960726076,0.013281402928924829,22.400456188709157,0.023783214448608536,0.20000000000000107,0.009999999999999981,0
2010-05-18,-0.017269681073378007,0.9619377333516115,0.008861528106128747,-0.060553582468034106,0.022486524157655854,17.300808716798315,0.023783214448608536,0.20000000000000107,0.0,1
2010-05-19,0.017610946289457363,0.9618449606116036,0.014233619430958924,-0.03289218358428048,0.0231631271395127,25.089050737917276,0.023077899666621216,0.20000000000000107,-0.009999999999999981,1
2010-05-20,0.006900882819366183,0.9638424753344583,0.014725973625974883,-0.012191883665418013,0.02395106272917852,27.192726814064414,0.023077899666621216,0.20000000000000107,0.0,1
2010-05-21,0.007062698609441309,0.9701615045364943,0.012800381692183171,-0.014816588343765535,0.015512669858209444,32.28033541235948,0.023077899666621216,0.20000000000000107,0.0,0
2010-05-24,-0.017277510551100828,0.9734914746282969,0.015832215840054543,-0.03359181611329565,0.01708918088689762,32.62475179855387,0.023077899666621216,0.20000000000000107,0.009999999999999981,0
2010-05-25,-0.0003210459418093725,0.9792877097066698,0.012915099801650117,-0.02248206989987689,0.016607731407391756,35.542697367550616,0.023077899666621216,0.20000000000000107,0.0,0
2010-05-26,-0.014011116816565194,0.9798283017747484,0.01151253468387618,-0.03687198334412645,0.016622606670645856,35.74069899367676,0.023077899666621216,0.20000000000000107,-0.009999999999999981,1
2010-05-27,0.014373074160342503,0.9813079004426901,0.013515659046230206,-0.015397880689499321,0.01853831134195289,37.74205352622424,0.023077899666621216,0.20000000000000107,0.0,0
2010-05-28,-0.00598973279688364,0.9806405554336411,0.012544884380206879,-0.006959359642851215,0.014605899546064746,35.274783157362236,0.023077899666621216,0.20000000000000107,-0.010000000000000009,1
2010-05-31,0.00113041902328459,0.983225973695806,0.01043445101126743,-0.008478674177914258,0.005198188831567797,39.17612185326938,0.023077899666621216,0.20000000000000107,0.0,0
2010-06-01,-0.0044650561937387145,0.9842966721576234,0.01053474204974484,0.004440494380130833,0.018305567563416773,37.51371112492814,0.023077899666621216,0.20000000000000107,0.010000000000000009,1
2010-06-02,0.0004895829151154718,0.9876389062029493,0.008027793912255455,-0.012459275374600232,0.007499985389828594,40.15339921722722,0.023077899666621216,0.20000000000000107,0.0,0
2010-06-03,-0.005683161874855069,0.9866060363315909,0.003445117018195171,-0.024801360706031006,0.013972218369213335,43.30080683483897,0.023077899666621216,0.20000000000000107,-0.010000000000000009,0
2010-06-04,-0.016304496892385112,0.9848378363376954,0.007004578609906844,-0.047429204323873875,0.02161236754169576,36.714066602152116,0.02209267366917822,0.0,0.0,0
2010-06-07,-0.004018112676045127,0.982336818461109,0.006218552655481942,-0.034576628627645434,0.008972794365105535,40.998093583743994,0.02209267366917822,-0.20000000000000107,0.0,1
2010-06-08,0.004118408930981365,0.9807192972924672,0.007744484593931538,-0.030289298707428247,0.008681682495310853,33.232740464706794,0.02209267366917822,-0.20000000000000107,0.0,1
2010-06-09,0.0016669539351752416,0.9792776018968574,0.007941146331395772,-0.014870065039703007,0.01228258351963943,29.556962848858106,0.02209267366917822,-0.20000000000000107,-0.010000000000000009,1
2010-06-10,0.009759921110261693,0.9800188346485547,0.00990471312118723,-0.019350226510816304,0.01510820610504784,31.226125713235916,0.02209267366917822,-0.20000000000000107,0.0,1
2010-06-11,0.0004118021329637678,0.983343971421668,0.005069592704769918,-0.01303473462298943,0.008113384269631077,38.294265719706836,0.02209267366917822,-0.20000000000000107,0.0,1
2010-06-14,0.008589374466023925,0.98887947558976,0.004136341287345861,-0.005681317128033214,0.012336891867012045,44.22686857535152,0.02209267366917822,-0.20000000000000107,0.0,1
2010-06-15,0.008266060990360424,0.993990585777017,0.004348536378243413,0.007034246246953257,0.014534477519793922,57.05021606660951,0.02209267366917822,-0.20000000000000107,0.010000000000000009,0
2010-06-16,-0.0005786734636606949,0.9995584849587225,0.004948766205113066,0.005959001911010509,0.0069864446165762975,47.924549031456216,0.02209267366917822,-0.20000000000000107,0.0,1
2010-06-17,0.005695778466305201,1.0044253040345859,0.004325496956139128,0.01747117492216277,0.01317062594482665,56.251844985364265,0.0204250361712921,-0.20000000000000107,0.0,1
2010-06-18,0.0008798645515002423,1.0097121255151096,0.00421928761773349,0.0352455699187455,0.004679219293254643,56.10045429503985,0.0204250361712921,-0.20000000000000107,-0.010000000000000009,0
2010-06-21,-0.0062073121639020234,1.0114577425109952,0.0056442556155509105,0.032970067622652977,0.013155579370685618,54.699275518797634,0.0204250361712921,-0.20000000000000107,-0.009999999999999981,0
2010-06-22,-0.003326546924657281,1.0110303920945953,0.004490145826420544,0.025311193444821356,0.007287221427929082,51.96329165195356,0.0204250361712921,-0.20000000000000107,0.009999999999999981,1
2010-06-23,0.0035849046709033328,1.0105423751427678,0.004888396630988163,0.027274417199076195,0.010544146592116494,58.38000464710077,0.0204250361712921,-0.20000000000000107,-0.009999999999999981,1
2010-06-24,0.0014927452927140372,1.0098550747451003,0.003965242182951558,0.01886384549554121,0.009778049097697007,75.70755190386662,0.0204250361712921,-0.20000000000000107,-0.010000000000000009,1
2010-06-25,0.002882967389626012,1.0091192499407187,0.004257139644425095,0.02138059003103132,0.010916692094018804,82.14287538543527,0.0204250361712921,-0.20000000000000107,0.0,0
2010-06-28,-0.0077591400451844095,1.0085252397730091,0.004814257150356438,0.0048247390372317955,0.010667647760510565,70.41278767317837,0.0204250361712921,-0.20000000000000107,0.010000000000000009,0
2010-06-29,-0.007384906205234021,1.0072649267482365,0.005652700565542824,-0.01077280970158645,0.011129986400791811,61.884019942272374,0.0204250361712921,-0.20000000000000107,-0.020000000000000018,1
2010-06-30,0.0035835116790610133,1.005843407782527,0.005652391224473675,-0.006653079008520524,0.01083038226730571,58.12706587746944,0.0204250361712921,-0.20000000000000107,-0.06,1
2010-07-01,0.02268851626823576,1.0072345476181523,0.012363267998567011,0.01013100633437003,0.003486638222922011,69.3478559043958,0.0204250361712921,-0.20000000000000107,0.08000000000000002,1
2010-07-02,0.005078700025876737,1.0080001944490524,0.012405777966023985,0.014368651683609901,0.010030590760412584,68.0754269136942,0.012892907268988507,-0.40000000000000036,0.009999999999999981,0
2010-07-05,-0.0027080205372210786,1.0097129587220488,0.01145529258266634,0.017940394334416743,0.00368458646673736,61.981584942859314,0.012892907268988507,-0.1999999999999993,0.0,1
2010-07-06,0.006943282280970964,1.0141464548633412,0.009429654442203261,0.028429360363427802,0.014022543380166112,65.77338096988173,0.012892907268988507,-0.1999999999999993,0.0,1
2010-07-07,0.000720032144123417,1.0180414289569204,0.009778425489778782,0.025493565886521852,0.00790569034190365,63.52289859688144,0.012892907268988507,-0.1999999999999993,0.0,1
2010-07-08,0.0048238110560767655,1.018649788173132,0.0039042433231389973,0.028904460797073872,0.006838583656929817,65.38885673378621,0.012892907268988507,-0.1999999999999993,-0.009999999999999981,0
2010-07-09,-0.003944950251442703,1.0176503032374022,0.004692688561679751,0.02189938129399227,0.008464870077354147,67.23406068017118,0.012892907268988507,-0.1999999999999993,0.009999999999999981,0
2010-07-12,-0.004268026280384363,1.0169808436367203,0.005052766054219847,0.025494846004484595,0.007389828858699136,66.32816391509579,0.012892907268988507,-0.1999999999999993,-0.009999999999999981,1
2010-07-13,0.010392970620113795,1.016895333475733,0.006197753343519741,0.04386160384573312,0.016782531705450156,69.10960628278426,0.012892907268988507,-0.1999999999999993,0.0,1
2010-07-14,0.0015415560401070838,1.0168698249725707,0.0061812908785676204,0.04173769580673592,0.007034769449054717,69.14543234653867,0.012892907268988507,-0.1999999999999993,0.0,1
2010-07-15,0.014764463785028603,1.0183998348666168,0.008570469108072614,0.03366604540292628,0.018841651036980968,73.05101277693583,0.012892907268988507,-0.1999999999999993,0.01999999999999999,1
2010-07-16,0.0002586378352023022,1.0208071680846373,0.007805430133412012,0.028708886701719782,0.008505740090924795,79.43653519511764,0.011517352967233885,-0.1999999999999993,0.0,1
2010-07-19,0.0005823147051009503,1.023839723171618,0.00665386947968669,0.03210287479518459,0.008892704647137203,86.58423450082637,0.011517352967233885,-0.1999999999999993,0.0,0
2010-07-20,-0.0035843518984876033,1.0240625969577675,0.007014813140345444,0.021312196022495122,0.014171147197396476,82.1252411371276,0.011517352967233885,-0.1999999999999993,-0.010000000000000009,0
2010-07-21,-0.00970357626653684,1.0226754479549012,0.009004557116025182,0.010674097399086424,0.013794158804946301,64.80563675764463,0.011517352967233885,-0.1999999999999993,0.0,1
2010-07-22,0.010580504377553757,1.0199823628270503,0.007393633828138645,0.016464307347009655,0.014419702526018648,67.45376659965811,0.011517352967233885,-0.1999999999999993,0.0,1
2010-07-23,0.0007747690267188023,1.0175091247273562,0.007408250764915267,0.02128073409788045,0.012722279392004824,70.28147047138043,0.011517352967233885,-0.1999999999999993,0.010000000000000009,1
2010-07-26,0.006655492017960896,1.015554239022183,0.008052776640240277,0.03248453098409643,0.009076560356503564,70.2460061018782,0.011517352967233885,-0.1999999999999993,0.0,0
2010-07-27,-0.0006236042841981648,1.0138828956226202,0.007739245656031164,0.021227086104854243,0.0069087999679928085,69.33806710181253,0.011517352967233885,-0.1999999999999993,0.0,1
2010-07-28,0.00010396831361458858,1.014369351698043,0.004900374570988357,0.019761242260340817,0.005570489060881112,67.2269069611762,0.011517352967233885,-0.1999999999999993,0.010000000000000009,1
2010-07-29,0.0066044671081388895,1.0148426927462595,0.003618804194862725,0.011561065130539339,0.009562775780937234,74.08309853565618,0.011517352967233885,-0.1999999999999993,-0.010000000000000009,0
2010-07-30,-0.0029859632926503288,1.0149551567490833,0.004421558577450963,0.00827980161661701,0.00852649492507981,75.32977608718167,0.011517352967233885,-0.1999999999999993,-0.010000000000000009,1
2010-08-02,0.010501187338783025,1.0151853508265163,0.00561732341968536,0.018274980208492275,0.010342749467169624,75.49779108337775,0.011517352967233885,0.0,0.010000000000000009,1
2010-08-03,0.003729473352690693,1.0164519332774713,0.0052977986790684875,0.025749255905669344,0.008399324030276578,76.28263815612522,0.011470189164867639,0.0,0.0,0
2010-08-04,0.0,1.0177275163394475,0.005315080781626415,0.03580022236023783,0.007772588180192732,70.20257240472891,0.011470189164867639,0.0,0.0,0
2010-08-05,-0.0050658068135642775,1.0171396933169228,0.0061466768399095735,0.019763446922085537,0.008606162756523318,64.17955295637199,0.011470189164867639,0.0,0.0,1
2010-08-06,0.0017662053302709424,1.0172272020512558,0.005680408785270589,0.020773694715699564,0.012895844304609008,64.87158887328363,0.011470189164867639,0.0,-0.010000000000000009,1
2010-08-09,0.007918310492731395,1.0161944035554813,0.004781528592889458,0.02205422404322821,0.005498599441283938,72.53429672051509,0.011470189164867639,0.0,0.0,0
2010-08-10,-0.004193869843599374,1.0142843952092935,0.005220966567648304,0.01840294209221871,0.01130319807952678,78.81215559976567,0.011470189164867639,0.0,0.0,0
2010-08-11,-0.003401754066327367,1.0119428055927797,0.005451366606828872,0.014833075259361506,0.02381381412605122,69.80598885047304,0.011470189164867639,0.0,-0.009999999999999981,0
2010-08-12,-0.02585507052447278,1.0074574034747092,0.012752431336695031,-0.0178918067311149,0.011278051384678411,46.691006636510416,0.011470189164867639,0.0,0.009999999999999981,0
2010-08-13,-0.0011033582538724218,1.0024627676660418,0.01244658221011398,-0.016037347550801773,0.011723865785346534,41.28998587830785,0.0145848584177668,0.0,0.010000000000000009,0
2010-08-16,-0.004597541591440102,0.9952121339652061,0.010166494823820154,-0.03073954241503507,0.010485848515029856,39.233703331618116,0.0145848584177668,0.0,0.010000000000000009,1
2010-08-17,0.0032157162179442533,0.9891061602686734,0.011305321803519433,-0.03123565664574357,0.00833703963541153,41.50759029053808,0.0145848584177668,0.0,0.0,1
2010-08-18,0.0053065561537331,0.9840019038142451,0.012482283247270123,-0.026094854257999955,0.0073067757373507245,40.50879597898104,0.0145848584177668,0.0,-0.010000000000000009,0
2010-08-19,-0.0018255370081259326,0.9843679095989141,0.003999668886940193,-0.022923071180566246,0.00933538857766806,41.121055329175775,0.0145848584177668,0.0,0.0,0
2010-08-20,-0.003765588652440144,0.9844291543312339,0.004375917806017017,-0.028318529967985784,0.013071011527474887,30.421029391612393,0.0145848584177668,0.0,0.010000000000000009,0
2010-08-23,-0.007651414624711861,0.9845866340892007,0.005246440988863398,-0.04332848983538384,0.006245293426183149,23.945396410337437,0.0145848584177668,0.0,-0.010000000000000009,0
2010-08-24,-0.005900609729046713,0.9832117408182053,0.00501853704981133,-0.04496815580471536,0.00997486847154133,22.25657640286319,0.0145848584177668,0.0,0.0,0
2010-08-25,-0.00016426020590365464,0.9807663295941139,0.003014355143890375,-0.041865692254626774,0.008368455500346504,23.70372846711146,0.0145848584177668,0.0,0.0,1
2010-08-26,0.0024568531444246755,0.9793628917608722,0.004136842455751651,-0.014019091030675668,0.008811359750405994,24.294956622283934,0.0145848584177668,0.0,0.0,1
2010-08-27,0.0033545030881083626,0.979051647052578,0.004954280026376026,-0.009618869832272114,0.007666408230140104,19.333281156507766,0.0145848584177668,0.0,0.0,1
2010-08-30,0.003736947141599556,0.9813304993571426,0.0039897025943425885,-0.001326424599622289,0.006566343889034284,24.575751015574255,0.0145848584177668,0.0,0.0,0
2010-08-31,-0.006903017160803104,0.9839377763177864,0.004407411984605456,-0.011399344589326232,0.008994304535759523,23.495594560801393,0.0145848584177668,0.0,0.01999999999999999,1
2010-09-01,0.0016874438703029515,0.9868389708215548,0.004415829339510777,-0.014958315485818274,0.014357116850475082,38.11712275045451,0.0145848584177668,0.0,-0.01999999999999999,1
2010-09-02,0.00911576993998331,0.9903660376238173,0.005801951805649702,-0.004160961088824577,0.00545051985154787,48.23028393143545,0.0145848584177668,0.0,0.0,1
2010-09-03,0.001795641725667041,0.9935999721093138,0.00576606427646971,0.001398062221168228,0.00562496502985637,53.79503771363938,0.010068329093711137,0.09999999999999964,0.0,1
2010-09-06,0.005312301739036185,0.9973063183201175,0.005933073056082897,0.014479997981607262,0.0036739804817417804,55.45775261738201,0.010068329093711137,0.09999999999999964,0.0,0
2010-09-07,-0.0019945759811040853,1.001881053436521,0.004204177348633797,0.018466111591081358,0.012741830295439639,49.182893490687064,0.010068329093711137,0.09999999999999964,0.010000000000000009,0
2010-09-08,-0.014795233983895928,1.0037242981561196,0.00918361760816129,0.0035625125503713218,0.0077125173565255785,39.82199936641998,0.010068329093711137,0.09999999999999964,-0.010000000000000009,1
2010-09-09,0.004265236577659426,1.0030534888482583,0.008164655964518323,0.005372890539427688,0.0074552381416069236,45.69424237389109,0.010068329093711137,0.09999999999999964,-0.010000000000000009,0
2010-09-10,-0.003058964964828159,1.0015081940646438,0.008024146078493947,-0.0010534790985393672,0.0076697033990033,48.97135725826534,0.010068329093711137,0.09999999999999964,0.0,1
2010-09-13,0.0018820897093740907,0.9989422950362528,0.0073556630291559556,-0.0028994840542864164,0.013442160734675888,55.30544390316187,0.010068329093711137,0.09999999999999964,0.0,1
2010-09-14,0.01218979133332243,0.9987643540508135,0.009981671837586359,0.016270294456084855,0.014380036261033133,62.91782034449926,0.010068329093711137,0.09999999999999964,0.010000000000000009,1
2010-09-15,0.009302065408220983,1.0032450093062963,0.006028552500187036,0.023995771819174783,0.0059035117443988075,66.1617758924551,0.010068329093711137,0.09999999999999964,0.01999999999999999,1
2010-09-16,0.001796066692854259,1.0070553303841125,0.006194052130669332,0.01656813526913159,0.010304334202583974,65.51046453800848,0.010068329093711137,0.09999999999999964,0.0,1
2010-09-17,0.0046812403157292515,1.0119913708824344,0.0046255295675468044,0.019496284939239716,0.010026582326718474,65.97033207923742,0.012635312030005341,0.09999999999999964,0.0,0
2010-09-20,-0.0024522875588183224,1.0157806606257176,0.005832041242698862,0.011622144804330103,0.00676290524539156,69.84816107019593,0.012635312030005341,0.09999999999999964,0.0,1
2010-09-21,0.0017640215817100735,1.0171108403552165,0.004337207483353317,0.015432024426666358,0.006846696276779902,69.89989752305732,0.012635312030005341,0.09999999999999964,-0.009999999999999981,1
2010-09-22,0.014542923336506641,1.01876934247762,0.006385221551167653,0.045670311439091726,0.013955886987888862,72.0771135626939,0.012635312030005341,0.09999999999999964,0.009999999999999981,1
2010-09-23,0.010110194856374433,1.021730012860412,0.006719978293234371,0.05175625280302909,0.007373863946726432,74.79858117440254,0.012635312030005341,0.09999999999999964,-0.009999999999999981,0
2010-09-24,-0.0053675768624187326,1.0230714224167037,0.008403530461620132,0.04932070555072765,0.015278137900362958,68.59287966218182,0.012635312030005341,0.09999999999999964,0.009999999999999981,1
2010-09-27,0.012009870675392609,1.0269265347768681,0.008235397326990366,0.05992803187992557,0.005328609212742673,73.90724891970844,0.012635312030005341,0.09999999999999964,-0.01999999999999999,0
2010-09-28,-0.0029699980843856943,1.0295992434380867,0.00915308155862996,0.04405325632023582,0.014592900019656725,83.76807945492685,0.012635312030005341,0.09999999999999964,0.0,1
2010-09-29,0.009811774448671429,1.0309262528295453,0.008200881858142743,0.04458051510796368,0.005496609352563297,84.81614260142312,0.012635312030005341,0.09999999999999964,0.0,1
2010-09-30,0.004210957572525098,1.0312994166647593,0.007636246521212964,0.047098540525395416,0.008209290952005358,88.2268535667635,0.012635312030005341,0.09999999999999964,-0.04000000000000001,0
2010-10-01,-0.00043579247006242383,1.0327893208101178,0.0064198199605581,0.04176546835601824,0.01137772472634049,87.55859208826259,0.012635312030005341,0.09999999999999964,0.05000000000000002,1
2010-10-04,0.011365910669099977,1.0338515904327692,0.00623595728296906,0.056196178355358395,0.008342776429478243,87.55663473649943,0.010931873896501854,0.0,0.0,0
2010-10-05,-0.007466074076330265,1.0342573447897012,0.007713003890443228,0.04646455339194233,0.015248470031233603,78.72092533161529,0.010931873896501854,0.0,0.0,1
2010-10-06,0.011689738139718076,1.0337163058290988,0.008131722053259764,0.04352159543124534,0.008950560580893269,80.91423860104537,0.010931873896501854,0.0,-0.010000000000000009,1
2010-10-07,0.006222280742330666,1.0334902722365908,0.008202067483614435,0.039505080837247686,0.008863525733932714,81.26994081794895,0.010931873896501854,0.0,-0.010000000000000009,1
2010-10-08,0.0005709535944127264,1.033292746555632,0.008068780925638628,0.04571152699663372,0.008908538045090978,83.34838308144492,0.010931873896501854,0.0,0.0,1
2010-10-11,0.003564305352885766,1.031433321779466,0.0070995946645386115,0.03698470993124836,0.008530040296736954,83.67639149716543,0.010931873896501854,0.0,0.0,0
2010-10-12,-0.006967858386508374,1.0306351677167314,0.006918639469125246,0.03282664046716288,0.007331945614260647,74.74264079507809,0.010931873896501854,0.0,0.0,1
2010-10-13,0.002644206882650213,1.0283398471921308,0.005000208933058741,0.02549571512359905,0.006269468420311015,72.6273138056429,0.010931873896501854,0.0,0.0,1
2010-10-14,0.0036175017806123755,1.0254322273788985,0.0044527436010536525,0.024889680736966957,0.010871339921770733,78.41234040418398,0.010931873896501854,0.0,0.010000000000000009,1
2010-10-15,0.0075003923924261695,1.0238003087882184,0.005388168866351892,0.03302694086364255,0.011015746074409465,77.31442328602526,0.011960647107618128,0.0,0.010000000000000009,0
2010-10-18,-0.007652442728031894,1.0201632757395778,0.006769373382067587,0.01360125998706918,0.009748736846337668,72.7781298688946,0.011960647107618128,0.0,-0.010000000000000009,0
2010-10-19,-0.002034636280807134,1.0177460177050517,0.00582478537750239,0.019147984435767818,0.0158226064192199,67.38810937035043,0.011960647107618128,0.0,0.0,0
2010-10-20,-0.014123761932864132,1.0133758173033254,0.00865014886108703,-0.006855814533844207,0.0202801030230483,54.66810874962787,0.011960647107618128,0.0,0.0,1
2010-10-21,0.01630897474297166,1.011212620086957,0.01208737790434742,0.003099780456482071,0.01231837510518091,62.11603633027927,0.011960647107618128,0.0,0.0,0
2010-10-22,-0.0033122595864887305,1.0067778460016163,0.011355009170765283,-0.0007932470946726555,0.00726524077775603,55.38814407300022,0.011960647107618128,0.0,0.0,1
2010-10-25,0.0019522277676153887,1.004792997585116,0.011001053966594667,-0.0023983249166096288,0.010101438419252012,61.0369801478894,0.011960647107618128,0.0,0.0,1
2010-10-26,0.000348717541868826,1.0031325729904628,0.01095549589816493,0.004951918943739475,0.010196197406681779,55.38359893172862,0.011960647107618128,0.0,0.0,0
2010-10-27,-0.006788690927659324,1.0037683503468138,0.008838726292661333,-0.004502689870232612,0.008435018051007465,46.94621120281648,0.011960647107618128,0.0,0.0,0
2010-10-28,-0.005497432452094886,1.0005592293141332,0.003736561894927002,-0.013543875874433398,0.011943693226597671,43.4551337979631,0.011960647107618128,0.0,0.0,0
2010-10-29,0.0,0.9979982640850013,0.0038826578859806945,-0.020887603047863412,0.009599062943879333,40.892370112555696,0.011960647107618128,0.0,0.010000000000000009,1
2010-11-01,0.014296542996266037,0.997732815642403,0.00836223247730977,0.0007686441668368627,0.010412997817904883,53.9690853295982,0.011960647107618128,0.0,0.0,0
2010-11-02,-0.004590580149323564,0.9963366616402524,0.008666620018107524,-0.0017944793370981982,0.011805228427600886,49.75453481568169,0.011960647107618128,0.0,0.0,1
2010-11-03,0.008997095889298201,0.9982255771834662,0.008685567808823767,0.02161552592460958,0.004695646310004891,52.652372173893866,0.011960647107618128,0.0,0.0,1
2010-11-04,0.0064985543527769085,1.0024963102414646,0.0074434409114828865,0.01175388144881917,0.012519970125291678,52.15273102122503,0.011960647107618128,0.0,-0.010000000000000009,1
2010-11-05,0.007128278895641715,1.007870103950748,0.006899483454121057,0.022352241301553777,0.013838609711039594,60.325994595392075,0.0091827067495438,0.0,-0.010000000000000009,0
2010-11-08,-0.010697591841614784,1.0089593585044947,0.00864205609020656,0.009444868004554241,0.01330149063012169,54.99347539077429,0.0091827067495438,0.0,0.0,0
2010-11-09,-0.014646384403839363,1.0084056908671086,0.011196725181860214,-0.005686584096964209,0.010350258730683298,54.62945972936155,0.0091827067495438,0.0,-0.009999999999999981,0
2010-11-10,-0.007037491775669036,1.0051420012586068,0.010014709698812381,-0.0059356610243053165,0.010594568973113545,42.55261832970128,0.0091827067495438,0.0,0.0,1
2010-11-11,0.0002617545901835161,1.000785403423863,0.008724217060294357,-0.00017901177367962706,0.011416142328158168,44.305805508127285,0.0091827067495438,0.0,0.0,0
2010-11-12,-0.011223771896955892,0.9936809509382599,0.005674314161065787,-0.011400774483320886,0.014101187366151093,38.1926908793704,0.0091827067495438,0.0,0.01999999999999999,1
2010-11-15,0.005299344572484266,0.9891442499171809,0.008194521692218971,-0.020170027868820384,0.011325638798535452,41.09135694200147,0.0091827067495438,0.0,0.01999999999999999,0
2010-11-16,-0.00864714533292954,0.9861824298147813,0.006842559998897655,-0.024163102548982907,0.008185747101565473,40.423602459100096,0.0091827067495438,0.0,0.0,0
2010-11-17,-0.006205655852975167,0.983006536824251,0.006768141859082,-0.03886622325501676,0.006493419276028463,40.20105606024044,0.011525752709291348,0.0,-0.009999999999999981,1
2010-11-18,0.004703231192730639,0.9812576767075522,0.0077101410681956785,-0.040580627832977445,0.009055918018018255,42.67982112511741,0.011525752709291348,0.0,0.0,1
2010-11-19,0.0076208146887315475,0.9827030038017112,0.007416675587250988,-0.04011142406690471,0.008880326303853311,38.9427559820679,0.011525752709291348,0.0,0.009999999999999981,1
2010-11-22,0.006377306418566597,0.9841535028048091,0.007602438016309373,-0.023544194835472432,0.01283250978804771,44.296560249926095,0.011525752709291348,0.0,-0.01999999999999999,0
2010-11-23,-0.010364606023978373,0.9857835766806434,0.008153130543664318,-0.01930108120675378,0.015638744648063828,35.30542482520869,0.011525752709291348,0.0,0.010000000000000009,0
2010-11-24,-0.015849522393404536,0.9859448471734618,0.010819095323338754,-0.028004278787335357,0.009631874818665991,26.86865333701519,0.011525752709291348,0.0,0.0,0
2010-11-25,-0.0021238230988670503,0.984600336340785,0.01025626331969112,-0.03032244330350997,0.006440181808300244,21.553612379510696,0.011525752709291348,0.0,0.0,0
2010-11-26,-0.0013606797205175658,0.9815485979924169,0.008615214606867027,-0.02064986132662594,0.010955407159597584,23.62400488012426,0.011525752709291348,0.0,0.0,0
2010-11-29,-0.007625077054153384,0.9767977240768307,0.006010916152156851,-0.03324067239266071,0.017340341918886656,25.53541629534682,0.011525752709291348,0.0,0.0,0
2010-11-30,-0.010129352420238491,0.9723924371525051,0.005983400376764844,-0.03468610881860701,0.01356522628284653,24.833513702843845,0.011525752709291348,0.0,0.0,0
2010-12-01,-0.008535829076365742,0.9703281856682243,0.003957927155829524,-0.036949503246886395,0.012122355449013272,22.709879926261763,0.011525752709291348,0.0,0.0,1
2010-12-02,0.010224303397647239,0.9704779760589926,0.008355481243191574,-0.03165732226798923,0.011192126555816855,32.455248357911955,0.011525752709291348,0.0,-0.010000000000000009,1
2010-12-03,0.006938437263964037,0.9722807679323312,0.009612777091270945,-0.03231309989097075,0.013742918778420049,33.3455369348935,0.0074982738780207114,0.20000000000000107,-0.010000000000000009,1
2010-12-06,0.015133185235483904,0.9773019009266108,0.011401713762594863,-0.023893842842909963,0.012618027718875977,44.756336418227214,0.0074982738780207114,0.20000000000000107,0.0,0
2010-12-07,-0.009619663384199395,0.9821409469139567,0.011259435122334195,-0.02315908426228186,0.008599414581627732,43.46980703754422,0.0074982738780207114,0.20000000000000107,-0.009999999999999981,0
2010-12-08,-0.003178844191236707,0.9878348253383791,0.010103275419140988,-0.010582514744046811,0.007099806272368593,39.94366227752297,0.0074982738780207114,0.20000000000000107,0.0,1
2010-12-09,0.00046379784642280875,0.9916500360156177,0.009500681494469514,-0.008016828271367404,0.011245639797844416,35.894047735279855,0.0074982738780207114,0.20000000000000107,-0.010000000000000009,0
2010-12-10,-0.0006620427134952367,0.9934446832914018,0.00910215371999918,-0.007322847832144319,0.007405224843039913,31.56475882398749,0.0074982738780207114,0.20000000000000107,0.0,0
2010-12-13,-0.0033917170301897004,0.9920120221378513,0.003907804405790342,-0.003088198532245734,0.015053707300496579,33.998897323889906,0.0074982738780207114,0.20000000000000107,0.010000000000000009,1
2010-12-14,0.015029769943025517,0.994306065504219,0.007656818588372363,0.022249885852651863,0.009493145381976426,50.366520860922726,0.0074982738780207114,0.20000000000000107,0.01999999999999999,0
2010-12-15,-0.0025786356618121564,0.9965328939643634,0.0075663139080850905,0.028392054643639586,0.006811489748281001,50.12099170410516,0.008727272727272695,0.20000000000000107,0.010000000000000009,0
2010-12-16,-0.010248685444844918,0.9973647630177019,0.009338568872105981,0.007550882054922603,0.005777822209774052,45.784278387451195,0.008727272727272695,0.20000000000000107,0.0,1
2010-12-17,0.0012048923714518267,0.9988981385788758,0.009361281442471996,0.0018138498790045698,0.016392152576249906,50.07490376464375,0.008727272727272695,0.20000000000000107,0.0,0
2010-12-20,-0.005661023080864691,1.0005944657137655,0.009618498210686189,-0.018707522283363254,0.006308722364873987,52.48734188278205,0.008727272727272695,0.20000000000000107,0.009999999999999981,0
2010-12-21,-0.003568039730526218,0.9982325517497213,0.00421182355837875,-0.012711429116152861,0.006164921650334259,55.4161638551944,0.008727272727272695,0.20000000000000107,-0.009999999999999981,0
2010-12-22,-0.0021336408524204042,0.9952550211140392,0.004258309825648323,-0.011676221040311296,0.007638481862202793,48.35158519627044,0.008727272727272695,0.20000000000000107,-0.010000000000000009,1
2010-12-23,0.0019410391817802353,0.9945250764419107,0.00320339051148743,-0.010216905128892284,0.0071627690526202895,44.93379950019223,0.008727272727272695,0.20000000000000107,0.0,1
2010-12-24,0.0008926534466822122,0.9936173688324544,0.003136326296826419,-0.008677073717721973,0.0035815050530560214,32.03617010864971,0.008727272727272695,0.20000000000000107,0.0,0
2010-12-27,-0.0036100197868641493,0.9929215341785578,0.0025732819554488405,-0.008894218739753268,0.006717767194569352,35.658674184342615,0.008727272727272695,0.20000000000000107,0.0,1
2010-12-28,0.008401857147101621,0.9936842180911711,0.004655860921811361,-0.015365913348373006,0.01003887825005215,46.51683629734265,0.008727272727272695,0.20000000000000107,-0.010000000000000009,0
2010-12-29,-0.00783864550114588,0.9932728591553452,0.006116027904433269,-0.020558488090711147,0.005302273593710075,40.725377321981426,0.008727272727272695,0.20000000000000107,0.0,1
2010-12-30,0.010566378396646536,0.9945497045283898,0.007799998249159338,3.9754416864434816e-05,0.006800168890962566,49.138745769946034,0.008727272727272695,0.20000000000000107,0.010000000000000009,1
2010-12-31,0.005799316864180781,0.9968630408994994,0.007982319327177679,0.004628832213430911,0.010059166241481472,54.964325713343605,0.008727272727272695,0.20000000000000107,-0.06,1
2011-01-03,0.004261202595510216,1.0012917326978417,0.007170594374620597,0.014653737427445579,0.008393520676450675,47.92800301849882,0.008727272727272695,0.0,0.06,0
2011-01-04,-8.013972512788126e-05,1.0035565245161924,0.00693883701380789,0.01820542075090459,0.008437033196659458,49.76500378805976,0.007377919564587776,0.0,-0.010000000000000009,0
2011-01-05,-0.002677577490749039,1.006818402194642,0.00516605740179317,0.017650397296496978,0.014628803180089005,56.28555856964422,0.007377919564587776,0.0,0.0,0
2011-01-06,-0.012327945783849548,1.006152142964689,0.00717449651501053,0.0031576899899381505,0.010385465096630164,45.48615968045259,0.007377919564587776,0.0,-0.009999999999999981,0
2011-01-07,-0.01344723017266558,1.0022842207360119,0.007751079683319632,-0.01121464502198588,0.006347330455825429,40.94938155292713,0.007377919564587776,-0.40000000000000036,0.0,0
2011-01-10,-0.00653780914788149,0.9964135240420318,0.0058466701285294,-0.014120088974779454,0.005521314214224773,39.486111079879564,0.007377919564587776,-0.40000000000000036,0.0,1
2011-01-11,0.005419439149108474,0.992090256010767,0.007700627710745276,-0.01703589676476125,0.005857779211338501,44.32582920703731,0.007377919564587776,-0.40000000000000036,0.0,1
2011-01-12,0.0014671112748181336,0.9883849475084667,0.008333234892462788,-0.007816403561630936,0.0074360869465421075,44.00130548302872,0.007377919564587776,-0.40000000000000036,-0.010000000000000009,1
2011-01-13,0.011119700690889855,0.9883109409213512,0.009720574916854125,-0.0072731465172368726,0.01988057056552869,50.04910275868226,0.007377919564587776,-0.40000000000000036,0.0,1
2011-01-14,0.017132238910081865,0.9935633597439153,0.009053000177275587,0.0039124805305810195,0.009207217794556426,59.726864358062564,0.01246201865395502,-0.40000000000000036,0.0,1
2011-01-17,0.002020436836441597,1.0001240777368308,0.006644717556515176,0.0016724928603804035,0.009207896886807666,57.202980556106176,0.01246201865395502,-0.40000000000000036,0.0,0
2011-01-18,-0.007199819674862384,1.004338306184617,0.009417991769792498,-0.005459666272510599,0.01544767744157551,57.50958156354087,0.01246201865395502,-0.40000000000000036,0.03,1
2011-01-19,0.007090322324742715,1.0092202213404895,0.00923842163994314,0.004280985419520933,0.0115906019121811,56.03677738621879,0.01246201865395502,-0.40000000000000036,-0.010000000000000009,1
2011-01-20,0.0055287796657532695,1.0128380999890712,0.008796548031645814,0.02243799386614076,0.00855259298356122,55.942258218736114,0.01246201865395502,-0.40000000000000036,0.0,1
2011-01-21,0.001185174524791499,1.0132682859954307,0.005551723247977349,0.03760264289644444,0.010246696078913854,54.48127557620143,0.01246201865395502,-0.40000000000000036,-0.009999999999999981,1
2011-01-24,0.011249812795212755,1.014816755151018,0.007015793190168352,0.05618058547840277,0.009770075605130765,59.525166011209485,0.01246201865395502,-0.40000000000000036,0.009999999999999981,1
2011-01-25,0.0018009807712742187,1.0185079653503357,0.00411726777614182,0.052379440066628646,0.00792427601437146,61.80764141783043,0.01246201865395502,-0.40000000000000036,-0.009999999999999981,1
2011-01-26,0.003079386397857986,1.0208429300840864,0.00408918055490567,0.05407367961989573,0.00492539353194886,71.24583636433248,0.01246201865395502,-0.40000000000000036,0.0,1
2011-01-27,0.0017548570832788268,1.0228562787493045,0.004214083779623544,0.04431100250679587,0.008268168607305162,83.41525794523254,0.01246201865395502,-0.40000000000000036,0.0,1
2011-01-28,0.0009468862051460469,1.0250626098739934,0.004252419618338478,0.027693161421226353,0.00954781482284526,90.56151796841148,0.01246201865395502,-0.40000000000000036,0.0,0
2011-01-31,-0.010953162266290839,1.0235374660232792,0.005796577325592518,0.014387166267082474,0.012158282695047646,77.59986315370091,0.01246201865395502,-0.40000000000000036,0.0,1
2011-02-01,0.010395098955229054,1.0232149909754715,0.00768167460428126,0.032364660634613074,0.006450968527580255,79.83535124061584,0.01246201865395502,-0.40000000000000036,0.009999999999999981,1
2011-02-02,0.008463832043246855,1.0234193226295931,0.00838359340306611,0.03377264049797679,0.005676567531595603,79.35764896968826,0.01246201865395502,-0.40000000000000036,0.0,0
2011-02-03,-0.0008705001139088786,1.0225059088870527,0.008493787488302497,0.027193614130073485,0.014879118592445112,73.65667891160096,0.01246201865395502,-0.40000000000000036,-0.009999999999999981,0
2011-02-04,-0.013992331130355029,1.0185938599987707,0.011028704093493989,0.011621832521552022,0.007462887024503878,60.636313335734805,0.013939527860641565,-0.8000000000000007,0.0,0
2011-02-07,-0.003638172736252221,1.016060804832027,0.009867222437999883,-0.0032716300188903036,0.008570707480512857,63.21060787734236,0.013939527860641565,-0.40000000000000036,0.0,1
2011-02-08,0.0012504930841761297,1.011903606535865,0.008178301206928605,-0.0038193303162423753,0.007401935212039417,60.43758975349646,0.01224797437346914,-0.40000000000000036,-0.010000000000000009,1
2011-02-09,0.0025754822856987047,1.0065104776147316,0.0066125817723016785,-0.004319768808663138,0.007838694272377501,58.873456510088715,0.01224797437346914,-0.40000000000000036,-0.010000000000000009,1
2011-02-10,0.0069016901503817785,1.0028896862954157,0.00798939867515894,0.0007958539426724531,0.010694259351883974,61.893857109390154,0.01224797437346914,-0.40000000000000036,0.0,0
2011-02-11,-0.00867801383613409,1.0016404875045455,0.0059972850953935,-0.008827593803336864,0.008212269052664901,49.146571428901765,0.01224797437346914,-0.40000000000000036,0.0,0
2011-02-14,-0.006755141903378226,1.0002085664612348,0.006563949030949148,-0.004620551441313792,0.009422797719165703,43.89987671256664,0.01224797437346914,-0.40000000000000036,0.0,0
2011-02-15,-0.002143377870344798,0.9978562992967801,0.006455238969649973,-0.01697269186767847,0.006303876951972167,40.55696508396762,0.01194464742838508,-0.40000000000000036,0.010000000000000009,1
2011-02-16,0.001295810193076008,0.9955302864872192,0.006270030561247158,-0.023959914413608008,0.007593031391871476,40.19615968140627,0.01194464742838508,-0.40000000000000036,-0.010000000000000009,1
2011-02-17,0.005688039706063686,0.9929426702677325,0.005855037683165647,-0.017552939373898235,0.005280379900730755,43.5353340393012,0.015970623244955018,-0.40000000000000036,0.0,1
2011-02-18,0.003733551390929346,0.9927207873184016,0.0049380327707168395,0.00010893256671629103,0.007136274408079414,52.55337047188207,0.015970623244955018,-0.40000000000000036,0.0,1
2011-02-21,0.006417922695872269,0.9953613004903705,0.0034930086065461264,0.010202846838834212,0.004641031362711088,49.980962158071925,0.015970623244955018,-0.40000000000000036,0.0,0
2011-02-22,-0.002271270625876398,0.9981715158322384,0.0035402228485974185,0.006649594430608419,0.0126112986508898,41.84036610666336,0.015970623244955018,-0.40000000000000036,0.0,0
2011-02-23,-0.0006289661613765318,1.0007844098581111,0.0038585043805592426,0.003432124238470946,0.008036287658628606,41.9997988901914,0.015970623244955018,-0.40000000000000036,0.0,1
2011-02-24,0.006606688237652092,1.003352415929255,0.004059658724499709,0.0031381388386644282,0.007912350175950775,58.74203388716428,0.015970623244955018,-0.40000000000000036,0.0,1
2011-02-25,0.00406309405742733,1.0058379650264917,0.004081795328073938,0.016031115527851858,0.008190604017582963,65.2306848665392,0.015970623244955018,-0.40000000000000036,0.0,0
2011-02-28,-0.006194147522996518,1.0055490139568095,0.005088772426913672,0.016604979808605647,0.010207850185453273,58.1580747754674,0.015970623244955018,-0.40000000000000036,0.010000000000000009,1
2011-03-01,0.006344026953369886,1.0071900638497573,0.005440513475926856,0.025251851331114628,0.0046710795163356685,60.51570503527592,0.015970623244955018,-0.40000000000000036,-0.010000000000000009,0
2011-03-02,-0.003594431826199118,1.008840496195869,0.0059424396304153995,0.020244610081645797,0.010563206856402692,52.88573725714193,0.015970623244955018,-0.40000000000000036,0.010000000000000009,1
2011-03-03,0.006877817698402788,1.0101610151460263,0.0060022518806696,0.02145160920657574,0.01013642931665673,65.45013147656041,0.015970623244955018,-0.40000000000000036,-0.010000000000000009,1
2011-03-04,0.006658382696715925,1.0109572011248125,0.0063797383613078155,0.024428070080891873,0.004296405798512411,76.19182111239883,0.015970623244955018,-0.5,0.0,1
2011-03-07,0.0022804453286227044,1.0131650991650876,0.004501789244197085,0.02021655132834299,0.005517601947741776,79.6397495718733,0.01595194654190668,-0.09999999999999964,-0.009999999999999981,0
2011-03-08,-0.0019130458788482185,1.0138678796071503,0.004800071951686028,0.02058285010801497,0.00872543048775095,76.77755935486437,0.01595194654190668,-0.09999999999999964,0.0,0
2011-03-09,-0.004725278871785976,1.014704366913204,0.005147294364490495,0.016399592479599212,0.005880367510103183,68.79675957694477,0.01595194654190668,-0.09999999999999964,0.0,1
2011-03-10,0.0003058724333542262,1.014554381783081,0.004308637112320147,0.0100374783682875,0.009354553554654034,67.01191708703217,0.01595194654190668,-0.09999999999999964,0.0,0
2011-03-11,-0.007259462146398166,1.0115272837965545,0.0038207302197800063,-0.0013524494006749155,0.006387206894559131,55.320863957842185,0.01595194654190668,-0.09999999999999964,-0.010000000000000009,1
2011-03-14,0.00965660481693531,1.0091532357986301,0.006498731371169586,0.0145755258270579,0.0052177406432746785,63.59987968007239,0.01595194654190668,-0.09999999999999964,0.010000000000000009,1
2011-03-15,0.004127585226618935,1.00769255665263,0.006791945776453833,0.012340954477545019,0.010149941976111078,66.30498623245478,0.01595194654190668,-0.09999999999999964,0.0,0
2011-03-16,-0.0004195134410862611,1.007191927315732,0.006225670837356114,0.015566648924701054,0.006128881669805105,62.455320024916524,0.01595194654190668,-0.09999999999999964,0.0,0
2011-03-17,-0.007247911631323101,1.0058146086135034,0.007338832165683627,0.0013190219069567632,0.011728578803578157,53.460032230123595,0.021503646750095307,-0.09999999999999964,0.0,1
2011-03-18,0.010664998089280786,1.0076806579463087,0.007423137155160191,0.005304386033457398,0.011558261034737052,64.93122132234402,0.021503646750095307,-0.09999999999999964,0.009999999999999981,1
2011-03-21,0.009806002837151162,1.009421295987502,0.0074550688649496185,0.01285264860400992,0.0039555484516829165,66.61672194639115,0.021503646750095307,-0.09999999999999964,-0.009999999999999981,1
2011-03-22,0.0032842324873181283,1.010716001834018,0.007443634159711595,0.018126815485931758,0.00473246163469488,71.26132393073745,0.021503646750095307,-0.09999999999999964,0.0,0
2011-03-23,-0.003442941303724467,1.0115339165884345,0.007920487978894086,0.019438596280553444,0.00727651873412032,65.05905757890714,0.021503646750095307,-0.09999999999999964,0.0,0
2011-03-24,-0.004386929190794642,1.0134644066089966,0.007089809846558259,0.014656036033548592,0.010931518287086725,57.57306068637211,0.021503646750095307,-0.09999999999999964,-0.010000000000000009,1
2011-03-25,0.004676775171681857,1.0141780096424637,0.005919580706075196,0.02685577481776713,0.005640008478938922,59.013860362304754,0.021503646750095307,-0.09999999999999964,0.0,0
2011-03-28,-0.010295097356388005,1.0110536686852505,0.006105022805119434,0.006564201924193158,0.006435212842820462,52.760952791910995,0.021503646750095307,-0.09999999999999964,0.0,1
2011-03-29,0.003829629873271845,1.00815869409927,0.006227418466060681,0.006265523552178021,0.007032373692611296,58.172931081609796,0.021503646750095307,-0.09999999999999964,0.0,1
2011-03-30,0.0022296262755538976,1.0061249108528205,0.006395887857407062,0.008932380298356302,0.005319210947242787,59.16941077742305,0.021503646750095307,-0.09999999999999964,0.0,1
2011-03-31,0.0007200977386532248,1.0054298984311176,0.006077571383971884,0.01703025564314653,0.008083113972996013,65.26041246232435,0.021503646750095307,-0.09999999999999964,-0.03,1
2011-04-01,0.0026477725534252983,1.0045255341667372,0.005766387374653468,0.008962536911722108,0.010618774453950356,61.7637783845609,0.020856201975850697,-0.1999999999999993,0.009999999999999995,1
2011-04-04,0.004565649513676329,1.006502864276518,0.0014876271577150242,0.0037265607254923783,0.005183382534050075,62.0477385842381,0.020856201975850697,-0.09999999999999964,-0.020000000000000004,0
2011-04-05,-0.0002275508704009388,1.0075824469289674,0.0018475793635094558,0.0002132290917262747,0.005398248909791634,62.21845247881388,0.020856201975850697,-0.09999999999999964,0.0,0
2011-04-06,-7.100532389037184e-05,1.0079668965676571,0.0020477233098353856,0.003597536036571647,0.00892450231542419,69.50681443449585,0.020856201975850697,-0.09999999999999964,0.010000000000000009,1
2011-04-07,0.00817105466574164,1.0094542625711935,0.0035057741934725146,0.016256230488788104,0.006141302598796088,68.32765363370707,0.020856201975850697,-0.09999999999999964,0.0,0
2011-04-08,-0.0023168654683762835,1.0096949064884353,0.004258752887544627,0.009181984273587185,0.010493573711320701,59.12840894424902,0.020856201975850697,-0.09999999999999964,-0.010000000000000009,1
2011-04-11,0.011193639842106196,1.0111881380234402,0.005945182205997774,0.031093613070801496,0.004260644377847749,64.69316958753382,0.020856201975850697,-0.09999999999999964,0.0,0
2011-04-12,-0.0016747813358569674,1.0126717035067088,0.006192959852619911,0.025439702215266813,0.009456203094353549,66.66985820721837,0.020856201975850697,-0.09999999999999964,-0.009999999999999995,1
2011-04-13,0.0026636854570667445,1.0145483060528881,0.005963785227920837,0.02588381353084257,0.004248713486756399,73.5763277693475,0.020856201975850697,-0.09999999999999964,-0.25,0
2011-04-14,-0.002368557922658665,1.014063012296063,0.005808060229292956,0.022717491743491358,0.01015203328327657,67.91783347537961,0.020856201975850697,-0.09999999999999964,0.009999999999999995,0
2011-04-15,-0.00069278252348981,1.0144679322126122,0.005582303045997745,0.01931006971272864,0.007667438702451241,82.85248589477744,0.02645949781609236,-0.09999999999999964,0.03,0
2011-04-18,-0.0013259797200186885,1.0129152313690797,0.0019645930170094374,0.01333196663123637,0.017630998041680276,78.55620644069805,0.02645949781609236,-0.09999999999999964,-0.01999999999999999,0
2011-04-19,-0.013114464478501953,1.009888810604425,0.005977014257712265,0.00027027292115988644,0.008472493122851192,57.610855070015845,0.02645949781609236,-0.09999999999999964,0.009999999999999995,1
2011-04-20,0.008014980338012956,1.007346638518752,0.0075179357815459485,0.00835901835001751,0.014188685783735845,62.82072084147555,0.02645949781609236,-0.09999999999999964,-0.009999999999999995,1
2011-04-21,0.01227881908696049,1.006914578220275,0.009796815225688866,0.012467548623946945,0.009590869983922268,68.06225865801127,0.02645949781609236,-0.09999999999999964,0.0,1
2011-04-22,0.0028236849832343758,1.0072845515617392,0.009768209921593298,0.017684275592839027,0.0035698127474076964,67.27502589335168,0.02645949781609236,-0.09999999999999964,0.0,1
2011-04-25,0.0001454592630523166,1.007429770092647,0.009674638440834602,0.006565179105079144,0.006540292743326307,67.57438576030697,0.02645949781609236,-0.09999999999999964,0.0,1
2011-04-26,0.0015017139749970987,1.0106240678935923,0.005064611398375367,0.009767892521229005,0.010242263967165882,68.36761266424752,0.02645949781609236,-0.09999999999999964,-0.010000000000000009,1
2011-04-27,0.007476133137329866,1.0134641588353446,0.00498832353233152,0.014614438000486896,0.004896458926030357,68.13370828664804,0.02645949781609236,-0.09999999999999964,0.0,1
2011-04-28,0.006266704509457766,1.0148389586427482,0.003125136349243822,0.02339670123920823,0.007008748413701745,73.17217240127708,0.02645949781609236,-0.09999999999999964,0.0,1
2011-04-29,0.004334524189566258,1.016433128640889,0.003099076415865658,0.028545197133445388,0.004986226021419835,70.41759289472611,0.02645949781609236,-0.09999999999999964,0.0,0
2011-05-02,-0.0033730045438911116,1.0177022113776493,0.0043317781388385055,0.026436944081647207,0.008868259100529553,68.52375323575122,0.02645949781609236,0.0,0.0,1
2011-05-03,0.002016018885259818,1.0189599933841447,0.004286010614189682,0.04217381178046398,0.008729790405738715,68.23845253665588,0.02645949781609236,0.0,0.0,1
2011-05-04,0.0006377903359364723,1.0188068065429825,0.0036870393590268434,0.034546629273598084,0.010730807843606215,71.08447824528082,0.02645949781609236,0.0,0.0,0
2011-05-05,-0.00023724083126874795,1.0177606960355914,0.0028465046863713124,0.021755244769603888,0.021312529642044678,71.58501485676423,0.02645949781609236,0.0,0.0,0
2011-05-06,-0.019242289049123396,1.0128036731896501,0.008726003372213222,-0.000727296315261361,0.0082557395774218,55.53479546401482,0.027167143887967038,0.1999999999999993,0.0,0
2011-05-09,-0.013161677946325168,1.0071304021963046,0.009593930777552303,-0.014022821335508362,0.012709567711078491,55.42228550072792,0.027167143887967038,0.1999999999999993,0.0,1
2011-05-10,0.001610196956148835,1.0011980502397437,0.00951054253554514,-0.013916019976911942,0.008289875997644684,51.735064709647325,0.027167143887967038,0.1999999999999993,0.0,1
2011-05-11,0.0024354184976875803,0.9956258559850907,0.009855634864001416,-0.01884970305934941,0.01086467841281493,44.628100202116755,0.027167143887967038,0.1999999999999993,0.0,0
2011-05-12,-0.013884142799108545,0.9879140367422942,0.009847629249597666,-0.038497585406846446,0.00912578626640008,34.601867100124764,0.027167143887967038,0.1999999999999993,0.0,1
2011-05-13,0.0018936243478451242,0.9843593165292361,0.008500168328759668,-0.040834387572926456,0.01390163743364768,36.0220055358394,0.03150120186231198,0.1999999999999993,0.0,0
2011-05-16,-0.011234190211367068,0.9817084715504276,0.008023695195732752,-0.04840008567214038,0.013863132683887449,30.42721763639649,0.03150120186231198,0.1999999999999993,0.010000000000000009,1
2011-05-17,0.005691542672767502,0.9789294836207668,0.008878327397788202,-0.04490949464826277,0.006882150260014048,28.82165772012263,0.03150120186231198,0.1999999999999993,-0.010000000000000009,1
2011-05-18,0.00783367992330497,0.9772049349283418,0.009968781987881046,-0.03804114939003711,0.00632513552549002,29.879103196940306,0.03150120186231198,0.1999999999999993,0.010000000000000009,0
2011-05-19,-0.000969363987614047,0.9786853421615388,0.00745696129576241,-0.038745588861825886,0.00666017120945876,25.856834540812542,0.03150120186231198,0.1999999999999993,-0.010000000000000009,1
2011-05-20,0.004280529157597801,0.9805712297705784,0.007631397345228833,-0.015690544266061535,0.013888999914066513,30.585495430388264,0.03150120186231198,0.1999999999999993,0.010000000000000009,0
2011-05-23,-0.014698206921176293,0.9824841591264071,0.009057396408169298,-0.017223135740425666,0.011245800118028124,24.557634635691656,0.03150120186231198,0.1999999999999993,0.0,0
2011-05-24,-0.004898767178243002,0.9826471514351575,0.008751809058237574,-0.023609711457221905,0.009179343661429015,22.918904022986183,0.03150120186231198,0.1999999999999993,0.0,1
2011-05-25,0.004441176827781446,0.9822960129390665,0.00792090261057375,-0.02165606644575324,0.007003829594420475,26.11308155778812,0.03150120186231198,0.1999999999999993,-0.010000000000000009,0
2011-05-26,-0.0010000760118645813,0.9823020384424577,0.007919557760013744,-0.00887354349090752,0.009564061702171419,31.742200252183878,0.03150120186231198,0.1999999999999993,0.0,1
2011-05-27,0.00356208443088879,0.9822044336157204,0.007773788525702885,-0.0072230140437214985,0.0123661590775687,40.247299068173184,0.03150120186231198,0.1999999999999993,0.010000000000000009,1
2011-05-30,0.01148080179736466,0.9865826630316206,0.006170651083025658,0.015584127019611094,0.0031960666668223066,46.86680666407928,0.03150120186231198,0.1999999999999993,0.0,1
2011-05-31,0.0017472809420309154,0.9923089341372974,0.004647946021436666,0.011601067168176549,0.006895031715148295,46.43916530755729,0.03150120186231198,0.1999999999999993,0.0,1
2011-06-01,0.007372706594593437,0.9983252174196926,0.004888869007848179,0.011138370673159592,0.004829948739269937,59.41737825389432,0.03150120186231198,0.1999999999999993,0.0,0
2011-06-02,-0.0057522799874775155,1.0036719070110467,0.006465403719616622,0.006297488204857871,0.010735862254139663,54.430435966979736,0.03150120186231198,0.1999999999999993,0.0,1
2011-06-03,0.009835950865785481,1.0088030981439178,0.0070211954542067,0.011864067211977858,0.010015415865034278,67.1607282687925,0.03150120186231198,0.29999999999999893,0.009999999999999995,1
2011-06-06,0.011665463960920164,1.0127495295775826,0.007064574431331941,0.03893846353682262,0.004218725584195841,69.44439002501116,0.03318694066953931,0.09999999999999964,-0.009999999999999995,0
2011-06-07,-0.004914457800257899,1.015667378806268,0.008338534615814101,0.0389220816952669,0.008555962111669587,62.67214728389039,0.03318694066953931,0.09999999999999964,-0.010000000000000009,1
2011-06-08,0.007063945406510452,1.0183025141319046,0.008305070544545332,0.041634885843961245,0.008017032480402444,66.22012189101615,0.03318694066953931,0.09999999999999964,0.0,0
2011-06-09,-0.00572400501610415,1.0205037334610207,0.008297133575215004,0.03670935068533754,0.011199032998927912,60.57471061547149,0.03318694066953931,0.09999999999999964,0.0,0
2011-06-10,-0.005907908920594673,1.0199281885532192,0.00831938639833799,0.026926567127927292,0.013151495511322584,66.703973900481,0.03318694066953931,0.09999999999999964,0.0,0
2011-06-13,-0.01261259470799736,1.0145242193379187,0.007126682182920735,0.0024652536558993354,0.005398709263590905,61.0343638212683,0.03318694066953931,0.09999999999999964,0.010000000000000009,1
2011-06-14,0.005882030521517034,1.0112941231773154,0.008451499955021426,0.0066029666947662324,0.007282752562288429,61.6623372079802,0.03318694066953931,0.09999999999999964,0.0,1
2011-06-15,0.002297544878238744,1.007369363732405,0.007331537117094168,0.0015316829417963973,0.016610561425030514,63.21034980091228,0.034894855080469966,0.09999999999999964,0.0,0
2011-06-16,-0.01855007996079716,1.001774572812265,0.010136879750631917,-0.011359875054504531,0.008626839573868707,51.46599585561567,0.034894855080469966,0.09999999999999964,0.0,1
2011-06-17,0.0012069724492713707,0.9977704186766456,0.010602792674372617,-0.01980773660324464,0.014710351750153722,46.62275339183338,0.034894855080469966,0.09999999999999964,0.0,1
2011-06-20,0.006056887593958837,0.9964855380973154,0.010249327829944236,-0.025241828562894475,0.00915238752347868,48.77165993431235,0.034894855080469966,0.09999999999999964,-0.010000000000000009,1
2011-06-21,0.0028221148052791634,0.9942112300446648,0.009847409402842629,-0.01766329682230361,0.006546958774339417,46.466005485279574,0.034894855080469966,0.09999999999999964,0.0,1
2011-06-22,0.003926178098914601,0.9922839414098624,0.010018842079975358,-0.02072402003292173,0.0061799317004651196,51.289655957771764,0.034894855080469966,0.09999999999999964,0.0,0
2011-06-23,-0.004680786833055173,0.9933319717575871,0.004062535012837949,-0.01969654022482159,0.014164945762904113,43.640573587358325,0.034894855080469966,0.09999999999999964,-0.009999999999999995,0
2011-06-24,-0.003096585777458083,0.9938513727145663,0.004650482023056017,-0.016924211756972674,0.010150654631137497,34.28866647402387,0.034894855080469966,0.09999999999999964,0.0,0
2011-06-27,-0.006915550636820811,0.9927059382358807,0.004745503810050656,-0.011252044924673466,0.01313433338030035,33.5583749771467,0.034894855080469966,0.09999999999999964,0.0,1
2011-06-28,0.010265083247285478,0.9926053618536108,0.007072127068102739,-0.006943652600233552,0.010599007277720769,35.73772484759958,0.034894855080469966,0.09999999999999964,0.0,1
2011-06-29,0.002871653858797396,0.9925168467123615,0.00693645147682301,-0.0063748369125603555,0.00793313546367026,40.24959943301434,0.034894855080469966,0.09999999999999964,-0.009999999999999995,1
2011-06-30,0.008426647245018737,0.9943406822747476,0.007337474566538788,0.020936546401193912,0.005392899676719125,48.570149477842484,0.034894855080469966,0.09999999999999964,0.0,1
2011-07-01,0.0012466876369043867,0.9974546675991472,0.006772714053985353,0.02097704420795843,0.006899638489730265,57.32987967487974,0.034894855080469966,0.09999999999999964,0.009999999999999995,1
2011-07-04,0.002966221242837852,1.0029747659237782,0.00394004929320053,0.01784054225194387,0.005436091287701179,55.69770060631218,0.034894855080469966,0.0,0.0,1
2011-07-05,0.0009022711242330228,1.0063620098285675,0.003022461702348259,0.01589194667900462,0.0073817144882980055,54.86146027718069,0.03630220025907094,0.0,0.0,0
2011-07-06,-0.008584777658985021,1.0082409407886581,0.006143271010335478,0.0032318731825893288,0.012236101837852648,63.42653159421044,0.03630220025907094,0.0,-0.009999999999999995,0
2011-07-07,-0.00669277491136433,1.0071387549373965,0.005220241180729146,0.001203890057255519,0.01051363573563135,56.649533577065995,0.03630220025907094,0.0,0.0,1
2011-07-08,0.0022982488142557767,1.0058242659196752,0.005403350254481681,0.006621997069810703,0.010777582117983934,54.21027150768359,0.03630220025907094,0.09999999999999964,0.0,0
2011-07-11,-0.011318834701942171,1.0015719694104501,0.005983944802802454,0.002158688232238637,0.016674784950808066,44.20408807248289,0.03630220025907094,0.09999999999999964,0.0,0
2011-07-12,-0.011358938650533834,0.9957364358894336,0.005626492419167477,-0.01929182191482892,0.014596056261304335,35.430162067026814,0.03630220025907094,0.09999999999999964,-0.010000000000000009,0
2011-07-13,-0.005098694502251755,0.9909932797823474,0.005617357144608976,-0.027086025479953535,0.016091827486802424,35.301334789257965,0.03630220025907094,0.09999999999999964,-0.25,1
2011-07-14,0.01898855271265032,0.9894525616886755,0.012654664355760252,-0.01689606723649395,0.008656203904520798,48.71921245382135,0.03630220025907094,0.09999999999999964,0.0,0
2011-07-15,-0.005408117485858455,0.9867010532190152,0.012576223521898616,-0.0234302861944653,0.007039242950042156,49.48885830850364,0.03399729865532031,0.09999999999999964,0.0,0
2011-07-18,-0.002415040157063064,0.9861576029371504,0.011673323262148767,-0.028669921183071323,0.008079469840922565,42.32927669779166,0.03399729865532031,0.09999999999999964,0.0,0
2011-07-19,-0.0007902214443242794,0.9878922944229247,0.010206593175407636,-0.030312408154518966,0.010036281619706114,40.02257157335664,0.03399729865532031,0.09999999999999964,0.0,1
2011-07-20,0.004322792375369033,0.9914698931566327,0.009640412734445061,-0.017687717488951926,0.007270174595720811,36.95457262402869,0.03399729865532031,0.09999999999999964,0.0,1
2011-07-21,0.006849538018910195,0.9921244889249379,0.00499994155632902,-0.004295304760020158,0.01771128797838831,40.934956291183866,0.03399729865532031,0.09999999999999964,0.0,1
2011-07-22,0.010512208369902298,0.9952816589120698,0.005344842415934735,0.003864619799105906,0.007500912461935973,45.586699912790344,0.03399729865532031,0.09999999999999964,0.0,0
2011-07-25,-0.002187015222303801,0.9982381829773596,0.005280248217771334,0.013136679196775969,0.00545197407775018,44.02440375612864,0.03399729865532031,0.09999999999999964,0.0,0
2011-07-26,-0.0011784648473811554,1.0016777368344174,0.005365712033222989,0.023569395199383836,0.011158026615756376,47.7699306722472,0.03399729865532031,0.09999999999999964,0.0,1
2011-07-27,0.009502712240401223,1.005836957961292,0.005988648681452735,0.038591541603302915,0.011857165464913784,56.74191935793759,0.03399729865532031,0.09999999999999964,0.010000000000000009,0
2011-07-28,-0.009313591686237577,1.0076491594936001,0.008410706482369558,0.009744929240809164,0.009899618717170848,50.299933273082026,0.03399729865532031,0.09999999999999964,0.009999999999999995,0
2011-07-29,-0.002852135896296626,1.0069987991400764,0.0067838498064483116,0.0123398523390843,0.01170742524396465,55.04211001101738,0.03399729865532031,0.09999999999999964,0.03,1
2011-08-01,0.002212011587234386,1.007272831868792,0.006908870209125456,0.017035341012374694,0.018314509713767836,63.92429906349992,0.03399729865532031,0.09999999999999964,0.06000000000000001,0
2011-08-02,-0.007073951781600973,1.0067658608231191,0.007562869942984131,0.010639511063993412,0.00915654594237665,62.311945351469376,0.030823035244051944,0.09999999999999964,-0.010000000000000009,0
2011-08-03,-0.006222134922558742,1.0029697835732976,0.004483741635652206,2.8261125736506187e-05,0.014043027525474455,46.994632558402095,0.030823035244051944,0.09999999999999964,-0.04000000000000001,1
2011-08-04,0.012673663284427095,1.0026138734489924,0.008094540859886201,0.005812928687200625,0.017346805378208995,58.764719639392204,0.030823035244051944,0.09999999999999964,-0.03,0
2011-08-05,-0.019918951122005035,0.9999411638843159,0.012081411317073678,-0.024476713930059346,0.011898919647483987,47.9523164265205,0.030823035244051944,0.0,-0.009999999999999995,1
2011-08-08,0.01613795902905979,0.9986408613595931,0.015022465007772047,-0.006561093095740378,0.01862260803079174,55.750182894336746,0.030823035244051944,-0.09999999999999964,0.03,0
2011-08-09,-0.008629903655718585,0.9969034879837188,0.015197923087076817,-0.013972376257038621,0.009076937688547303,49.93287190917504,0.030823035244051944,-0.09999999999999964,-0.009999999999999995,1
2011-08-10,0.01498721026671479,0.9983963824136084,0.01635847960968525,-0.008615415358630307,0.016491833773627222,53.21006669987223,0.030823035244051944,-0.09999999999999964,0.0,0
2011-08-11,-0.017966626292349686,0.9955805295442326,0.017547915582321008,-0.017274548104247778,0.01269815441437173,42.10303187169212,0.030823035244051944,-0.09999999999999964,-0.010000000000000009,1
2011-08-12,0.007198540998464731,0.9975715505154668,0.01505522111570028,-0.007369240828540291,0.009635791822049777,45.82178144816399,0.030823035244051944,-0.09999999999999964,0.010000000000000009,1
2011-08-15,0.003354465212841662,0.9967642283280044,0.01308376511899371,-0.006237709179953588,0.014540366541573159,47.5278966011149,0.030823035244051944,-0.09999999999999964,0.0,1
2011-08-16,0.0115072888069927,0.9993698470594448,0.012943041261034854,0.01235918053477536,0.006018611326971034,48.254849165570114,0.030823035244051944,-0.09999999999999964,-0.010000000000000009,0
2011-08-17,-0.0027932347426848914,0.9987922650127958,0.011464649144282565,0.015852193106515644,0.012141564289187562,50.657626133719404,0.030823035244051944,-0.09999999999999964,0.0,1
2011-08-18,0.002164443203982014,1.0024904693645025,0.005387815686576667,0.005309987207791966,0.011926727155937154,52.56604414902657,0.03597476068144334,-0.09999999999999964,0.0,0
2011-08-19,-0.00726243021461781,1.004195094680027,0.007056598611746124,0.018292308298549553,0.012967859143137955,49.0010733196729,0.03597476068144334,-0.09999999999999964,0.0,1
2011-08-22,0.0031324456960912794,1.0055924984497142,0.007041862221616938,0.00525922152646352,0.005837988154782595,52.805433761059795,0.03597476068144334,-0.09999999999999964,0.0,0
2011-08-23,-0.000574424186211675,1.004548645387294,0.004173830421523014,0.013427558508182225,0.009898574619200348,55.12821932766047,0.03597476068144334,-0.09999999999999964,-0.009999999999999995,1
2011-08-24,0.005298464682076398,1.0053441874307358,0.0048508182461996134,0.0037537008639396685,0.006321674127277033,52.43685327086798,0.03597476068144334,-0.09999999999999964,0.0,0
2011-08-25,-0.0017150926501785513,1.0049705051681275,0.004838620618223314,0.020364681177629462,0.009672831431408497,61.78315703824247,0.03597476068144334,-0.09999999999999964,0.0,0
2011-08-26,-0.002730864367042174,1.0055055784092497,0.003401791010313415,0.0103054782224552,0.009930389405129615,53.08800158270522,0.03597476068144334,-0.09999999999999964,0.009999999999999995,1
2011-08-29,0.008494036914375114,1.006801513132475,0.004887778073614403,0.01548065571536128,0.005517075308604307,62.70751674893229,0.03597476068144334,-0.09999999999999964,0.0,1
2011-08-30,0.0020189416515252745,1.0081595560904033,0.004713354008023503,0.005955036772512967,0.009890437290553345,56.459971992828066,0.03597476068144334,-0.09999999999999964,-0.009999999999999995,0
2011-08-31,-0.006278454582239301,1.0071913773014671,0.005613243328072468,0.002439241880212384,0.004849515923905673,66.65808255936875,0.03597476068144334,-0.09999999999999964,0.0,0
2011-09-01,-0.00405363862776742,1.006589643900111,0.005878624587446208,-0.0037805449817520653,0.010318771735520262,58.39873584408743,0.03597476068144334,-0.09999999999999964,0.0,0
2011-09-02,-0.007829866776577044,1.004360875608423,0.0067394583785520224,-0.004349971746405057,0.006654351841790721,49.36612824893873,0.03597476068144334,-0.09999999999999964,0.0,0
2011-09-05,-0.007319519554660259,1.000135639315801,0.004022161945481585,-0.014723975241023424,0.007490613682846469,34.19014746568536,0.03597476068144334,0.0,0.0,0
2011-09-06,-0.006680009733646686,0.9940796527321588,0.0014563146879698575,-0.020743119840264113,0.018604566789714942,32.221045130701455,0.03334861333944539,0.0,0.009999999999999995,0
2011-09-07,-0.004256931171291445,0.9893954146756255,0.0017588811043751686,-0.030050989553383922,0.009184136210298365,28.057261471946546,0.03334861333944539,0.0,0.0,1
2011-09-08,0.005887742654857586,0.9854953011429801,0.005716098386154922,-0.022663957528342715,0.01040509772435352,37.413457343758054,0.03334861333944539,0.0,0.0,0
2011-09-09,-0.012889115287409658,0.9816011624086669,0.0068833592727233816,-0.03261916861250491,0.020783559714881508,28.563940954252075,0.03334861333944539,0.0,0.0,0
2011-09-12,-0.02181574160112254,0.9761129072392387,0.010288201994455298,-0.0616933105174039,0.012648574294180892,22.456183088991807,0.03334861333944539,0.0,0.0,1
2011-09-13,0.004371300296401426,0.9731203303716534,0.01171731199970675,-0.05949052396237986,0.011848960787722278,21.50984047483307,0.03334861333944539,0.0,0.0,1
2011-09-14,0.0018887231976363328,0.9710921725081153,0.012223261237700317,-0.051760684421437,0.011361059906850685,23.384469941879374,0.03334861333944539,0.0,-0.009999999999999995,1
2011-09-15,0.004385008693279957,0.9686383439133885,0.011918312426757276,-0.04372625860246648,0.01625931723477047,27.36875808521461,0.03721292688517064,0.0,0.009999999999999995,1
2011-09-16,0.00894549932573363,0.9697014887431379,0.012215380373172739,-0.027557819774488235,0.00879957291437547,27.414926430995834,0.03721292688517064,0.0,0.0,0
2011-09-19,-0.012084628759637228,0.9734232764628643,0.008010872893370404,-0.0322257801863034,0.008429991423057307,23.00684796516265,0.03721292688517064,0.0,0.0,0
2011-09-20,-0.006993366572684012,0.9752596174490309,0.008584651287650314,-0.032531078250768286,0.009343544993891737,22.937191181985966,0.03721292688517064,0.0,0.0,1
2011-09-21,0.006490977529843178,0.9779542644746976,0.009168123055695834,-0.02208835666157616,0.006823529616594311,28.164495244796427,0.03721292688517064,0.0,-0.009999999999999995,0
2011-09-22,-0.007879912703670389,0.9785542480742081,0.009389415912162224,-0.035473101206768276,0.014248835483602357,28.248667747248234,0.03721292688517064,0.0,0.0,0
2011-09-23,-0.007738055387696452,0.9761177058450774,0.007070086582164789,-0.030439891759366455,0.010750577303896627,28.23526074228785,0.03721292688517064,0.0,0.0,1
2011-09-26,0.004903966025155082,0.9772245275118712,0.007278356400778307,-0.003955758125181674,0.013137823378072924,33.09316669283116,0.03721292688517064,0.0,0.0,0
2011-09-27,-0.0021358565632226822,0.9795104120353013,0.00679387604685699,-0.01040896533957747,0.012895568497009688,33.777684241406746,0.03721292688517064,0.0,0.0,1
2011-09-28,0.004753881179602404,0.9809118329757142,0.006325972406104605,-0.007578975754716111,0.010167289891470678,32.962490719519664,0.03721292688517064,0.0,0.0,0
2011-09-29,-0.003289626411800528,0.983191262667935,0.005464689408318927,-0.015162192514992179,0.011529282558430125,36.328561365560724,0.03721292688517064,0.0,0.0,1
2011-09-30,0.003559460925974145,0.987140949700505,0.003954713910816685,-0.020419537190392356,0.013522148114583988,49.310403541631196,0.03721292688517064,0.0,-0.020000000000000004,0
2011-10-03,-0.01655418318177404,0.9872951607386523,0.008475552662545285,-0.024851382586109194,0.010160712364250667,38.03312159709619,0.03721292688517064,0.0,0.020000000000000004,0
2011-10-04,-0.012416606248372819,0.9857011491523978,0.009481711524275842,-0.030177091895219443,0.011331300413621737,32.34661322480383,0.03615848185664827,0.0,-0.009999999999999995,1
2011-10-05,0.010237596474923283,0.9844327931581488,0.011049137479396565,-0.026566968245829492,0.007971560330159012,35.811535611958675,0.03615848185664827,0.0,0.0,1
2011-10-06,0.0007337602228985052,0.9842235536451649,0.011230840152464243,-0.018115537961519212,0.014241936700358846,30.440354116449484,0.03615848185664827,0.0,0.0,1
2011-10-07,0.0066740647194381,0.9836336124435463,0.011752129859569086,-0.0038541457202225793,0.008772822979317297,39.30572774609472,0.03615848185664827,0.0,0.0,0
2011-10-10,-0.0031991962373425498,0.9847836197072453,0.008852584682142355,-0.01188668591037767,0.023086428702594305,41.00702358930306,0.03615848185664827,0.0,0.0,1
2011-10-11,0.01863971948293064,0.9913791734701786,0.008494527321282641,0.008685877433147526,0.007634275179238003,47.88608750917321,0.03615848185664827,0.0,0.0,1
2011-10-12,0.0007505497110011916,0.9961889565474198,0.008543085967190268,0.004666879357398956,0.016823466471352688,52.32334254746018,0.03615848185664827,0.0,0.0,1
2011-10-13,0.010716381109662443,1.002696863559024,0.008545139071602249,0.018784693560723653,0.009931080215223825,61.73086381345349,0.03615848185664827,0.0,0.0,0
2011-10-14,-0.004093249366850182,1.0077216354115808,0.009820071933157527,0.011015882230510865,0.012244037152691591,57.160803678742255,0.03615848185664827,0.0,0.0,1
2011-10-17,0.010450973687270881,1.014342285001629,0.008984579976349652,0.038778105659417195,0.012397147097237231,62.614822794839945,0.03615848185664827,0.0,0.0,0
2011-10-18,-0.009730817812312997,1.0154259195070283,0.008985661704946307,0.04160312098618735,0.009629027107095605,55.38308498788904,0.03615848185664827,0.0,0.0,0
2011-10-19,-0.0002885689737092134,1.0166449629027574,0.009022702502554434,0.03075014261597997,0.010223600095054831,56.92664484609315,0.03930448958657706,0.0,0.0,1
2011-10-20,0.0018170256947371843,1.0155765480165835,0.007472795229234845,0.031865899957213006,0.01312947294525762,56.23091785036112,0.03930448958657706,0.0,0.0,1
2011-10-21,0.00101966567367473,1.0151027204391552,0.0071798313046486225,0.026070000604526467,0.013634842546252622,67.04052738265756,0.03930448958657706,0.0,0.0,1
2011-10-24,0.004985164416470456,1.0135187414558084,0.005545255259441558,0.03449467974734666,0.009457816151382909,78.89110632913263,0.03930448958657706,0.0,0.0,1
2011-10-25,0.005387937899083095,1.0146340442372228,0.0024957314546547467,0.021036636355299176,0.007636074817281687,77.69703470861688,0.03930448958657706,0.0,0.0,0
2011-10-26,-0.0012792294072749844,1.015848736027802,0.0028014190426193216,0.018965711843623945,0.011648096367907795,76.20979166482208,0.03930448958657706,0.0,0.009999999999999995,0
2011-10-27,-0.0019843164837757277,1.0162265022483616,0.0034379698424214806,0.006161352870041492,0.02269247160488079,72.05412181163469,0.03930448958657706,0.0,-0.009999999999999995,1
2011-10-28,0.02140261412833344,1.0198171440433723,0.009419909718879496,0.03191974088236771,0.004348961498204578,81.0290777751385,0.03930448958657706,0.0,0.0,0
2011-10-31,-0.0023896622067433038,1.0211837273950788,0.010112229352341528,0.018806283614705155,0.016520603711892002,73.9346789306245,0.03930448958657706,0.0,0.01999999999999999,0
2011-11-01,-0.0198059242163251,1.0178069787012747,0.014648719081180565,0.008440837635847354,0.018607036626198337,58.09298183530666,0.03930448958657706,0.0,-0.009999999999999995,0
2011-11-02,-0.014721213545842105,1.0129900992953123,0.015933213223503193,-0.006117831726051182,0.012293084567060351,45.07907337906043,0.03930448958657706,0.0,0.0,1
2011-11-03,0.0024916491822899456,1.008990207740244,0.016163710610176116,-0.0054485515707130006,0.012234230418508938,48.326135992899715,0.03930448958657706,0.0,0.009999999999999995,1
2011-11-04,0.010220212316118138,1.0025385746716424,0.012330698418473696,0.003692544556929356,0.010658217554691998,48.18758920036898,0.03689709839683131,-0.09999999999999964,-0.009999999999999995,0
2011-11-07,-0.002937065143215345,0.9959995587636692,0.012305897858234778,-0.004219495368497972,0.009306404440170711,51.79575204944569,0.03689709839683131,-0.09999999999999964,0.0,0
2011-11-08,-0.002119076503831585,0.9941052806900181,0.00908993647326045,-0.011654773143991437,0.00803982329750231,50.77894350574617,0.03689709839683131,-0.09999999999999964,0.0,1
2011-11-09,0.004825522700705465,0.9959205903785309,0.005383012133671726,-0.005613442288840642,0.021764555406388643,52.314772006022025,0.03689709839683131,-0.09999999999999964,0.25,0
2011-11-10,-0.02168333794456534,0.9945130377255631,0.012079669469694443,-0.025240831381223017,0.012098002669781265,42.18032831694901,0.03689709839683131,-0.09999999999999964,0.0,1
2011-11-11,0.006165419802261374,0.9917820156980063,0.011124059149984858,-0.039782202891261664,0.011752607262391131,42.7025376875593,0.03689709839683131,-0.09999999999999964,0.0,1
2011-11-14,0.013001101169173301,0.9920794399288159,0.013275702807036481,-0.024968317805292295,0.012110012036776282,46.09050890162852,0.03689709839683131,-0.09999999999999964,0.0,0
2011-11-15,-0.011812140516847314,0.9905410261621993,0.014334900206605803,-0.01701663501087114,0.00941649312082999,42.52649373842141,0.03689709839683131,-0.09999999999999964,0.009999999999999995,0
2011-11-16,-0.008590507978237794,0.9867469210058109,0.014013130349885917,-0.01090021225677007,0.009069777252709875,40.59085761219616,0.036019901406713295,-0.09999999999999964,-0.009999999999999995,0
2011-11-17,-0.004892592606321355,0.9866639374739609,0.010449757702791749,-0.01818581108616435,0.008152077992316207,28.870004419818102,0.036019901406713295,-0.09999999999999964,0.0,1
2011-11-18,0.0012650816014883048,0.985605205413037,0.00979236936167952,-0.026889135660361663,0.012229319719177928,30.143642297776992,0.036019901406713295,-0.09999999999999964,0.0,1
2011-11-21,0.005344381547830679,0.9830043608650971,0.007028373556122414,-0.018806631070354074,0.007917964087525719,39.06606912108987,0.036019901406713295,-0.09999999999999964,0.0,0
2011-11-22,-0.0033710842016849707,0.9825355324610455,0.005437611601935976,-0.020037701453660572,0.007225124872916943,43.64769306662454,0.036019901406713295,-0.09999999999999964,0.0,1
2011-11-23,0.0027854837996728055,0.9841229679274595,0.004271050288434542,-0.0220272619946853,0.013201260194826628,43.79475696571537,0.036019901406713295,-0.09999999999999964,0.009999999999999995,0
2011-11-24,-0.012564303930668097,0.9847097360863188,0.007046137831604873,-0.012911433747625045,0.006877377072130142,32.739536581921385,0.036019901406713295,-0.09999999999999964,0.0,0
2011-11-25,-0.0015730560383468983,0.9858902023711166,0.006899823063587732,-0.020503188415546103,0.008673174476109536,33.21011260196937,0.036019901406713295,-0.09999999999999964,-0.01999999999999999,0
2011-11-28,-0.0013179977379692565,0.985702215534193,0.005695042095573875,-0.03434869332972712,0.008912143148725038,33.49605658223031,0.036019901406713295,-0.09999999999999964,0.009999999999999995,1
2011-11-29,0.000266293390309702,0.9852076890593654,0.0058977416618327975,-0.022545719458871183,0.011143031751463844,30.256298910683427,0.036019901406713295,-0.09999999999999964,0.0,1
2011-11-30,0.0005329820938964058,0.9834944708101133,0.005465075238668494,-0.013550652842859612,0.019481328767911348,39.84595896222469,0.036019901406713295,-0.09999999999999964,0.020000000000000004,1
2011-12-01,0.00899395646136325,0.9857458890306825,0.004356886662287369,0.00021507451511570963,0.0075177429356120245,41.96588025461258,0.036019901406713295,-0.09999999999999964,-0.020000000000000004,1
2011-12-02,0.0017102949416396562,0.9890793956637817,0.004036070518639061,0.0006598209687542766,0.008782428769017981,31.813218966909247,0.03475765015104093,-0.5,0.0,0
2011-12-05,-0.0035559391424619946,0.9919995033233746,0.004587570617745918,-0.008199027274671256,0.0061541104749667395,36.59389408371523,0.03475765015104093,-0.40000000000000036,0.0,0
2011-12-06,-0.0024096751589097742,0.9944069060151649,0.0049242683541955365,-0.007242275560270572,0.006327930904622516,41.14981680938189,0.03475765015104093,-0.40000000000000036,0.0,1
2011-12-07,0.0018911661781799705,0.9972437317471192,0.004925780404675391,-0.008127650090699046,0.007380086919917631,47.731110605795145,0.03475765015104093,-0.40000000000000036,0.0,0
2011-12-08,-0.0006166663822428919,0.997101986448959,0.0024267301163213876,0.00387366946681178,0.010891437989633114,45.69645799634159,0.03475765015104093,-0.40000000000000036,-0.009999999999999995,0
2011-12-09,-0.004350545247822857,0.9962759631243943,0.002499247198230183,0.0010810282009845462,0.01078976514522918,35.05139307883363,0.03475765015104093,-0.40000000000000036,0.0,1
2011-12-12,0.0019656164947783328,0.9971115644520088,0.0027420789044223536,0.004372530305647437,0.0124770815922951,40.57521365135449,0.03475765015104093,-0.40000000000000036,0.0,0
2011-12-13,-0.015001828480179058,0.9955789105625147,0.00706897391602908,-0.010958269399800713,0.010001818314947897,26.944703384851593,0.03475765015104093,-0.40000000000000036,0.0,0
2011-12-14,-0.011535031615962477,0.9915204428163188,0.007189904627723027,-0.02288768040185163,0.008069227278504171,27.596254904005846,0.03475765015104093,-0.40000000000000036,0.25,0
2011-12-15,-0.002389746076545851,0.9869757102312388,0.006901651011119556,-0.03391168695927593,0.006629099475041406,27.22579725975352,0.03475765015104093,-0.40000000000000036,0.0,1
2011-12-16,0.0032052808842837344,0.9838241539367956,0.008140845044197065,-0.03246986445366529,0.005916798131246588,31.73998815729324,0.03456143392989164,-0.40000000000000036,0.0,1
2011-12-19,0.0005605638099015486,0.9806160842387166,0.007870800025042382,-0.028472810513628155,0.004299393372136595,32.0685585873035,0.03456143392989164,-0.40000000000000036,0.0,0
2011-12-20,-0.0022372499975769067,0.9799168246728407,0.005559409028885686,-0.028304890147707207,0.01037874206346988,30.30314277909089,0.03456143392989164,-0.40000000000000036,0.0,1
2011-12-21,0.006164377096311124,0.9825582772735432,0.003663295496540686,-0.024160469782813943,0.012661272789093278,26.682461790273663,0.03456143392989164,-0.40000000000000036,0.0,0
2011-12-22,-0.0036642711520575855,0.9845005627772412,0.003992921460984467,-0.0271362780706087,0.007324321282821702,22.920371916324882,0.03456143392989164,-0.40000000000000036,0.0,1
2011-12-23,0.0012272870757483734,0.9859221448782703,0.003788505683703391,-0.02168609609269745,0.004666191753865393,26.002477627277855,0.03456143392989164,-0.40000000000000036,0.009999999999999995,0
2011-12-26,-0.0008478672659504305,0.9870444093252043,0.003826693234715504,-0.02443316668696327,0.003074596313591461,26.754713860135354,0.03456143392989164,-0.40000000000000036,0.0,1
2011-12-27,0.000430598835774898,0.9886880241656044,0.0035932426485564156,-0.009148504560404502,0.0031392234215096406,24.737799818034574,0.03456143392989164,-0.40000000000000036,-0.009999999999999995,1
2011-12-28,0.0016471171977960886,0.9893911952933498,0.0021365258501073233,0.00406547092986842,0.010117782412049853,27.239008651719217,0.03456143392989164,-0.40000000000000036,0.0,0
2011-12-29,-0.011078601493902274,0.9896194621550378,0.005314908276622245,-0.00467960729297312,0.006400311319641171,24.348213959270225,0.03456143392989164,-0.40000000000000036,0.0,1
2011-12-30,0.0022283883675637828,0.9900215830352228,0.005470475859254996,-0.005648821731833897,0.006938971736675154,24.586440406160932,0.03456143392989164,-0.40000000000000036,-0.030000000000000006,1
2012-01-02,0.0003109954845847973,0.990459483510603,0.005530507521533237,-0.00589684125939971,0.0031927834686463624,33.01608321817902,0.03456143392989164,0.0,0.0,0
2012-01-03,-0.0014752055910273176,0.9904711562636141,0.005447125583995215,-0.005137591877069525,0.010017993366966765,41.995600918875766,0.029366362166972415,0.0,0.030000000000000006,1
2012-01-04,0.008891116501639207,0.9915738620264672,0.007224501099520295,-0.0024414811889361676,0.013165225645364313,55.94113958725218,0.029366362166972415,0.0,0.0,0
2012-01-05,-0.009543391611501084,0.9934316511504613,0.006658322005184521,-0.008327817016936412,0.01219525123609551,42.5041389975439,0.029366362166972415,0.0,0.0,0
2012-01-06,-0.01046722958350943,0.9930701669797187,0.007933886045322762,-0.019910728324007643,0.008510245832914109,34.62305271296121,0.029366362166972415,-0.09999999999999964,0.0,0
2012-01-09,-0.009041076492530387,0.9914064525773004,0.008215640769871635,-0.02794761900410314,0.008309711544680716,31.178964132068984,0.029366362166972415,-0.09999999999999964,0.009999999999999995,1
2012-01-10,0.007537788594455419,0.9903723581104393,0.009828320224321464,-0.02104203181479214,0.00560050281546053,32.37602095439456,0.029366362166972415,-0.09999999999999964,0.0,0
2012-01-11,-0.0018872375120040363,0.9866994461822259,0.007636057107286697,-0.024496326891516818,0.008973428689431998,33.27234655620771,0.029366362166972415,-0.09999999999999964,0.0,0
2012-01-12,-0.002188552220028228,0.9845005044247227,0.007158506258293722,-0.01572689816454198,0.010065380848006978,30.98613467804796,0.029366362166972415,-0.09999999999999964,0.0,1
2012-01-13,0.0075898371826228495,0.985674299591083,0.007136311108480666,-0.010461501657339056,0.01740664900852898,38.295377683171864,0.029366362166972415,-0.09999999999999964,0.009999999999999995,0
2012-01-16,-0.013532409216275854,0.9866456410103298,0.008727410299526166,-0.024155824684352623,0.004293205166512867,32.090602436154626,0.029366362166972415,-0.09999999999999964,0.0,1
2012-01-17,0.0015834534347431983,0.9862601253154525,0.00770326137054438,-0.021166640428450845,0.01080606055643909,32.00189010481394,0.029366362166972415,-0.09999999999999964,0.0,1
2012-01-18,0.0062327961453390035,0.9874783842411182,0.008468422696001118,-0.02374576180499488,0.008381407687419835,41.444934099175335,0.029366362166972415,-0.09999999999999964,0.0,1
2012-01-19,0.009417965645347248,0.9903532648793157,0.009290918091443855,-0.005056295525350363,0.005908189299252391,46.08818815074689,0.029488949022029365,-0.09999999999999964,0.010000000000000009,1
2012-01-20,0.007688262266307477,0.9929485097080674,0.00930513157180788,0.013198473652241693,0.007460328873459722,50.1956948098999,0.029488949022029365,-0.09999999999999964,-0.010000000000000009,0
2012-01-23,-0.006184743844909191,0.9972641168611273,0.006268832629067767,0.016118909414169602,0.012522424418491692,47.849520741994496,0.029488949022029365,-0.09999999999999964,0.0,1
2012-01-24,0.011033785352864811,1.002952935268846,0.006850862517655505,0.01964468130449859,0.007532722310066565,48.909587424745574,0.029488949022029365,-0.09999999999999964,0.0,1
2012-01-25,0.0010823781462105941,1.0076630966503095,0.007120881802675344,0.022678359386992142,0.008917496837412133,54.481039208118425,0.029488949022029365,-0.09999999999999964,-0.009999999999999995,1
2012-01-26,0.005085735634072108,1.0107088112626426,0.006636312464931751,0.030133933067662655,0.006491528662414589,63.48683972676461,0.029488949022029365,-0.09999999999999964,0.0,0
2012-01-27,-0.0011129348274204753,1.0121578022801947,0.006493297166580268,0.021236442810749434,0.42422272716346765,69.58265216938453,0.029488949022029365,-0.09999999999999964,0.009999999999999995,1
2012-01-30,0.008796490872816642,1.016200106116238,0.0050877393880071516,0.044352343132163075,0.009433890740736061,70.13817570721687,0.029488949022029365,-0.09999999999999964,0.0,0
2012-01-31,-0.005176978866077486,1.017164303986519,0.005417660531252839,0.03730323175783212,0.009633588147776108,67.35819874324471,0.029488949022029365,-0.09999999999999964,0.020000000000000004,0
2012-02-01,-0.004759999960080807,1.0176395013086703,0.006171221376787317,0.025971000320048843,0.012734959780043452,65.33203852938985,0.029488949022029365,-0.09999999999999964,0.0,1
2012-02-02,0.00711179590007216,1.0176698656337244,0.00659417296665013,0.023627012635071276,0.007831953784901235,65.2241732404488,0.02979753481147762,-0.09999999999999964,0.0,0
2012-02-03,-0.002496058497705178,1.017013831047141,0.006731074183905845,0.013281605002816388,0.008284119350555097,74.32978758657256,0.02979753481147762,-0.29999999999999893,0.0,0
2012-02-06,-0.0007614170360323858,1.0140113854077526,0.004986147507420074,0.01881116118473103,0.007169730138920332,73.06873006689395,0.0257167672417693,-0.1999999999999993,0.0,0
2012-02-07,-0.00041982042800980945,1.012383120694254,0.00446850544369158,0.007269448559081848,0.011378432426401996,70.3311989800527,0.0257167672417693,-0.1999999999999993,0.0,1
2012-02-08,0.009671372301909287,1.0130883421214456,0.005402467464257465,0.015911525970241813,0.003717399533529974,70.54998149094592,0.0257167672417693,-0.1999999999999993,0.0,0
2012-02-09,0.0,1.0122532895087042,0.004830527017994216,0.010771011817554355,0.00664145270294285,67.04757345701219,0.0257167672417693,-0.1999999999999993,0.0,1
2012-02-10,0.0022573974802051477,1.0126430232705683,0.0043670756947497245,0.014181441600376488,0.009354443142784783,75.18827845533106,0.0257167672417693,-0.1999999999999993,0.009999999999999995,0
2012-02-13,-0.0031371504091429747,1.0120360629065699,0.004863945002571213,0.002184098599700368,0.005355450872928766,65.40867951613185,0.0257167672417693,-0.1999999999999993,0.0,0
2012-02-14,-0.0059605575627214025,1.0106929682496801,0.005966537156072432,0.0013947219034484704,0.006198153554898772,57.83464170451112,0.0257167672417693,-0.1999999999999993,0.0,0
2012-02-15,-0.001838707941424489,1.0074473808870659,0.00311374281344897,0.004334079654848777,0.009451730983874793,51.87159252243979,0.027010521935022735,-0.1999999999999993,0.0,0
2012-02-16,-0.005758645888161662,1.0038073842196276,0.0033659850593931073,-0.008500864152541254,0.005996767179403285,47.73062448749248,0.027010521935022735,-0.1999999999999993,-0.009999999999999995,1
2012-02-17,0.0052638776574776,1.0008790556404377,0.004568556180933826,-0.000787641505513248,0.0062607829842850635,44.35138804518492,0.02914566954067177,-0.1999999999999993,-0.020000000000000004,1
2012-02-20,0.007645327701919058,0.9994293865905849,0.006287813124942499,0.007618882602025812,0.007013677039738372,55.837954650183526,0.02914566954067177,-0.1999999999999993,0.0,0
2012-02-21,-0.0016902869738671944,0.9994669336717287,0.005543830289365842,0.0063381988635105024,0.007793179268671627,58.998285816940026,0.02914566954067177,-0.1999999999999993,0.010000000000000009,1
2012-02-22,0.002913516067626354,1.000363773342785,0.005400070024359588,-0.0003973480258524509,0.0037954799358049457,55.58752230044174,0.02914566954067177,-0.1999999999999993,-0.020000000000000004,1
2012-02-23,0.0009411962103349492,1.002801265805232,0.0036382712798606457,0.0005434742020264949,0.007957752185013961,59.33643293283805,0.02914566954067177,-0.1999999999999993,0.0,1
2012-02-24,0.008893566863131364,1.0054765497254963,0.004466968452706216,0.007168295317319995,0.008844673100079983,66.5874594872124,0.02914566954067177,-0.1999999999999993,0.009999999999999995,1
2012-02-27,0.0069893641970306675,1.0081246752687605,0.004331189943788815,0.017399496587978236,0.007397874910109101,70.78766455107825,0.02914566954067177,-0.1999999999999993,0.010000000000000009,0
2012-02-28,-0.0044911812204059265,1.0101604147539291,0.005267849583641888,0.01890340346244246,0.005004138697816018,60.338515272948406,0.02914566954067177,-0.1999999999999993,0.0,1
2012-02-29,0.005323799642033,1.0121771438618448,0.005361763036302239,0.026214750247949947,0.009728410095590334,63.725055369129905,0.02914566954067177,-0.1999999999999993,0.0,0
2012-03-01,-0.0116558542755969,1.0125846075781197,0.008763548519132884,0.020127895977159582,0.00536861952353334,52.20386731988444,0.02914566954067177,-0.1999999999999993,0.009999999999999995,1
2012-03-02,0.00013325122886009844,1.0111067362246626,0.007591155046090788,0.014921407153680732,0.010494395514622128,54.65127840267134,0.02914566954067177,-0.1999999999999993,0.0,0
2012-03-05,-0.010245645305466122,1.0066426792500438,0.007101115647811658,-0.003098754306716911,0.005742871178839937,51.44172919993875,0.023552436226211393,0.0,0.0,1
2012-03-06,0.00300225125902176,1.0035195510521087,0.007779263514257428,0.0015871634488562325,0.008538767821209915,54.62069031538538,0.023552436226211393,0.0,0.0,0
2012-03-07,-0.007742793211997778,0.9986419632278765,0.006505211548570425,-0.00905505286712438,0.004690120661238703,53.191226545038425,0.023552436226211393,0.0,0.0,1
2012-03-08,0.0012614600562175227,0.9963191709633082,0.005886446309276486,-0.00873798744806864,0.010296973688233377,50.67519196032226,0.023552436226211393,0.0,0.0,1
2012-03-09,0.010274746544790547,0.9956115506646008,0.008347437208467746,-0.007380945440957687,0.012471563593964806,52.375069359803085,0.023552436226211393,0.0,0.009999999999999995,0
2012-03-12,-0.01128754586665559,0.9951088031645374,0.008653024755751167,-0.02539703362689727,0.004909847915330963,46.48152454467686,0.023552436226211393,0.0,0.0,1
2012-03-13,0.0032920631088662056,0.994201771913846,0.008686590795091428,-0.01777723873586412,0.010315340895460342,46.70432612208202,0.023552436226211393,0.0,0.0,0
2012-03-14,-0.00667106449425936,0.9937534732118957,0.008484564871075774,-0.029496476435332042,0.005587426654145864,42.77445343202529,0.023552436226211393,0.0,0.010000000000000009,0
2012-03-15,-0.004427636222061548,0.9921134897911229,0.008549376559371347,-0.022398735106669454,0.005987776188934381,34.77523245932349,0.023552436226211393,0.0,0.010000000000000009,1
2012-03-16,0.004316057842443488,0.989329228780425,0.006657762219175632,-0.01831016287769993,0.010222091618101803,32.596762406998266,0.02772753857920529,0.0,0.009999999999999981,1
2012-03-19,0.007524128088370663,0.9903029644520339,0.006060769338301354,-0.000685177581141394,0.009162742144389068,40.05472114534168,0.02772753857920529,0.0,0.0,1
2012-03-20,0.003955476978161343,0.9911328414132665,0.006135581271320423,0.00026454370717221565,0.005606663116320688,39.03743540275685,0.02772753857920529,0.0,0.0,1
2012-03-21,0.0006353677536672375,0.9935297830680184,0.004529845913283213,0.00871031492263552,0.007766268292821301,45.778381346032454,0.02772753857920529,0.0,0.0,0
2012-03-22,-0.001427611591309219,0.996634549264613,0.003475194497661527,0.006001238006528187,0.00866692494743301,44.819790371544926,0.02772753857920529,0.0,-0.009999999999999981,0
2012-03-23,-0.0010563899779848507,0.99917736051869,0.0037836789964079596,-0.0052819672887826075,0.007062746445470676,51.058079262513075,0.02772753857920529,0.0,0.0,1
2012-03-26,0.005924350956586277,1.0014758449462187,0.0032171976706981973,0.012034477017819123,0.010345504081715804,53.1159402430593,0.02772753857920529,0.0,0.0,1
2012-03-27,0.005798188540610427,1.0036320783839128,0.0036323494033193545,0.014562440144326283,0.004612024832195302,63.24345307733046,0.02772753857920529,0.0,0.0,0
2012-03-28,-0.0023458081728527924,1.005578274449792,0.004119218085361536,0.018980153603424865,0.006928490327508388,60.391716861540885,0.02772753857920529,0.0,-0.010000000000000009,0
2012-03-29,-0.00018656758133372975,1.007185423221402,0.003941410049365252,0.023320937791700524,0.006474011769905828,53.30607717150486,0.02772753857920529,0.0,0.0,0
2012-03-30,-0.0009320279753308736,1.0088701100963726,0.003920582320612594,0.017973541363335732,0.004252164359717525,64.77944677315459,0.02772753857920529,0.0,-0.04000000000000001,1
2012-04-02,0.0033395920465095763,1.009351849453206,0.0033444253612883194,0.013745605917682369,0.007374085824678236,64.84849162469229,0.02772753857920529,0.0,0.06,0
2012-04-03,-0.001866634635429354,1.0085369224750076,0.0022500182112854634,0.007866719651525411,0.004778444624589544,71.92139097223802,0.022117320685489217,0.0,0.0,0
2012-04-04,-0.008107065912870581,1.0065835345731367,0.004160658517005346,-0.0009388934870996346,0.009543060364778326,66.16542068157793,0.022117320685489217,0.0,0.0,0
2012-04-05,-0.006138288383907398,1.0038127671154151,0.004509620989933771,-0.0056518757640655615,0.009791732949175931,55.00981887198166,0.022117320685489217,0.0,0.0,0
2012-04-06,-0.006009956796803495,1.0008450545041752,0.004571775383465712,-0.010582654463837438,0.004454838012111568,41.140885336670294,0.022117320685489217,-0.10000000000000142,-0.03,1
2012-04-09,0.0010724677616409384,0.9967928724937688,0.003726294745496417,-0.015354919283780522,0.0036001379571333936,37.367393022015264,0.022117320685489217,-0.10000000000000142,0.04000000000000001,1
2012-04-10,0.0024649264769416313,0.9936461914484855,0.004765789114654234,-0.018618078962455042,0.006693689578497856,39.78177835791974,0.022117320685489217,-0.10000000000000142,-0.010000000000000009,0
2012-04-11,-0.0028761926098015422,0.991375898596789,0.003965673481132203,-0.019139812546982826,0.00663913907022692,38.60707148577544,0.022117320685489217,-0.10000000000000142,0.010000000000000009,1
2012-04-12,0.0035423756539429974,0.9906451225487739,0.003984781617242851,-0.01548155807453877,0.006331216961119441,43.659571588584,0.022117320685489217,-0.10000000000000142,-0.010000000000000009,1
2012-04-13,0.005275680976083219,0.99210858674673,0.0030784939975892667,-0.009364252629957881,0.009758541469214232,42.89063938397334,0.02509284531746392,-0.10000000000000142,0.0,0
2012-04-16,-0.010053556421519283,0.9922201804998096,0.006230192826454004,-0.02258782294198114,0.0067655075979572,28.804613852880152,0.02509284531746392,-0.10000000000000142,0.0,1
2012-04-17,0.005382002380253548,0.9928395927838357,0.006677778968656351,-0.015489667192409406,0.005619275448841863,36.62738459740748,0.02509284531746392,-0.10000000000000142,0.010000000000000009,1
2012-04-18,0.0006567642265467022,0.9941605307880294,0.00644667057879944,-0.006791065729775281,0.006260303986080509,37.46493345383747,0.02509284531746392,-0.10000000000000142,-0.010000000000000009,0
2012-04-19,-0.001180800730098075,0.9945328567388432,0.006318565953227743,-0.0018368341986185754,0.0065083965402552455,37.313442149321155,0.02509284531746392,-0.10000000000000142,-0.01999999999999999,1
2012-04-20,0.0019718724237975938,0.9940982673595311,0.0057809035865113755,0.006178505570828552,0.007053285495287457,35.75024983011551,0.02509284531746392,-0.10000000000000142,-0.010000000000000009,1
2012-04-23,0.004489600303242414,0.9966411410072037,0.0027023338483773496,0.009613067428007271,0.007736665741626294,41.757324350896084,0.02509284531746392,-0.10000000000000142,0.010000000000000009,0
2012-04-24,-0.003998106345457941,0.9978101832527192,0.0032055840195857016,0.0031039495323390565,0.005165096834348995,44.94526256196226,0.02509284531746392,-0.10000000000000142,0.010000000000000009,1
2012-04-25,0.00348418570347242,0.9992532988905906,0.0035006821754006694,0.009502473526329158,0.0040272250020706975,53.90254494618223,0.02509284531746392,-0.10000000000000142,0.009999999999999981,1
2012-04-26,0.002646518919855456,1.0013217022904164,0.003331728050506738,0.00860129624580086,0.004304781600236459,63.00149906747282,0.02509284531746392,-0.10000000000000142,-0.009999999999999981,0
2012-04-27,-0.0031657283711187256,1.002474321055325,0.003966023717121415,0.00013196134508741686,0.008247038084622332,58.30826201739931,0.02509284531746392,-0.10000000000000142,-0.010000000000000009,1
2012-04-30,0.003839929957653254,1.0034772216002368,0.0038183681024305817,0.014168397227511509,0.004127461469404011,59.41887016328755,0.02509284531746392,-0.10000000000000142,0.03,0
2012-05-01,-0.00013233948480873003,1.005168637768453,0.00295902834592672,0.008605863545971149,0.005659117155394142,62.67956162948085,0.02078571333092727,-0.10000000000000142,0.0,0
2012-05-02,0.0,1.00575076783811,0.0027274218423271254,0.007943882061866248,0.008417635138748854,59.84127574521899,0.02078571333092727,-0.10000000000000142,-0.010000000000000009,0
2012-05-03,-0.006968190921102124,1.0044413358921793,0.004033626043419115,0.0021036213416165683,0.006137854652330438,46.70744750080638,0.02078571333092727,-0.10000000000000142,0.0,1
2012-05-04,0.0006578151018208356,1.0035660517655702,0.003949559561777034,0.0007893912347194387,0.006828081067832286,59.80524432451458,0.02078571333092727,-0.20000000000000107,0.010000000000000009,0
2012-05-07,-0.01412471151728989,0.9998571809571111,0.006401358945498163,-0.01775635158780442,0.007347586791438881,37.45438348648757,0.02078571333092727,-0.09999999999999964,0.0,1
2012-05-08,0.007040242522568629,0.9973369405860761,0.008095932962390792,-0.006870480653569433,0.005959528542133287,44.77728324548212,0.02078571333092727,-0.09999999999999964,0.0,0
2012-05-09,-0.005068218613154207,0.9939164150544175,0.007993290832504864,-0.015334635155688892,0.006977651901709647,41.778897637795275,0.02078571333092727,-0.09999999999999964,-0.010000000000000009,0
2012-05-10,-0.00452786919081305,0.9913989910376074,0.00781581729498495,-0.022380359998115384,0.0040783209385538075,36.7601387140878,0.02078571333092727,-0.09999999999999964,0.0,0
2012-05-11,-0.0001292847457361468,0.9889878328465688,0.0077259868227109885,-0.019402445806740443,0.003528280248155588,31.581542326768115,0.02078571333092727,-0.09999999999999964,0.0,0
2012-05-14,-0.002708971622983114,0.9885042973534388,0.004931770203832848,-0.02579971760374422,0.005941752582749927,32.36589461677387,0.02078571333092727,-0.09999999999999964,0.010000000000000009,0
2012-05-15,-0.005261145279579438,0.986111101759641,0.0021562271089347745,-0.030796862977009676,0.008829196845940362,25.179122900391647,0.021137711477367427,-0.09999999999999964,0.0,0
2012-05-16,-0.0075140143990971575,0.9836454276812091,0.0027777071948825974,-0.038079469304250546,0.00591702849738047,18.864952354218246,0.021137711477367427,-0.09999999999999964,0.0,0
2012-05-17,-0.0003819007857327472,0.981958689724058,0.003180845796874808,-0.03169952493146433,0.006344409659675992,19.782423869491893,0.021137711477367427,-0.09999999999999964,0.0,0
2012-05-18,-0.0025397677362132276,0.9800154332908755,0.0027531874360238765,-0.03479371051060198,0.0074218471301702935,13.453263726002959,0.021137711477367427,-0.09999999999999964,0.0,1
2012-05-21,0.005875687651377248,0.9796915058752713,0.005147064101156624,-0.01521262221736941,0.006384913412667296,21.39664682032364,0.021137711477367427,-0.09999999999999964,0.0,1
2012-05-22,0.002946394931342189,0.9806488672401259,0.005141519425507834,-0.019216006853028822,0.005734779565804567,24.862464123352822,0.021137711477367427,-0.09999999999999964,0.0,0
2012-05-23,-0.01139818612052701,0.9815699051612888,0.00658928607942467,-0.025455963123917846,0.008988720682764378,23.389257291815852,0.021137711477367427,-0.09999999999999964,-0.010000000000000009,0
2012-05-24,-0.008164821293935254,0.9814969344010842,0.007262282065663704,-0.029016454547842074,0.007212591514499966,20.31442575364629,0.021137711477367427,-0.09999999999999964,0.0,0
2012-05-25,-0.0020056698561505826,0.9814707254265905,0.007268347102547289,-0.030838629194371747,0.00727082955733904,24.192618346318028,0.021137711477367427,-0.09999999999999964,0.0,1
2012-05-28,0.002639503217670258,0.9808662923226478,0.006425808116678557,-0.025641013793456513,0.0073255713265611075,18.556807734692256,0.021137711477367427,-0.09999999999999964,0.0,0
2012-05-29,-0.003507006187835837,0.9791473664918303,0.005458829958200788,-0.02392281290184972,0.007893669360357423,19.09613068246786,0.021137711477367427,-0.09999999999999964,0.010000000000000009,0
2012-05-30,-0.0037434896762793546,0.979146666119831,0.0038816346518688615,-0.020214626369519095,0.007563547999597227,19.40086409242447,0.021137711477367427,-0.09999999999999964,0.0,0
2012-05-31,-0.008291041880146066,0.9791881029093211,0.003924154100936011,-0.027966847711226595,0.0070226775648860726,17.080141442557178,0.021137711477367427,-0.09999999999999964,0.0,0
2012-06-01,-0.0009890511736445617,0.9795138223266078,0.004012696409217031,-0.02645566174123659,0.012108417533807073,17.550431073574018,0.019452500845180687,0.0,0.0,1
2012-06-04,0.003224662064267747,0.9790772952133999,0.00421370717368309,-0.029021476764498066,0.009554654391699979,23.147190726641526,0.019452500845180687,0.09999999999999964,0.010000000000000009,1
2012-06-05,0.008631532810513098,0.9809643255420022,0.006487729915879226,-0.023517546733735628,0.01021552978182671,36.047982025855475,0.019452500845180687,0.09999999999999964,0.0,0
2012-06-06,-0.003738839301667851,0.9827859123904512,0.006487101228669164,-0.015952096552386275,0.006668103382720209,34.27623098196135,0.019452500845180687,0.09999999999999964,-0.010000000000000009,1
2012-06-07,0.008927439813123605,0.9873540419624725,0.005656870663369697,0.0010059667112329862,0.006044619277250987,43.31550323117282,0.019452500845180687,0.09999999999999964,0.0,0
2012-06-08,-0.0002514285540924366,0.9920852294194619,0.005528102916786663,0.002765501768068779,0.010205331853464119,38.239089247179194,0.019452500845180687,0.09999999999999964,0.010000000000000009,1
2012-06-11,0.005943342655851946,0.9969491822701584,0.005644111952050334,0.006069756389353254,0.012676299184680934,40.79145274615475,0.019452500845180687,0.09999999999999964,0.0,0
2012-06-12,-0.013226840114712313,0.9978555093439435,0.008702196417165001,-0.0037434896762793546,0.006198649106438804,39.848059665071894,0.019452500845180687,0.09999999999999964,-0.010000000000000009,1
2012-06-13,0.002125734252933942,0.9994426097670356,0.008545147036786995,0.002125734252933942,0.010347681290577332,46.64030948674326,0.019452500845180687,0.09999999999999964,0.010000000000000009,1
2012-06-14,0.005532573736905411,1.0000670697288636,0.007833596098037927,0.016094551249940192,0.0058149015598430295,52.13598009810943,0.016561093218981693,0.09999999999999964,0.0,1
2012-06-15,0.0042935312704308615,1.001258882130886,0.00805413662891034,0.021467468578083126,0.0042540296601109315,53.23945847701263,0.016561093218981693,0.09999999999999964,0.009999999999999981,1
2012-06-18,0.006098263808745674,1.0024783911674486,0.008078488052143415,0.02439332438150177,0.012654427154145383,59.57111457418566,0.016561093218981693,0.09999999999999964,-0.009999999999999981,0
2012-06-19,-0.008440444549783876,1.005236124953539,0.00599006150524206,0.007054564811741493,0.010139615595090645,55.975121002505304,0.016561093218981693,0.09999999999999964,0.0,1
2012-06-20,0.006593986425943443,1.0079796215407535,0.006350528554720172,0.01749933544708515,0.0048031735747520385,65.62270241845563,0.016561093218981693,0.09999999999999964,-0.010000000000000009,0
2012-06-21,0.0,1.0092030017860316,0.006239800411444832,0.008496047679652063,0.010274183155904924,66.45320980364843,0.016561093218981693,0.09999999999999964,0.010000000000000009,0
2012-06-22,-0.010166919518052486,1.0079266394790427,0.007878437675378372,-0.0015062006191325361,0.004331955924827287,57.07500476885447,0.016561093218981693,0.09999999999999964,0.0,0
2012-06-25,-0.0011283865724561748,1.0053862235667625,0.00679742739192255,-0.008525559946789829,0.005617214740800691,51.46534131481604,0.016561093218981693,0.09999999999999964,0.0,0
2012-06-26,-0.0026260512191708107,1.003985633777756,0.0060057938259882255,0.002125734252933942,0.006049271413376921,52.21591066042877,0.016561093218981693,0.09999999999999964,-0.010000000000000009,0
2012-06-27,-0.001373634099682386,1.0008674520914185,0.004081518465794031,-0.001373634099682386,0.004738200892691787,44.95163763066202,0.016561093218981693,0.09999999999999964,-0.010000000000000009,0
2012-06-28,-0.0011225471309417312,0.9971704212289584,0.0038979328529900304,-0.007983046206728073,0.009219072922366029,44.388231877755096,0.016561093218981693,0.09999999999999964,0.0,0
2012-06-29,-0.0026125994824879317,0.9950920121220105,0.0007795401796791662,-0.01480475577538598,0.020523489994622557,37.590901397570555,0.016561093218981693,0.09999999999999964,-0.06,1
2012-07-02,0.017223721918386392,0.9959623159355732,0.008595312586677934,-0.0039104437447256,0.007424214421749637,60.16102059081938,0.016561093218981693,0.0,0.09,0
2012-07-03,-0.005800146911182025,0.9969023728313786,0.009114488936231385,-0.0012580837439966075,0.004790624996446968,54.19921380401201,0.01882712746986237,0.0,-0.009999999999999981,1
2012-07-04,0.0018907818604703142,0.9982135222191945,0.008994538499210844,-0.005924600337189445,0.007636330279393852,51.81649766789898,0.01882712746986237,0.0,0.0,0
2012-07-05,-0.007084143472109838,0.9991227983124056,0.009852242075558031,-0.012966773090495765,0.013736962362647044,43.854560447280065,0.01882712746986237,0.0,0.0,0
2012-07-06,-0.009962845531320319,0.9990497762154543,0.010960499854469223,-0.012763276349858965,0.009469825603286873,33.60699912423621,0.01882712746986237,0.0,0.0,0
2012-07-09,-0.009694457020169467,0.9944204743026891,0.004815293165084484,-0.021229568924074904,0.003582560539434783,33.159527968262054,0.01882712746986237,0.0,0.0,1
2012-07-10,0.003818619600440387,0.9908507864541763,0.006578628442343615,-0.014905107327735867,0.007720250842345986,30.563444578142253,0.01882712746986237,0.0,0.0,0
2012-07-11,-0.005025188847403994,0.9862565610928603,0.0056356442360767115,-0.018507183194269472,0.005115248716713729,28.660384960357618,0.01882712746986237,0.0,0.25,0
2012-07-12,-0.000746978820816091,0.983242296907487,0.005920881924655762,-0.018138151340012065,0.00605028200062762,32.58612627081325,0.01882712746986237,0.0,0.009999999999999981,0
2012-07-13,-0.004450377155885699,0.9817704989798722,0.005058387280929911,-0.019947321761547454,0.007246177019311862,31.149000166812627,0.01882712746986237,0.0,0.010000000000000009,1
2012-07-16,0.004605586187113264,0.983204725772275,0.004493407177803833,-0.032104369863501514,0.00789489563138922,36.36445670202017,0.01882712746986237,0.0,-0.010000000000000009,1
2012-07-17,0.001594920545940015,0.9837036339441528,0.004066208145620807,-0.024904958745027184,0.009788555768503508,38.35082416955505,0.019232826877808584,0.0,-0.009999999999999981,1
2012-07-18,0.0022131839182362167,0.9858586169835151,0.0034259396948612,-0.024591179385530237,0.007009307964633516,40.670307522267734,0.019232826877808584,0.0,-0.010000000000000009,0
2012-07-19,-0.0014732965009207621,0.9879479819643817,0.003513893894720226,-0.019079262549038467,0.007298024126211551,41.29719134003918,0.019232826877808584,0.0,-0.03,0
2012-07-20,-4.913055902322494e-05,0.990401479932891,0.0023091390357171623,-0.009256834615287701,0.010667778275904559,23.920042996119506,0.019232826877808584,0.0,0.0,0
2012-07-23,-0.012199833705277663,0.9900755711936426,0.005890518109626694,-0.011763318442507553,0.005073655192372079,21.641233973834716,0.019232826877808584,0.0,0.010000000000000009,0
2012-07-24,-0.0002425060518382871,0.9892645458994266,0.0056644949232787555,-0.015761404610298957,0.006440112187483869,19.17237272997916,0.019232826877808584,0.0,0.009999999999999981,0
2012-07-25,-0.005138304749778166,0.9871811067746217,0.00511088238607322,-0.015873299942342545,0.009248171812106007,19.8591295382017,0.019232826877808584,0.0,0.0,1
2012-07-26,0.006507174782590219,0.9862893657671026,0.006944426134923981,-0.00872895702206089,0.016662121981446096,32.24796198055563,0.019232826877808584,0.0,-0.009999999999999981,1
2012-07-27,0.011543729576533268,0.9869909895991179,0.00936554476051407,0.007196411737410591,0.010675991802841863,50.62133323284964,0.019232826877808584,0.0,0.0,1
2012-07-30,0.0019687196740629798,0.9912883974015542,0.006385117220211197,0.004552744882784898,0.006028638138327246,49.032472989906196,0.019232826877808584,0.0,0.0,0
2012-07-31,-0.003677811255679675,0.9947943918301598,0.006969605911578825,-0.0007355578988035294,0.00583171543819109,50.218397334201605,0.019232826877808584,0.0,-0.010000000000000009,1
2012-08-01,0.002827613313110211,0.999847390833534,0.005645909729496521,-0.00012293629660220518,0.0043240498876323,53.28004783002972,0.019232826877808584,0.0,0.010000000000000009,0
2012-08-02,-0.004284488234626238,1.002620454709897,0.006383077216004146,-0.0029379297528160375,0.01963689927314998,53.41707255408531,0.019232826877808584,0.0,0.0,0
2012-08-03,-0.004993849835487563,1.0018479239350186,0.0037207662151752586,-0.007868364026390795,0.018200155614604283,45.21387502369369,0.019232826877808584,0.10000000000000142,0.0,1
2012-08-06,0.02038277277820999,1.0032289519252418,0.010714996734628078,0.024857116063376816,0.0067893033175737295,58.46489348291945,0.014164356216036289,0.10000000000000142,0.0,0
2012-08-07,-0.0030975045396943734,1.0050687222937884,0.010640315628207718,0.021930440810286722,0.005125309832532161,54.93468623609116,0.014164356216036289,0.10000000000000142,-0.010000000000000009,0
2012-08-08,-0.000247750569152827,1.0060496444753866,0.010681382668543403,0.02695405988565569,0.005629229223950126,55.812102313856315,0.014164356216036289,0.10000000000000142,0.0,0
2012-08-09,-0.0011012474998659538,1.007684820435986,0.010335827380139924,0.019191074833929234,0.009458259068355894,55.05016021060174,0.014164356216036289,0.10000000000000142,0.0,0
2012-08-10,-0.006405221831494723,1.0091246013297175,0.01059698986892527,0.001106428028448736,0.005580035405740143,59.43933420937363,0.014164356216036289,0.10000000000000142,0.0,0
2012-08-13,-0.001375058336469337,1.0065398301912838,0.0024437404475327724,-0.002234472335519655,0.008774389649471066,58.51551502012103,0.014164356216036289,0.10000000000000142,0.0,1
2012-08-14,0.004092695524037904,1.0052768535493872,0.0037372617685755747,0.005547291319725867,0.005470174700942444,64.97955835283359,0.014164356216036289,0.10000000000000142,0.0,0
2012-08-15,-0.0001231990837237129,1.0041570832087234,0.003743999289062111,0.002588476291661257,0.006203170842669505,61.46185713675585,0.014630143063103063,0.10000000000000142,0.0,0
2012-08-16,-0.0029495985961698334,1.002741870822835,0.0038484595896193224,0.003932580057067758,0.00913037599180694,50.64152486109445,0.014630143063103063,0.10000000000000142,0.0,1
2012-08-17,0.005561141712646656,1.003450739803484,0.0036353163902468114,0.014582262871236207,0.007290182023036605,53.5488927645354,0.014630143063103063,0.10000000000000142,0.0,0
2012-08-20,-0.0020471622898468045,1.003513686079768,0.0037573737011372416,-0.007720166064763112,0.005791505978112042,55.01299286739762,0.014630143063103063,0.10000000000000142,0.0,1
2012-08-21,0.0016799862121270603,1.0029996378091666,0.003382120764257937,-0.002964828655706353,0.011296184016853518,54.13663913680565,0.014630143063103063,0.10000000000000142,0.0,1
2012-08-22,0.009981276120718752,1.003758179921721,0.0053937987310897955,0.007236398082445472,0.0038955159764788075,64.95172073045603,0.014630143063103063,0.10000000000000142,0.0,1
2012-08-23,0.004637719211751046,1.006125778570601,0.004487848935960078,0.013023267016715634,0.004902006005891766,72.61001575186626,0.014630143063103063,0.10000000000000142,0.0,1
2012-08-24,0.0021353964815840065,1.0082754086837813,0.004444077233090714,0.02173088631580855,0.006237752829803339,61.810565807119694,0.014630143063103063,0.10000000000000142,0.0,0
2012-08-27,-0.004526565492988244,1.0102406906664727,0.0052516885275639405,0.018506460341731756,0.0035692117141530367,59.85423058034476,0.014630143063103063,0.10000000000000142,0.0,0
2012-08-28,-0.0002249883716285428,1.0116487599042951,0.00541804904417205,0.014126796032796207,0.008313284042798985,59.88068513539071,0.014630143063103063,0.10000000000000142,0.0,1
2012-08-29,0.005657442387869693,1.0120576150152882,0.00408723640650571,0.019989821766795757,0.0039919779268776144,65.61775378931786,0.014630143063103063,0.10000000000000142,0.0,0
2012-08-30,-0.003258078277129761,1.0108237860001719,0.004114385179787363,0.019674244806636043,0.005480953268823178,69.81475839740028,0.014630143063103063,0.10000000000000142,0.010000000000000009,0
2012-08-31,-0.0016264207518236207,1.0086677351117568,0.00395731978466439,0.012385804527931032,0.010561181704369428,69.41172976985894,0.014630143063103063,0.10000000000000142,-0.010000000000000009,1
2012-09-03,0.00528235360592233,1.009234575053535,0.004074995479165467,0.019821324090122605,0.0033205435898476083,70.19577055359338,0.010849965527604422,0.0,0.0,1
2012-09-04,0.0007552333892018037,1.009803879740484,0.004014472108616021,0.018879823150388386,0.005291736425837032,70.81832845496251,0.010849965527604422,0.0,0.010000000000000009,0
2012-09-05,-0.004136442165342369,1.0085972846473106,0.003777036832746649,0.004637719211751046,0.00931773925489851,69.08484941935748,0.010849965527604422,0.0,0.01999999999999999,1
2012-09-06,0.005419092839293649,1.0088110179196963,0.004216387444329118,0.005419092839293649,0.006175948798934509,69.06467731980993,0.010849965527604422,0.0,0.0,1
2012-09-07,0.0024001918337288597,1.009393368218167,0.003931091736819437,0.005684755846184997,0.01378244789176287,73.21651257000761,0.010849965527604422,-0.20000000000000107,-0.010000000000000009,1
2012-09-10,0.012923905370080702,1.0108013951891757,0.006315609048438753,0.023314229341896642,0.0024283621067443363,78.05682383221568,0.010849965527604422,-0.20000000000000107,0.0,0
2012-09-11,-0.002679992815342369,1.0118457002810994,0.006849387418195875,0.020801423009341624,0.008596276002625636,70.36489361883362,0.010849965527604422,-0.20000000000000107,0.0,1
2012-09-12,0.007068516219708609,1.0147844754380895,0.005765858499213234,0.022233745900615665,0.007047286554436569,71.67412444392338,0.010849965527604422,-0.20000000000000107,0.0,1
2012-09-13,0.0040000419260493025,1.0170930612617308,0.0057766079235525665,0.02967749361684313,0.003448444389053189,72.59650753392827,0.010849965527604422,-0.20000000000000107,0.0,1
2012-09-14,0.007016622581037746,1.020257191952955,0.005676694365505976,0.03859153880111599,0.01406629144201368,80.95773143944764,0.016944508282213944,-0.20000000000000107,0.010000000000000009,1
2012-09-17,0.009443888733893457,1.022165078890661,0.004692316146806806,0.042890962895083984,0.005971063802560362,83.77486825977182,0.016944508282213944,-0.20000000000000107,0.0,0
2012-09-18,-0.0004851449577324418,1.0246109362852436,0.0038191909793502533,0.041598359743554525,0.005414565177599866,81.7881662608225,0.016944508282213944,-0.20000000000000107,0.0,0
2012-09-19,-0.004866261685888662,1.0253750294226829,0.005759317852803618,0.04083502343153733,0.006778848253689085,79.63838592292957,0.016944508282213944,-0.20000000000000107,-0.010000000000000009,1
2012-09-20,0.000914013305139072,1.025700796470954,0.005793536105766608,0.036171252277907184,0.010479416507783198,81.80724794719092,0.016944508282213944,-0.20000000000000107,0.010000000000000009,0
2012-09-21,-0.006486736178279329,1.0237263292390175,0.006236542448689497,0.026984921905941706,0.006412300885354198,72.55544464215963,0.016944508282213944,-0.20000000000000107,-0.010000000000000009,0
2012-09-24,-0.000389047530967801,1.019552004412823,0.0032164731458857194,0.013487163759513754,0.0065823708687253275,71.83857749278195,0.016944508282213944,-0.20000000000000107,0.010000000000000009,0
2012-09-25,-0.002070641355559566,1.0151680692676217,0.003072353643291638,0.014106393172599763,0.006368049163296021,73.9710568055809,0.016944508282213944,-0.20000000000000107,-0.010000000000000009,0
2012-09-26,-0.0032121651081604696,1.0115886431866787,0.0028452584710376536,0.0037538655214548466,0.005604380300917898,68.08590773581025,0.016944508282213944,-0.20000000000000107,0.0,0
2012-09-27,-0.001429857641698673,1.007456808547379,0.00234254000000632,-0.0016747026587463631,0.005039754267212196,65.34748339630904,0.016944508282213944,-0.20000000000000107,-0.009999999999999981,1
2012-09-28,0.0024535706657595746,1.0049426342172298,0.0021506032454646244,-0.006198371938830216,0.009006686147119608,58.63303735751668,0.016944508282213944,-0.20000000000000107,-0.05000000000000002,0
2012-10-01,-0.008069774399885876,1.0015585143266983,0.0037878465061589968,-0.023440644768373264,0.010009881822044932,53.162845375715655,0.016944508282213944,-0.20000000000000107,0.06,1
2012-10-02,0.0061864226482650775,0.9995572353975857,0.005441959052633838,-0.01692230066690259,0.005761481687709934,52.46742973378751,0.016944508282213944,-0.20000000000000107,0.010000000000000009,1
2012-10-03,0.0021958191566260332,0.9983329863275278,0.005383357039901067,-0.009945776889379587,0.00438718454074892,50.93192855214435,0.016944508282213944,-0.20000000000000107,0.0,1
2012-10-04,0.0005169265527755762,0.9977376251494992,0.0052996782106456775,-0.010338555300804408,0.0074735286966012456,44.41541328188273,0.016944508282213944,-0.20000000000000107,-0.010000000000000009,1
2012-10-05,0.007289778352069343,0.997864957196344,0.006091768944659453,0.0033845481236818298,0.005742675499410568,41.78766597863137,0.013866184926527136,-0.5000000000000009,0.0,0
2012-10-08,-0.00013013031438324774,1.0002108241625727,0.0033519153304347833,0.003644442769416223,0.005781890060468556,42.11381012252152,0.013866184926527136,-0.2999999999999998,0.0,0
2012-10-09,-0.00298477744270631,1.000747980533273,0.003796962004741097,0.002725071477397867,0.009605254104585481,43.94637202329589,0.013866184926527136,-0.2999999999999998,0.010000000000000009,0
2012-10-10,-0.009129405401323676,0.9998254347292873,0.00595276157224003,-0.003227414084943314,0.00562150672251955,35.305380654052726,0.013866184926527136,-0.2999999999999998,0.0,0
2012-10-11,0.0,0.9989980241663039,0.005926703524214764,-0.0018001303734150875,0.0094341669237798,40.33008522528116,0.013866184926527136,-0.2999999999999998,0.0,1
2012-10-12,0.005819996825641605,0.9979317630836707,0.00542885504145878,0.0015520110645870222,0.0050629497505302,47.351597682356655,0.013866184926527136,-0.2999999999999998,0.0,1
2012-10-15,0.0007765543091666771,0.9974800817809798,0.005491845934520447,0.010484149717514546,0.006338213279246658,50.12920561993867,0.013866184926527136,-0.2999999999999998,0.0,1
2012-10-16,0.001945267265409667,0.9978959109915689,0.005512178690508165,0.006224879075018119,0.008376050384441969,55.41535523703855,0.019647066599105534,-0.2999999999999998,0.0,1
2012-10-17,0.010748472596358694,1.001513252125039,0.004454381612176326,0.014811916167636996,0.0038538754065799447,65.0298615961344,0.019647066599105534,-0.2999999999999998,-0.010000000000000009,1
2012-10-18,0.0006558936528282544,1.0052746124921008,0.004319990382057833,0.014952868774580796,0.0035370684647870465,63.92718979533158,0.019647066599105534,-0.2999999999999998,0.0,0
2012-10-19,-0.0036072318044966245,1.0070021798871502,0.005273267372127074,0.00397295816974319,0.004814467153634881,69.33292226787648,0.019647066599105534,-0.2999999999999998,0.010000000000000009,0
2012-10-22,-0.00356811651919009,1.008015303087214,0.005870756800330496,0.0005208637674267713,0.00444732736981546,60.48671215123121,0.019647066599105534,-0.2999999999999998,-0.010000000000000009,1
2012-10-23,0.0036596186647692708,1.0090848496837599,0.00597181144514021,0.007188622475877482,0.009058317502072907,61.64639326187937,0.019647066599105534,-0.2999999999999998,0.0,0
2012-10-24,-0.007394883668624064,1.0067261894473893,0.004278405993834518,0.008951708961777216,0.0058038283416440095,53.355324160592424,0.019647066599105534,-0.2999999999999998,0.020000000000000018,0
2012-10-25,-0.0006482594074109782,1.0040676893072862,0.004108510146896852,0.008297646524819235,0.006005093447606431,46.05864128238516,0.019647066599105534,-0.2999999999999998,-0.010000000000000009,0
2012-10-26,-0.0020700750850455307,1.0019523183898078,0.004044349807956344,0.00038813889565592063,0.005022103631850606,44.37743567735192,0.019647066599105534,-0.2999999999999998,0.0,0
2012-10-29,-0.0010985477388694154,0.9999903387515326,0.003955451488870326,-0.0014862353989828492,0.0036386119001831575,46.023345214123424,0.019647066599105534,-0.2999999999999998,0.010000000000000009,0
2012-10-30,-0.001226306662262644,0.997416928819459,0.0027910240477916027,-0.004646947192027073,0.007427825967783017,54.43309078868049,0.019647066599105534,-0.2999999999999998,0.0,1
2012-10-31,0.004212887790604469,0.9970715398574898,0.0025013311372844953,-0.011082983915963407,0.005539635565054415,58.45580124396691,0.019647066599105534,-0.2999999999999998,0.009999999999999981,1
2012-11-01,0.0001944118994061661,0.9969106543989469,0.002489077888529427,-0.011539051942411116,0.004223085575914676,52.929916613860556,0.019647066599105534,-0.2999999999999998,-0.009999999999999981,0
2012-11-02,-0.0012947853490100636,0.9973310369058273,0.002347831028372951,-0.009245013799338064,0.008974988795649213,50.45676242289833,0.02051040072674981,-0.1999999999999993,-0.010000000000000009,0
2012-11-05,-0.009300255610185104,0.9965702668269656,0.004910897314177491,-0.014944495600502705,0.005696956202465348,39.11414724209555,0.02051040072674981,0.10000000000000053,0.010000000000000009,0
2012-11-06,-0.0019843257502160094,0.9956086679275851,0.004912699254144502,-0.02048382228966683,0.003983618947694027,21.280669345003233,0.02051040072674981,0.10000000000000053,-0.010000000000000009,1
2012-11-07,0.0004354027908797242,0.9934161650048966,0.003993049745593206,-0.012756789518026723,0.010735602616380234,20.83055249914321,0.02051040072674981,0.10000000000000053,0.0,0
2012-11-08,-0.003751434384289043,0.9906257487831899,0.003736270543155891,-0.0158223652331837,0.0040742345908963045,20.801660782477114,0.02051040072674981,0.10000000000000053,0.0,0
2012-11-09,-0.0011470637997483824,0.9882079244720282,0.0037554303801776885,-0.014912073797936465,0.007528920206596354,22.13962539061751,0.02051040072674981,0.10000000000000053,0.0,0
2012-11-12,-0.00167964059170711,0.9874379873730328,0.0015105880975409423,-0.015485130881833009,0.003065034667261279,13.258852221783698,0.02051040072674981,0.10000000000000053,0.0,0
2012-11-13,-0.0011184589288634195,0.9869910259415864,0.0015087862231315185,-0.015378822818414406,0.004361415188248528,16.069764019035475,0.02051040072674981,0.10000000000000053,0.0,0
2012-11-14,0.0,0.9869898377738436,0.0013796407999779583,-0.019509519193806724,0.00405348989657068,16.425081407702933,0.02051040072674981,0.10000000000000053,0.0,1
2012-11-15,0.001782646388555964,0.9880328224752721,0.0013811616943848362,-0.017952573084757617,0.006471870759575956,22.63051986120135,0.021996533826065034,0.10000000000000053,0.0,1
2012-11-16,0.0040910305080676945,0.9897341687125878,0.0023502482006272163,-0.012656589318285727,0.007095889383981057,33.14043709711318,0.021996533826065034,0.10000000000000053,0.0,0
2012-11-19,-0.0019521878098665013,0.9913004258849119,0.0024189331724901284,-0.0053334156070059535,0.005568302233991645,32.427079988055596,0.021996533826065034,0.10000000000000053,0.0,1
2012-11-20,0.0007789083175300249,0.993392367091099,0.002231218670649644,-0.0025794542585437785,0.004474700234200127,24.49755584723809,0.021996533826065034,0.10000000000000053,0.0,1
2012-11-21,0.0035239711349535074,0.9956411642736973,0.0024094822661104714,0.0004998065460137813,0.006820393120553118,32.112098853483005,0.021996533826065034,0.10000000000000053,0.0,1
2012-11-22,0.0039495691298789826,0.998099104861374,0.0026256403031551852,0.008233672161542582,0.0048085694723573975,40.84777511428983,0.021996533826065034,0.10000000000000053,0.0,1
2012-11-23,0.000785305165881045,0.9997597921744806,0.002398481788231682,0.010184188986971376,0.007714117308728945,56.85152267587027,0.021996533826065034,0.10000000000000053,0.0,1
2012-11-26,0.007053497175767864,1.002817006795631,0.002608017560859611,0.01902110953037006,0.0025922529928592833,69.936335358586,0.021996533826065034,0.10000000000000053,0.0,1
2012-11-27,0.0016233875188833569,1.0059017856057395,0.0024319535123239677,0.021818237412369657,0.0065086353445876636,71.02957943362345,0.021996533826065034,0.10000000000000053,0.0,0
2012-11-28,-0.0037520552039342903,1.0079286021643226,0.004000592230068762,0.017984318977211533,0.004433441256304464,70.91634246142401,0.021996533826065034,0.10000000000000053,0.0,1
2012-11-29,0.001165715507185805,1.0093522331535534,0.003840093145051331,0.01735741057009177,0.0054849627353840465,74.37715658745792,0.021996533826065034,0.10000000000000053,0.0,1
2012-11-30,0.00155686433883373,1.0107873109509502,0.0038259401785343534,0.014789762166160125,0.004504093498578378,79.3344429686668,0.021996533826065034,0.10000000000000053,0.0,1
2012-12-03,0.001793533008257242,1.0106028071858983,0.00237554237320373,0.01859831631731179,0.006223338703351559,83.03988146684776,0.021996533826065034,0.0,0.0,1
2012-12-05,0.00788580022138019,1.011183174687135,0.0041321675610268655,0.025831750262958142,0.004699010773370628,86.27711298092933,0.022190366972477005,0.0,0.0,0
2012-12-06,-0.0022219627586446133,1.0122037304707208,0.0036536340062284793,0.019958087458173734,0.008061424652001853,81.08371358371357,0.022190366972477005,0.0,0.0,0
2012-12-07,-0.008166859979969132,1.0115603295892128,0.00590164265195541,0.0076484553394866595,0.007069182332101862,64.96421075291966,0.022190366972477005,-0.20000000000000018,0.0,0
2012-12-10,-0.004426860023771129,1.0098814512674692,0.006151381929737249,0.0024005463472012156,0.004213502475664777,61.62271621184705,0.022190366972477005,-0.20000000000000018,0.0,1
2012-12-11,0.002497140088773886,1.0081339295751417,0.0062394615698831415,-0.0021347587246390853,0.006034411273128654,62.933148766684496,0.022190366972477005,-0.20000000000000018,0.010000000000000009,1
2012-12-12,0.005790801424804259,1.0056144935844482,0.0055335029300045725,0.002017018814249205,0.004228825413808929,64.55785056863125,0.022190366972477005,-0.20000000000000018,0.0,1
2012-12-13,0.004116057957525676,1.0041724539266736,0.005979099340631447,0.009930694656615113,0.004269148584251982,64.71042323359998,0.022190366972477005,-0.20000000000000018,-0.010000000000000009,1
2012-12-14,0.0009155930161672821,1.0046104039212633,0.003915682730444792,0.009678382399822105,0.003939573637906679,64.80593971508233,0.01898817925194085,-0.20000000000000018,0.010000000000000009,1
2012-12-17,0.006661873527855189,1.0071415000747588,0.002349366697848452,0.014824787565254294,0.0024440601948855735,64.61623747463548,0.01898817925194085,-0.20000000000000018,-0.010000000000000009,0
2012-12-18,-7.895456192119621e-05,1.0090595464563537,0.0029627279270842944,0.01292794281829468,0.00429331219260639,63.39308001601865,0.01898817925194085,-0.20000000000000018,0.010000000000000009,1
2012-12-19,0.005027683818152884,1.0106186075829529,0.0028307118783349834,0.010055528137960401,0.006171649317621856,71.48371472866046,0.01898817925194085,-0.20000000000000018,0.0,0
2012-12-20,-0.0011892986903839775,1.0113439395111938,0.003398973816813552,0.011100898963860795,0.0066823456143538145,69.20352559059936,0.01898817925194085,-0.20000000000000018,0.0,1
2012-12-21,0.0016943330454570749,1.0123364401103827,0.003338856858477464,0.02115365958513138,0.00521380358935396,69.30365630967813,0.01898817925194085,-0.20000000000000018,0.0,0
2012-12-24,-0.004205028906590691,1.0113941348370328,0.0034256179980676556,0.02138119048971565,0.004734457805873213,62.923066173339016,0.01898817925194085,-0.20000000000000018,0.009999999999999981,0
2012-12-25,-0.00011864857107146687,1.0108031605755852,0.003426616046741848,0.018716128188165593,0.0022037607739264875,56.59059882848429,0.01898817925194085,-0.20000000000000018,0.0,0
2012-12-26,0.0,1.0092822228359528,0.0021831819881199177,0.012850909697176727,0.00582866958366956,59.39891343451035,0.01898817925194085,-0.20000000000000018,-0.009999999999999981,1
2012-12-27,0.003438774866020733,1.0083343255566803,0.0028399492562074906,0.012167734888929083,0.005336391885223183,74.97797896878008,0.01898817925194085,-0.20000000000000018,0.0,1
2012-12-28,0.0018550507793222426,1.0073848894490331,0.0028624506139083273,0.013117753894319018,0.006863331472810638,84.9661806266937,0.01898817925194085,-0.20000000000000018,0.0,0
2012-12-31,-0.001706408798940795,1.007105566045438,0.001986568887300332,0.004695804461421593,0.004350682923659646,79.98177152158395,0.01898817925194085,-0.20000000000000018,-0.08000000000000002,0
2013-01-01,-0.001993387098940036,1.006639271594066,0.0023261353637090447,0.0027722302485952977,0.0021281245287414654,71.66808557383352,0.01898817925194085,-0.20000000000000018,0.0,0
2013-01-02,-0.00026394992988121313,1.00652654643223,0.0023381432906051307,-0.002507528170611728,0.007857090146124878,67.0657920470879,0.01898817925194085,-0.20000000000000018,0.08000000000000002,0
2013-01-03,-0.0011864172700444264,1.00543424011716,0.001551800484520536,-0.002504650553168175,0.007595669094951244,63.340815448004435,0.01898817925194085,-0.20000000000000018,0.0,0
2013-01-04,-0.011338475668139947,1.0018584755715225,0.004542814860460442,-0.015482827281510736,0.004855555812685894,35.20629807794188,0.01898817925194085,-0.10000000000000053,-0.010000000000000009,1
2013-01-07,0.002665781000017242,0.998807099401407,0.005285749694543785,-0.008689832197279257,0.006022382324030551,39.93553220432545,0.01898817925194085,0.09999999999999964,0.0,1
2013-01-08,0.004410052204136594,0.9969397871128883,0.006125062017653484,-0.004199952354051684,0.005376237146253759,38.853445658963935,0.018866842780720372,0.09999999999999964,-0.010000000000000009,0
2013-01-09,-0.003257549397522319,0.9949232582966268,0.006163890507672102,-0.0074438201993134445,0.004280929969617061,36.76297092831421,0.018866842780720372,0.09999999999999964,-0.009999999999999981,0
2013-01-10,-0.002101737968267736,0.993033636661894,0.0061568783302697345,-0.012924244506887339,0.013400101139730437,31.97924573082898,0.018866842780720372,0.09999999999999964,0.0,1
2013-01-11,0.016724124674715624,0.9959512493980395,0.007957206791469723,0.001725481855585187,0.008291289960289501,56.803231287977866,0.018866842780720372,0.09999999999999964,0.0,1
2013-01-14,0.006694337829785013,0.9996789219024117,0.008031418938232,0.010155108208773411,0.004836615138436767,61.98920076192876,0.018866842780720372,0.09999999999999964,0.0,1
2013-01-15,0.0011906639669005958,1.002704237224681,0.008167708602217615,0.013377917965120334,0.006223636004932359,62.77136372607065,0.018866842780720372,0.09999999999999964,0.009999999999999981,0
2013-01-16,-0.005190328685470202,1.0058371090744427,0.00862132368029343,0.008384316457906271,0.004971797221615857,55.18808257152342,0.018663973503508346,0.09999999999999964,-0.009999999999999981,0
2013-01-17,-0.0013290073935161573,1.009124190888158,0.008502732722832702,0.008240360021313009,0.007906892140681061,52.56221929303319,0.018663973503508346,0.09999999999999964,0.0,1
2013-01-18,0.006151329780411663,1.010113948505505,0.005036750588927456,0.026076522659550072,0.007500457312344153,58.526140319613624,0.018663973503508346,0.09999999999999964,0.0,0
2013-01-21,-0.003929409516161719,1.0089508623632917,0.004513097301232635,0.019327344339762575,0.0022711494923273417,56.776649020667456,0.018663973503508346,0.09999999999999964,0.0,0
2013-01-22,-0.0006389146166104753,1.007446083848914,0.0044022616343799385,0.014203391299111523,0.007602562593930523,56.452671655507416,0.018663973503508346,0.09999999999999964,0.0,1
2013-01-23,0.000186361023841064,1.007020629147788,0.003723222291405557,0.017707632165511855,0.006308591271996196,57.59602635357484,0.018663973503508346,0.09999999999999964,-0.010000000000000009,0
2013-01-24,-0.00041258605951566274,1.0069731761539777,0.00365800888675452,0.019430315584083813,0.006704424438221848,69.05532254185187,0.018663973503508346,0.09999999999999964,0.01999999999999999,1
2013-01-25,0.004572297796187286,1.006471826937893,0.0030393032393645062,0.0072461444711335865,0.009411934855911038,70.13290975206822,0.018663973503508346,0.09999999999999964,-0.009999999999999981,1
2013-01-28,0.007231287053001134,1.0077704095110371,0.003531312521209676,0.00778338801620726,0.003558125957464137,71.61150405029622,0.018663973503508346,0.09999999999999964,0.0,0
2013-01-29,-0.0014656366370208174,1.0088721516219263,0.003711505048487558,0.005109595981828141,0.005533195047785113,73.76418574964585,0.018663973503508346,0.09999999999999964,-0.020000000000000018,1
2013-01-30,0.003372915554588518,1.0104318943501753,0.003588992161136611,0.013761501171939639,0.0069201042906254714,77.87084505970944,0.018663973503508346,0.09999999999999964,0.0,1
2013-01-31,0.005685125579583783,1.01287301172911,0.0033091480014137728,0.0208816218371759,0.0033900178405344744,72.98897209693563,0.018663973503508346,0.09999999999999964,0.03,1
2013-02-01,0.003144102071825028,1.0143021490956077,0.0032959775370270815,0.017830367607808872,0.007648716925568055,70.89469219195185,0.018663973503508346,0.20000000000000018,-0.009999999999999981,1
2013-02-04,0.002770690361273198,1.014830763852034,0.0025941536230235734,0.02467683530438647,0.007315775623228778,71.92215116941173,0.017380733197376763,0.10000000000000053,-0.010000000000000009,0
2013-02-05,-0.01003915762329921,1.014342080641597,0.006268488040020878,0.015038465954142488,0.007747900753677403,64.82786337634138,0.017380733197376763,0.10000000000000053,0.0,1
2013-02-06,0.005160914647192039,1.0137931306289445,0.0064858750083029845,0.02008688840361872,0.006907271629461839,69.70999377460849,0.015269994066064552,0.10000000000000053,0.0,0
2013-02-07,-0.004232979408880344,1.0113599830684343,0.006341461000543948,0.016188146672899917,0.014928387232975413,60.61557085268,0.015269994066064552,0.10000000000000053,0.0,0
2013-02-08,-0.009948350308227716,1.0076217928775506,0.0070519270746643315,0.0014995966122561821,0.004673947282340533,54.36350303886417,0.015269994066064552,0.10000000000000053,0.010000000000000009,0
2013-02-11,-0.001577391546206952,1.0034217016871048,0.006356469535018255,-0.007258955844553605,0.0038184905686288097,53.51463378990581,0.015269994066064552,0.10000000000000053,0.0,1
2013-02-12,0.0026404218896591836,1.0017158157316195,0.005922812381699511,-0.00317671994091262,0.007847753685232663,55.32988731403412,0.015269994066064552,0.10000000000000053,-0.010000000000000009,1
2013-02-13,0.0036186399758728616,0.9992554260066271,0.0055089388705278465,-0.0029325995148796746,0.006459794899407271,58.1265425809699,0.015269994066064552,0.10000000000000053,0.010000000000000009,0
2013-02-14,-0.0005645840359986831,0.9975024550485264,0.005362887470470218,-0.009128755311262227,0.01004349779478585,54.525376486451954,0.015269994066064552,0.10000000000000053,0.0,0
2013-02-15,-0.006810046743038645,0.9970327516686486,0.004117026587507349,-0.018961121175378737,0.006037903485498345,43.145570296989646,0.015269994066064552,0.10000000000000053,0.01999999999999999,0
2013-02-18,-0.000667247614304145,0.9965828967638148,0.004079565149340911,-0.022324552964369082,0.003660877283023183,43.71928971765574,0.015269994066064552,0.10000000000000053,0.0,1
2013-02-19,0.0002403123524570283,0.9956124301282623,0.0037680778376884385,-0.012172651016703506,0.0030306020968243965,40.64690160135012,0.01596448429704833,0.10000000000000053,-0.010000000000000009,1
2013-02-20,0.0036436532813288736,0.9944735196929647,0.0037754808539086876,-0.013663747865889753,0.0051468103720385,38.407614225398376,0.01596448429704833,0.10000000000000053,0.0,0
2013-02-21,-0.009158467671497195,0.9920566221494549,0.005279956986380448,-0.01854258752659288,0.008839593922762339,29.50037976057,0.01623261027230183,0.10000000000000053,0.010000000000000009,0
2013-02-22,-0.0059374897557868955,0.990342942151237,0.005115838825364321,-0.014566543629473183,0.007146584027700919,23.739699600385833,0.01623261027230183,0.10000000000000053,0.0,1
2013-02-25,0.00011880857138346634,0.9891332311223068,0.005192967519346595,-0.012892410521488262,0.009787940600964449,28.36164967250639,0.01623261027230183,0.10000000000000053,-0.010000000000000009,0
2013-02-26,-0.009916401223537763,0.9863307321863581,0.005925475294042092,-0.0252547042453094,0.007344405950124866,17.351099801461388,0.01623261027230183,0.10000000000000053,-0.009999999999999981,1
2013-02-27,6.532983812612692e-05,0.9829699007437352,0.004852746833244629,-0.028705788355514072,0.00636814827371706,18.805950275803497,0.01623261027230183,0.10000000000000053,0.0,1
2013-02-28,0.006509747834174462,0.9826762547328041,0.006308780801465791,-0.021830649164930493,0.007608796940056034,32.58846021249255,0.01623261027230183,0.10000000000000053,0.0,0
2013-03-01,-0.006921785276720938,0.9826907867146246,0.006481897087909784,-0.02194069781030472,0.009915132852283187,29.569220609540125,0.01623261027230183,0.10000000000000053,0.0,0
2013-03-04,-0.00329333020308753,0.982333439864691,0.006378044870521925,-0.024510877260689345,0.003508985295523672,24.639410483251723,0.01623261027230183,0.0,0.01999999999999999,1
2013-03-05,0.0014731584054650249,0.9836560293754528,0.005058886797381109,-0.023308538282876157,0.0045679742328687475,21.624070080248785,0.01623261027230183,0.0,-0.010000000000000009,1
2013-03-06,0.0009524957381850108,0.9853707533336873,0.005096171666004447,-0.02592742655654845,0.006161029455966061,23.165768004614762,0.012104205609522412,0.0,0.0,0
2013-03-07,-0.00536018150360984,0.9847955594566604,0.003741106235172489,-0.022193422418132713,0.010515258891475202,23.864962355451752,0.012104205609522412,0.0,0.010000000000000009,1
2013-03-08,0.010226847499996694,0.9866090897518737,0.006000938240851878,-0.006293421031827617,0.013294367048510315,36.148755568612266,0.012104205609522412,-0.20000000000000018,-0.010000000000000009,0
2013-03-11,-0.009403315049741012,0.9875923794328304,0.007482119909851684,-0.01575449386334027,0.0029950037379034423,31.293273003605876,0.012104205609522412,-0.20000000000000018,0.010000000000000009,1
2013-03-12,0.003440615062947794,0.9889304701973669,0.007656422940270086,-0.0024762380962374264,0.00607767700199522,31.009722682852015,0.012104205609522412,-0.20000000000000018,-0.010000000000000009,0
2013-03-13,-0.0002605045391178562,0.9902272793684426,0.00763675233221508,-0.0028012443973743917,0.0107442206309128,35.43022960964366,0.012104205609522412,-0.20000000000000018,-0.009999999999999981,0
2013-03-14,-0.005442651514673269,0.9917525059809628,0.00765056770333653,-0.014643074824535085,0.005193142854619599,35.767691424906275,0.012104205609522412,-0.20000000000000018,0.009999999999999981,1
2013-03-15,0.004164100039226071,0.9915311518453988,0.005831700964920774,-0.0036433834549954858,0.0077001997423678,39.58617667228909,0.018985873319529167,-0.20000000000000018,0.010000000000000009,0
2013-03-18,-0.009192564633187406,0.9917844365186393,0.005760628683592748,-0.009540546015548879,0.0070702220639267685,40.09752381578713,0.018985873319529167,-0.20000000000000018,0.0,1
2013-03-19,0.0040517903520955745,0.9919680893176366,0.005895470089370589,-0.006990272582406476,0.005809445402171831,43.43797624253213,0.018985873319529167,-0.20000000000000018,-0.010000000000000009,0
2013-03-20,-0.006264734267485861,0.9914544070841118,0.006223990961254388,-0.014150232351881953,0.008337958324757522,34.35504387019152,0.018985873319529167,-0.20000000000000018,0.0,1
2013-03-21,0.00604373399304281,0.9924583623170581,0.006959646361360644,-0.0028470980578524374,0.005541887519137631,43.4578090083914,0.018985873319529167,-0.20000000000000018,0.010000000000000009,0
2013-03-22,-0.002839107391710338,0.9919104939685098,0.0065441482152503215,-0.015743958668073876,0.008832369997728491,43.76115986973902,0.018985873319529167,-0.20000000000000018,-0.010000000000000009,1
2013-03-25,0.009234110089348047,0.9945850193824908,0.006414954665183202,0.0027741714314035715,0.013870743050349783,49.39603456555342,0.018985873319529167,-0.20000000000000018,0.0,0
2013-03-26,-0.012717006380561946,0.9940436759549407,0.008975842677302667,-0.013372718790197857,0.004075026848544542,41.74312591647543,0.018985873319529167,-0.20000000000000018,-0.009999999999999981,1
2013-03-27,0.00012858746988819725,0.9947728954084049,0.008538008338743013,-0.012988729968380852,0.008713067951918733,44.52828194647341,0.018985873319529167,-0.20000000000000018,-0.020000000000000018,0
2013-03-28,-0.006388965183787398,0.9936787708310174,0.008127479894486627,-0.013927863601874368,0.006797528402178732,33.85176083662836,0.018985873319529167,-0.20000000000000018,0.010000000000000009,1
2013-03-29,0.0029732539619751197,0.9932409990652009,0.008477913306468783,-0.015097254277631755,0.0031523335174442452,40.912689970657055,0.018985873319529167,-0.20000000000000018,-0.04000000000000001,0
2013-04-01,-0.0007938969186009892,0.9906780714246476,0.006236854796655402,-0.006748638192162315,0.00720036647880687,37.56283901715074,0.018985873319529167,-0.20000000000000018,0.07,1
2013-04-02,0.003469577222831921,0.991262395626659,0.003945539119818109,-0.0073245885455804904,0.0049801929625320355,40.60592270503619,0.018985873319529167,-0.20000000000000018,-0.010000000000000009,0
2013-04-03,-0.0023077132876825335,0.9915244945112933,0.004055710336506908,-0.0033717878704785376,0.005519206339671877,42.44243786425529,0.016028075321478097,-0.20000000000000018,-0.009999999999999981,1
2013-04-04,0.0023130511465485615,0.9931359959826138,0.002539195990701031,-0.007067555409894122,0.010194719570533035,40.86694206110857,0.016028075321478097,-0.20000000000000018,0.0,1
2013-04-05,0.006076161959986726,0.9955808092876932,0.0033513462992357593,0.001809908856082787,0.010814753342554172,52.0971737694482,0.016028075321478097,-0.3000000000000007,0.009999999999999981,1
2013-04-08,0.004937021668971919,0.9984523041131752,0.0032413977927670244,-0.0024555690104774985,0.004990942825196251,52.74415489865897,0.016028075321478097,-0.10000000000000053,0.0,1
2013-04-09,0.0028665302202808274,1.0012412067795304,0.003225978017012906,0.013289936839169902,0.006808369388486487,60.159599390886726,0.016028075321478097,-0.10000000000000053,0.0,1
2013-04-10,0.003910965112482012,1.0050676082212624,0.0015268254232251954,0.017122089274949737,0.0048455556599577,58.80409636511186,0.016028075321478097,-0.10000000000000053,0.0,0
2013-04-11,-0.0019061239209301473,1.00786760679539,0.0030812360089688988,0.021711004566141945,0.00717601989989786,59.699560854067364,0.016028075321478097,-0.10000000000000053,0.0,1
2013-04-12,0.004550836068546671,1.0103552287912203,0.002783556697228021,0.02331805938293141,0.006588856944623587,56.33542451832521,0.016028075321478097,-0.10000000000000053,0.0,0
2013-04-15,-0.0011789351824709193,1.0112066264402002,0.0029856172506084935,0.02292372971685297,0.004076813878676429,71.29143141358388,0.016028075321478097,-0.10000000000000053,0.0,0
2013-04-16,-0.003407203705916406,1.0111697936821038,0.003600769862623668,0.01591362940514318,0.00889787392853813,65.98536457333579,0.014151149289823417,-0.10000000000000053,0.0,1
2013-04-17,0.009501743349925595,1.0114608020556841,0.005389661209772738,0.027938767931120934,0.011996909660765527,80.80608716209159,0.014151149289823417,-0.10000000000000053,0.0,0
2013-04-18,-0.010910171118353795,1.010781471710697,0.007787925319014145,0.014377473096623516,0.004877779326395283,64.47930064815515,0.014151149289823417,-0.10000000000000053,0.0,1
2013-04-19,0.001396682275999428,1.0092528593454153,0.007416813652133609,0.009659382203780487,0.005031071011993326,66.18373461560657,0.014151149289823417,-0.10000000000000053,0.0,1
2013-04-22,0.00019580344986680487,1.0084570706740785,0.007430264535686089,0.004895884238460546,0.005058117769519444,64.22364717025343,0.014151149289823417,-0.10000000000000053,0.0,1
2013-04-23,0.00045718094577207324,1.007775119526564,0.007270330079192643,0.002481659516936352,0.008251690007043046,67.25484810383566,0.014151149289823417,-0.10000000000000053,-0.009999999999999981,0
2013-04-24,-0.0051457952504296856,1.004415028459391,0.005207538553340012,-0.006562206397449533,0.005309927732838556,59.79684714804027,0.014151149289823417,-0.10000000000000053,-0.010000000000000009,1
2013-04-25,0.0017703734453156095,1.0032203408846583,0.0028044598565798045,-0.0029028597976517023,0.007631900260654408,56.54661806626151,0.014151149289823417,-0.10000000000000053,0.0,0
2013-04-26,-0.0007805071565720745,1.0017771128653676,0.0026465001227218526,-0.008194644834641385,0.004060927662148415,51.21171482626832,0.014151149289823417,-0.10000000000000053,0.0,1
2013-04-29,0.0027129672907901803,1.0006642632198866,0.003065839017591259,-0.0043300790473079775,0.0061996716541286995,51.05934585226894,0.014151149289823417,-0.10000000000000053,0.0,1
2013-04-30,0.004085860562502042,1.0002458883560723,0.003635934799454157,0.003156046414939606,0.009638704468256414,51.24116773799174,0.014151149289823417,-0.10000000000000053,0.010000000000000009,1
2013-05-01,0.005530692210397259,1.0015779231319457,0.0023929692528063488,-0.0007900428191629505,0.006035289624286292,58.36111576848069,0.014151149289823417,-0.10000000000000053,0.0,1
2013-05-02,0.00105455524139475,1.0028273305280562,0.0024796318550854733,0.011297103731643832,0.013077847989313088,55.35175950720551,0.014151149289823417,-0.10000000000000053,0.009999999999999981,0
2013-05-03,-0.008884237058161992,1.0031866487309578,0.0057147845627880415,0.0009145409267568017,0.008687591071710446,47.660615264784816,0.013801559493317406,-0.20000000000000018,-0.009999999999999981,1
2013-05-06,0.00446195494978463,1.003918727459529,0.005903897963602817,0.005183758069376099,0.006253797006578087,54.60922116167506,0.013801559493317406,-0.09999999999999964,0.0,0
2013-05-07,-0.004051805703721545,1.0033692024556682,0.0060465473421238685,0.0006534690857555869,0.004937492629331798,41.95421601555595,0.013801559493317406,-0.09999999999999964,-0.020000000000000018,1
2013-05-08,0.0005231635304672189,1.0019858975418305,0.005175172586232267,0.00635547370424816,0.008747559094725767,53.91716926598687,0.013801559493317406,-0.09999999999999964,0.0,1
2013-05-09,0.006448976339866741,1.0012616443002458,0.006258347743774735,0.011055490551449498,0.006754556635644955,58.96621534875912,0.013801559493317406,-0.09999999999999964,0.0,0
2013-05-10,-0.009645446009151515,1.0011004337362772,0.006523024993007257,0.0020855443439369292,0.008717259176283713,48.53891478149226,0.013801559493317406,-0.09999999999999964,0.0,0
2013-05-13,-0.005302789742434144,0.9991951520150447,0.0061339271644035315,-0.005925197026716789,0.003994915445139906,43.90973092872987,0.013801559493317406,-0.09999999999999964,0.0,1
2013-05-14,0.0017533898947919013,0.9981925241598845,0.006291803514177278,-0.00823441221489396,0.005999369443912862,49.570496116901694,0.013801559493317406,-0.09999999999999964,-0.009999999999999995,0
2013-05-15,-0.00392000290037442,0.9969728674312305,0.006293491391464303,-0.017555733049873568,0.0075552622471120765,44.81411080242876,0.013801559493317406,-0.09999999999999964,0.009999999999999995,0
2013-05-16,-0.004225410774134075,0.9932805563452106,0.004073320741959534,-0.022737540888904784,0.00613589128105284,42.37898953202687,0.010070818624905664,-0.09999999999999964,-0.009999999999999995,1
2013-05-17,6.449774119099416e-05,0.9916095409589376,0.0030563779646164647,-0.01391388687901296,0.006986126107436683,39.848330833876524,0.010070818624905664,-0.09999999999999964,-0.009999999999999995,0
2013-05-20,-0.003696675860163534,0.990456890969089,0.002732560278605721,-0.02192326195203198,0.004311655465804602,33.296448833852935,0.010070818624905664,-0.09999999999999964,0.0,1
2013-05-21,0.00431843523638098,0.9896166087824947,0.003688196405595305,-0.013703217975592485,0.005580819513985062,31.808189557383386,0.010070818624905664,-0.09999999999999964,-0.010000000000000009,1
2013-05-22,0.0021704625486784757,0.9896258098140928,0.003691503625898023,-0.012079341807687882,0.010070871006095156,33.0466254860182,0.010070818624905664,-0.09999999999999964,-0.009999999999999995,0
2013-05-23,-0.0059586824941094685,0.9896722428884888,0.004201512386274554,-0.024258580666338347,0.00992711310858475,34.84894384621741,0.010070818624905664,-0.09999999999999964,0.0,1
2013-05-24,0.006462528169536297,0.9906278525340949,0.005294396992661509,-0.008388287018102014,0.0064985061340091035,36.96450178995743,0.010070818624905664,-0.09999999999999964,0.009999999999999995,1
2013-05-27,0.000983182778474534,0.99259844431479,0.004713637832812809,-0.0021218132460469885,0.0027387824083262525,40.806444403609575,0.010070818624905664,-0.09999999999999964,0.0,0
2013-05-28,-0.00029742933703669205,0.9938767518386691,0.004493834242326597,-0.004164699047144338,0.007119782262665476,40.02304044046141,0.010070818624905664,-0.09999999999999964,0.0,0
2013-05-29,-0.006770005262784373,0.9939892099239329,0.005429780490533364,-0.007014001280449822,0.01006382792933801,28.136067255817025,0.010070818624905664,-0.09999999999999964,-0.009999999999999995,1
2013-05-30,0.007898152958937699,0.9965192035834363,0.005859464948572207,0.005075611340498165,0.009658857074989206,43.77009411853514,0.010070818624905664,-0.09999999999999964,0.0,1
2013-05-31,0.007421950884920259,0.9984343363413183,0.006068238344633755,0.012469931139916124,0.007864619066110416,55.44727289542438,0.010070818624905664,-0.09999999999999964,0.009999999999999995,0
2013-06-03,-0.003638991365689237,0.9998291761574744,0.006564538521787349,0.012528551657115194,0.01127540479122381,50.56525862977475,0.010070818624905664,0.0,0.010000000000000009,1
2013-06-04,0.005882744118746341,1.001964129128894,0.006852857753532516,0.014105648473657473,0.004084399928508639,58.79466656785366,0.012943765944505525,0.0,0.009999999999999995,1
2013-06-05,3.9302010876873794e-05,1.0054831823874502,0.005082873638036388,0.011949107226480349,0.004224663349561417,63.30075066872779,0.012943765944505525,0.0,-0.020000000000000004,1
2013-06-06,0.0015187669756813182,1.0079933751805952,0.004473473897693655,0.01956126396687785,0.014956597869503081,64.24811798997771,0.012943765944505525,0.0,0.010000000000000009,1
2013-06-07,0.011629591329570754,1.0102832408825206,0.0058689612993086384,0.024795574533832188,0.006069832367039324,74.35212831655345,0.012943765944505525,0.09999999999999964,-0.010000000000000009,0
2013-06-10,-0.0016265599153285626,1.0127832991628576,0.0053373782297038925,0.022123748663733345,0.0045371418485371144,70.60888841005993,0.012943765944505525,0.09999999999999964,0.0,0
2013-06-11,0.0,1.0141898957849975,0.005326102724553153,0.022427848700940167,0.010247624944030559,69.55426321035671,0.012943765944505525,0.09999999999999964,0.0,0
2013-06-12,0.0,1.0153871948238784,0.005330323094095227,0.0293968709346617,0.013543455408840823,77.17307966319046,0.012943765944505525,0.09999999999999964,-0.009999999999999995,1
2013-06-13,0.008737497979601105,1.0173869447170554,0.005999905711804999,0.030254119393118506,0.008080851951017482,78.18361030998364,0.012943765944505525,0.09999999999999964,0.009999999999999995,1
2013-06-14,0.00212546290077964,1.0173729653665167,0.004075688288093851,0.024837592029203215,0.005360797309248046,78.63811049220351,0.012943765944505525,0.09999999999999964,0.010000000000000009,0
2013-06-17,-0.0014417035698014447,1.0172834866853626,0.004036952898129377,0.027097679602099634,0.0030943992712756693,77.05544546447203,0.012943765944505525,0.09999999999999964,0.009999999999999995,1
2013-06-18,0.0010824592660068078,1.0175741080979974,0.003938466654283224,0.022196152597580232,0.0062876395958490145,87.2658493388586,0.014457810236864876,0.09999999999999964,0.009999999999999995,1
2013-06-19,0.0020085156066078635,1.0182771879832604,0.003769437452479148,0.024208996049984055,0.002034225268124405,85.72986596579392,0.014457810236864876,0.09999999999999964,-0.01999999999999999,0
2013-06-20,-0.007323887586195732,1.015809276725244,0.003966169000398579,0.01516600389659084,0.010258455095424925,69.97405032048142,0.014457810236864876,0.09999999999999964,0.0,0
2013-06-21,-0.004235327966168989,1.0125996237870603,0.003847736202565006,-0.0007543753228730354,0.010757198320639537,68.9926121481964,0.014457810236864876,0.09999999999999964,0.0,0
2013-06-24,-0.009842113672607566,1.0082597476298065,0.005162280784777481,-0.008977106233627796,0.004578150243557047,52.36954545692457,0.014457810236864876,0.09999999999999964,0.0,1
2013-06-25,0.0020618504186511455,1.0039986032442387,0.005400403663284724,-0.006933765265222824,0.006215306743983174,54.14835280187435,0.014457810236864876,0.09999999999999964,-0.010000000000000009,0
2013-06-26,-0.004002472724235928,0.9984072509777114,0.004465036637781635,-0.010908485783108324,0.00767337295018692,49.08893280949712,0.014457810236864876,0.09999999999999964,0.0,0
2013-06-27,-0.005075237206229821,0.9939376216418707,0.004238183030387727,-0.02445220670930992,0.003510585712594944,32.319342621742436,0.014457810236864876,0.09999999999999964,0.0,1
2013-06-28,0.0017338114391431958,0.9909414399739824,0.00500385595586521,-0.024833471065204615,0.008238610618289932,35.70030164162655,0.014457810236864876,0.09999999999999964,-0.01999999999999999,0
2013-07-01,-0.0016787774023283575,0.9894922215078463,0.003246645390669484,-0.02506499131514206,0.004410376824874935,34.55051350336663,0.014457810236864876,0.09999999999999964,0.03,1
2013-07-02,0.004116247889411895,0.9885313311441295,0.003864295078527992,-0.02211044275569951,0.0063634849302831855,39.33323901564861,0.014457810236864876,0.09999999999999964,0.0,0
2013-07-03,-0.006787954443738808,0.9873563733441943,0.004548877761335222,-0.030695176387068535,0.00796692797222946,24.46735963647781,0.014457810236864876,0.09999999999999964,0.0,1
2013-07-04,0.0024590565206421555,0.9876265821969356,0.004326840888617214,-0.021142559180600706,0.010456024500741323,24.846535609616822,0.014457810236864876,0.09999999999999964,0.0,0
2013-07-05,-0.007925395367281096,0.9869460727579804,0.005371754008075345,-0.024769972397948647,0.007520192039329939,22.221621394281314,0.014054011495157726,0.09999999999999964,0.0,0
2013-07-08,-0.006093768788473897,0.9856144320757725,0.005667975474973669,-0.021078138463893725,0.004970822724822985,18.873999630354817,0.014054011495157726,0.0,0.0,1
2013-07-09,0.0032692486387035924,0.9839444724350346,0.0054148651411226115,-0.019898621937348593,0.010403461781869992,20.277435997580156,0.014054011495157726,0.0,0.0,0
2013-07-10,-0.006927768618326113,0.9825970133473185,0.005439519926940488,-0.02277723002474097,0.007264005169096146,20.486277821007377,0.014054011495157726,0.0,-0.010000000000000009,1
2013-07-11,0.03175612356587054,0.9858670394700038,0.016788677486903502,0.013398816387655499,0.01270524074683899,48.02967930905437,0.014054011495157726,0.0,0.0,0
2013-07-12,-0.006824025175095505,0.9897886367284273,0.0166188850575416,0.004741325348944336,0.007665838398854957,49.67814690643097,0.014054011495157726,0.0,0.0,0
2013-07-15,-0.0028861800568243945,0.9944137971346583,0.016235850916137363,0.003526158010167757,0.0064050160851066625,46.94395899104439,0.014054011495157726,0.0,0.0,0
2013-07-16,-9.14611104072538e-05,0.9984483214368175,0.016326288677449948,-0.0006790782415997398,0.007535459940842436,49.07266899165907,0.01892239456210798,0.0,0.0,1
2013-07-17,0.007075373952231789,1.005023904449858,0.015369383534493257,0.013269518307631234,0.0064863237164748564,55.94444873080781,0.01892239456210798,0.0,0.0,0
2013-07-18,-0.002597176336688767,1.004612558217738,0.005148885745387495,0.008158759321043707,0.004080946775289551,53.46251782440416,0.01892239456210798,0.0,0.0,0
2013-07-19,-0.00048512591053129217,1.0052918605022525,0.00403651363358742,0.015719655235024055,0.004481000211765949,54.181031813208364,0.01892239456210798,0.0,0.0,1
2013-07-22,0.0037637783118753543,1.0066159649702249,0.003855656349280094,0.025793547547807938,0.005609008110506156,54.01284865789439,0.01892239456210798,0.0,0.0,1
2013-07-23,0.0023082807602052835,1.008410907018582,0.0037508133909098652,0.024811005074287795,0.004712844718332358,59.677838286169525,0.01892239456210798,0.0,0.0,1
2013-07-24,0.0024992618528536514,1.008962584291043,0.0025833749206251267,0.03453932519717995,0.004810538560170407,59.71656939503331,0.01892239456210798,0.0,0.0,0
2013-07-25,-0.002453454899927654,1.0094086503088178,0.0025322782683582412,0.00023746508418076573,0.005352676193500659,63.84324156725795,0.01892239456210798,0.0,0.0,1
2013-07-26,0.006318487712856813,1.0109925566745852,0.003191811637724002,0.013473421358897397,0.0033287167512241786,71.66423001949317,0.01892239456210798,0.0,0.0,1
2013-07-29,0.0009965674685246118,1.0118853040776163,0.0031548327870496,0.017419872947556092,0.004170076237724759,70.84955726860153,0.01892239456210798,0.0,-0.009999999999999995,0
2013-07-30,-0.0017906359938200112,1.012247713508521,0.0035420007715650484,0.015690940523479302,0.004697762790346528,75.81228589602433,0.01892239456210798,0.0,0.009999999999999995,1
2013-07-31,9.284258283925872e-05,1.0117776148993127,0.0034694717489710055,0.008648673343436775,0.006106461774110073,57.29661834877281,0.01892239456210798,0.0,0.0,1
2013-08-01,0.002753385271824227,1.0123423779637002,0.003069976171665678,0.014059563246722862,0.008455792962037837,71.43061430313249,0.01892239456210798,0.0,-0.009999999999999995,0
2013-08-02,-0.006724842402750064,1.0102214317107032,0.0036278776889157277,0.0077290479688518765,0.007739875367624004,64.42773967410612,0.01892239456210798,-0.1999999999999993,0.009999999999999995,1
2013-08-05,0.005072545823579189,1.00836501817752,0.004518825694596955,0.009042985637333967,0.004863897937502592,68.58027919700687,0.018454637268661145,-0.1999999999999993,-0.009999999999999995,0
2013-08-06,-0.001617349303101645,1.0067923807507821,0.004503441430657009,0.005090978499786791,0.005695249738382501,60.19275720954464,0.018454637268661145,-0.1999999999999993,0.009999999999999995,1
2013-08-07,0.003819372697078105,1.0054405758496008,0.004836234940666205,0.0064145021677217695,0.004945952380909726,67.75798331240185,0.018454637268661145,-0.1999999999999993,0.0,1
2013-08-08,0.0024680942850892063,1.0054565364896362,0.0048069661326934675,0.01137980278177575,0.0050250968906269166,70.39697015757207,0.018454637268661145,-0.1999999999999993,0.0,1
2013-08-09,0.002930241697358227,1.0069260760601715,0.0025244528250247074,0.00797451546094008,0.004268345922405698,69.84951202678208,0.018454637268661145,-0.1999999999999993,-0.009999999999999995,0
2013-08-12,-0.0030414236610412093,1.0067758679489833,0.0030403417277908877,0.003908375491496363,0.004674758440280385,63.19452360145395,0.018454637268661145,-0.1999999999999993,0.0,0
2013-08-13,-0.003482699506330844,1.0064208065816223,0.0035069141263823853,0.0022066515913559126,0.006152770284618873,56.01895851844827,0.018454637268661145,-0.1999999999999993,0.0,0
2013-08-14,-0.002056154689410117,1.0053442077426875,0.0030927366858013593,5.311217101788834e-05,0.0030537427084726216,56.518474453587146,0.018454637268661145,-0.1999999999999993,0.009999999999999995,0
2013-08-15,-0.00010612883699334663,1.003627897089919,0.002625743632092193,-0.002798701670572501,0.007386578157265838,48.978368447493786,0.0200898029494192,-0.1999999999999993,-0.009999999999999995,1
2013-08-16,0.00677049822846687,1.0023146916181613,0.004204877952638305,0.01074998229269264,0.004538776842311427,55.8598621801736,0.0200898029494192,-0.1999999999999993,0.009999999999999995,0
2013-08-19,-0.0018661617868090952,1.001521309175915,0.004049096377275234,0.0037720794303799376,0.004289062242872699,55.74913038011819,0.0200898029494192,-0.1999999999999993,0.0,1
2013-08-20,0.00036006765622964565,1.0015967107293375,0.0035974386659847757,0.005760170801742737,0.009444574278036322,56.02493060371127,0.0200898029494192,-0.1999999999999993,0.0,1
2013-08-21,0.006536013742374225,1.0031897612307197,0.004025894767173612,0.008482064237991915,0.005093190707531689,59.59799648734795,0.0200898029494192,-0.1999999999999993,-0.009999999999999995,0
2013-08-22,-0.005817452178890958,1.0038003262600999,0.0054510298262445125,0.00014681142648620416,0.004877122668270068,60.70612170923781,0.0200898029494192,-0.1999999999999993,0.009999999999999995,1
2013-08-23,0.0009080780889976214,1.0035115576852194,0.004499892598633092,-0.0018697400753028282,0.005501188338801793,56.831718355934456,0.0200898029494192,-0.1999999999999993,-0.009999999999999995,1
2013-08-26,0.002356058189237009,1.0040012396879625,0.004452402940660058,0.003534085208933835,0.0024804466905663683,61.38159485976886,0.0200898029494192,-0.1999999999999993,0.0,0
2013-08-27,-0.0005485586132651932,1.0042462168961184,0.00449666808884843,0.006488886290197504,0.005476390167606248,56.78528244399964,0.0200898029494192,-0.1999999999999993,-0.009999999999999995,1
2013-08-28,0.0009642466914050463,1.0033327097690974,0.003183361570455518,0.009535150302157236,0.006671567819772868,55.07364742979702,0.0200898029494192,-0.1999999999999993,0.0,0
2013-08-29,-0.004267189931076776,1.0030863755300052,0.00253703638548318,0.005333966998427142,0.00898128248379939,45.67296595004605,0.0200898029494192,-0.1999999999999993,0.009999999999999995,0
2013-08-30,-0.007399058460938246,1.0012125742572784,0.003997319127626563,-0.008815371567050145,0.005609730221033476,41.10466419713982,0.0200898029494192,-0.1999999999999993,-0.009999999999999995,0
2013-09-02,-0.002113319306380923,0.99880323746259,0.0032761687624459873,-0.009060808325951908,0.003229174648447403,42.45878896166666,0.0200898029494192,0.0,0.0,0
2013-09-03,-0.0013849376723895634,0.996216344310252,0.0031598832744659665,-0.01078938009297592,0.00409098369426899,43.15402155887231,0.0200898029494192,0.0,0.01999999999999999,0
2013-09-04,-0.001211975949191313,0.9934428356345189,0.0026062523131925295,-0.018404004489106507,0.004341804294678045,42.04378824950088,0.013976410461447486,0.0,-0.009999999999999995,1
2013-09-05,0.002019605894979737,0.9919483438010863,0.0034028510088859503,-0.010666165156925755,0.008246906913225601,34.7683499164137,0.013976410461447486,0.0,0.0,0
2013-09-06,-0.006231190993621238,0.9911511013494433,0.0029512640655568936,-0.01772287757048674,0.006163214922208075,31.213569324042226,0.013976410461447486,-0.10000000000000053,0.0,1
2013-09-09,0.004255174527038275,0.9912538367167628,0.003971652823330854,-0.01586180383704283,0.007241946882315309,36.95008320115976,0.013976410461447486,-0.10000000000000053,0.0,1
2013-09-10,0.006363951422953429,0.9924080372455536,0.004939206512947854,-0.009055204860544674,0.0034706212393136263,36.6070641430774,0.013976410461447486,-0.10000000000000053,0.0,1
2013-09-11,0.0006234692005855358,0.9937945102785748,0.004796212842266058,-0.0093925712369608,0.005079896130447621,42.88565889757367,0.013976410461447486,-0.10000000000000053,0.0,1
2013-09-12,0.003715121092783269,0.9953324933208203,0.0049090355254238745,-0.0014513479298915444,0.004086869751416259,46.57224007154449,0.013976410461447486,-0.10000000000000053,0.0,0
2013-09-13,-0.001250143465690634,0.9982569121322538,0.003032349540420824,0.004734411647041803,0.00469892579334766,42.19389110225763,0.013976410461447486,-0.10000000000000053,0.0,1
2013-09-16,0.004542148524456113,1.0009300903297733,0.003070635940111781,0.01143555084914416,0.0033166985317436308,48.384604483855746,0.013976410461447486,-0.10000000000000053,0.0,0
2013-09-17,-0.0016005709479374186,1.0021177521209415,0.0028140006653107016,0.011217149215658972,0.003228885886451934,45.65324785735622,0.014880357406715339,-0.10000000000000053,0.0,1
2013-09-18,0.0014961538389350881,1.0037351148409395,0.002795841638978739,0.013958979532114446,0.0020290164704983627,51.96271693133545,0.014880357406715339,-0.10000000000000053,0.0,1
2013-09-19,0.012359990858002767,1.006176175841619,0.005731889047803754,0.024422573381370105,0.003987507678116434,71.99599111901182,0.014880357406715339,-0.10000000000000053,0.009999999999999995,1
2013-09-20,0.0008255517841790905,1.0090356720042535,0.005402924415155059,0.03169698824588241,0.0036939062525735925,75.65976954528558,0.014880357406715339,-0.10000000000000053,-0.009999999999999995,1
2013-09-23,2.712869297050169e-05,1.0111073561640376,0.005565219753565632,0.027353408781402466,0.004714627544159778,77.91708281093946,0.014880357406715339,-0.10000000000000053,0.009999999999999995,0
2013-09-24,-0.002632292609190734,1.013070393004897,0.005776040136984013,0.01816953255095477,0.003851297917688674,75.51359700444652,0.014880357406715339,-0.10000000000000053,0.0,0
2013-09-25,-0.002007380086835431,1.014477548954558,0.0061178207677320545,0.015492550977330932,0.005336084008259812,71.28000493885362,0.014880357406715339,-0.10000000000000053,-0.009999999999999995,1
2013-09-26,0.003352274456808413,1.0136942277233036,0.002389600334522112,0.015125446757979777,0.0037212709416848313,83.2112351515633,0.014880357406715339,-0.10000000000000053,0.0,0
2013-09-27,-0.002279151675458224,1.0120251788790402,0.002494296044777719,0.014079566839375612,0.006713854163674172,77.12426700273818,0.014880357406715339,-0.10000000000000053,0.0,1
2013-09-30,0.0006883216469510955,1.0103518463110093,0.002559675891805445,0.010189150597155638,0.005578751771516036,73.71693808437368,0.014880357406715339,-0.10000000000000053,-0.020000000000000004,1
2013-10-01,0.002204612177995724,1.009478729451905,0.0025014330897495116,0.014039267692577795,0.005124288611526587,74.79870660717303,0.014880357406715339,-0.10000000000000053,0.020000000000000004,0
2013-10-02,-0.0001352927126144765,1.0089318965258596,0.0021708138827861347,0.012387388291871693,0.007092060416590453,71.89312474724258,0.014880357406715339,-0.10000000000000053,-0.009999999999999995,1
2013-10-03,0.005001483132181184,1.0085674371637323,0.0027182600902424477,0.005028681423224768,0.004779416634001326,77.7873041146971,0.014880357406715339,-0.10000000000000053,0.009999999999999995,1
2013-10-04,0.002438739219889463,1.00872307381013,0.0019694799008558943,0.006648643701875789,0.003818781309671192,76.57213257897445,0.009126500557442574,-0.10000000000000053,0.0,0
2013-10-07,-0.003976015981412506,1.0083472842223793,0.0033736339059827376,0.002618992864026115,0.0034271148633405885,71.84497181938369,0.009126500557442574,0.0,0.0,1
2013-10-09,0.0020668809213748585,1.0081560174596926,0.0033629736328556134,0.007342908224023725,0.007282720298935798,72.2675085727172,0.009126500557442574,0.0,0.009999999999999995,0
2013-10-10,-0.0057190126927085805,1.0071604676597794,0.004575560766720731,0.003596500977260053,0.0040675818321673045,49.69660514346619,0.009126500557442574,0.0,0.0,1
2013-10-11,0.00047338882918745995,1.0054191034075162,0.003691584470254162,0.0007169145985295167,0.004597163460957996,49.160640771314604,0.009126500557442574,0.0,0.010000000000000009,1
2013-10-14,0.0022233195267435946,1.003461414609559,0.003643186579206669,0.005232906318159758,0.003762500302271543,52.32818625490039,0.009126500557442574,0.0,0.0,1
2013-10-15,0.0001355935184188528,1.0025530926131558,0.003241539411079654,0.004677667997666557,0.0068518196302069494,56.73422599186274,0.009126500557442574,0.0,0.0,0
2013-10-16,-0.002717833062695907,1.0007438318285624,0.0031223858112401164,-0.00025692394610499214,0.006907432035409075,55.51217071918484,0.009126500557442574,0.0,0.009999999999999995,1
2013-10-17,5.4042831368228406e-05,1.000167901830129,0.0017726738457314645,-6.761143435407568e-05,0.012176523088000954,50.671466190217615,0.009126500557442574,0.0,-0.009999999999999995,1
2013-10-18,0.010687560453293443,1.001708508712119,0.0051238412978504315,0.00558978606475069,0.00318604007326139,67.31769138551121,0.009126500557442574,0.0,0.0,1
2013-10-21,0.0010945770766654928,1.0030103264174393,0.005140595444036619,0.004241398707840682,0.0024639175356537904,67.66925615615548,0.009126500557442574,0.0,-0.010000000000000009,0
2013-10-22,-0.00043764835325110774,1.0042188073221854,0.005194521485394365,0.007808958639189845,0.008847801839363723,64.95652297327985,0.009126500557442574,-0.09999999999999964,-0.009999999999999995,1
2013-10-23,0.007495492593069031,1.006968139594506,0.005010041921363894,0.013268677526093065,0.003634902889009361,71.09424751630004,0.009126500557442574,-0.09999999999999964,0.0,1
2013-10-24,0.00017917987011495384,1.0096275324094073,0.004987043117980716,0.019279507315880906,0.003933292671143429,67.60242188535821,0.009126500557442574,-0.09999999999999964,0.0,1
2013-10-25,0.001670200459521487,1.0105765034170817,0.003177519159571665,0.02049881567783962,0.00391835743506445,66.98255127870212,0.009126500557442574,-0.09999999999999964,0.0,1
2013-10-28,9.672184619202717e-05,1.0112039670833437,0.003278367169760281,0.018333439586360578,0.0029676055463577944,74.68972263292329,0.009126500557442574,-0.09999999999999964,0.0,0
2013-10-29,-0.0011583047923543477,1.0117769988526013,0.003414400780298133,0.017015998305574653,0.004278611876943139,70.5897451034242,0.009126500557442574,-0.09999999999999964,0.0,0
2013-10-30,-0.0033532449180245782,1.0104500274157462,0.0018775414361672815,0.016368013167760598,0.003078366988289472,75.73059882531439,0.01094575090530392,-0.09999999999999964,0.0,0
2013-10-31,-0.001386128222065075,1.0088735726459546,0.0018637039196989082,0.01490434847614508,0.011033191212882307,72.14424836531362,0.01094575090530392,-0.09999999999999964,-0.009999999999999995,0
2013-11-01,-0.010510804093103787,1.0056306127086136,0.0042361222447426855,-0.0063824598319258685,0.007270665772786076,52.055585134703435,0.01094575090530392,-0.09999999999999964,0.009999999999999995,0
2013-11-04,-0.0063151311821266765,1.0015475642456004,0.003924048865932886,-0.01373682600476367,0.005563540728948663,44.983118713503366,0.01094575090530392,-0.09999999999999964,0.0,1
2013-11-05,0.001703065217026456,0.9977499129606154,0.004677664417717938,-0.011624594629744078,0.005490318786672532,49.622666866043424,0.01094575090530392,-0.09999999999999964,0.0,0
2013-11-06,-0.0032469731546393987,0.9942474272234026,0.004681421266882469,-0.02216319159233715,0.005808503253082117,46.33164280260824,0.009475687267800348,-0.09999999999999964,0.0,1
2013-11-07,0.0033388630081390147,0.9912349951584214,0.005695680015058184,-0.01907409062178289,0.016658690326370327,37.01558566293639,0.009475687267800348,-0.09999999999999964,0.0,0
2013-11-08,-0.008058881529256268,0.9891587625725325,0.004943965693427608,-0.028601686224486,0.008574907669098924,29.561708725100743,0.009475687267800348,0.0,0.0,0
2013-11-11,-0.004565004394846861,0.9877719798022679,0.004661624178565566,-0.033129641282141686,0.00503954076483703,27.30252630398131,0.009475687267800348,0.0,0.0,1
2013-11-12,0.004599424920059381,0.9867316659163461,0.005386215045493169,-0.027556207354471507,0.006791896414756317,22.916710396507227,0.009475687267800348,0.0,0.0,1
2013-11-13,0.0022848274160087723,0.9865411302199524,0.0055261932841562545,-0.022055052190156355,0.004572985899819704,25.97636237196005,0.009475687267800348,0.0,0.0,1
2013-11-14,0.0036962094073993423,0.9862420392511718,0.005589875446973317,-0.017077906820695876,0.005418028132918873,28.6564694683059,0.009475687267800348,0.0,0.009999999999999995,0
2013-11-15,-0.0030126569414342663,0.9876190304373632,0.0041276238568396266,-0.009629523833016629,0.005100234589517981,27.032215130245277,0.009475687267800348,0.0,0.0,1
2013-11-18,0.0026024137564868433,0.9903416790843799,0.0029664414708811507,-0.000741722977599002,0.004926270383126662,30.789990444087408,0.009475687267800348,0.0,0.0,1
2013-11-19,0.0015125724127798001,0.992367887627198,0.002597312066913274,-0.0009317508590804824,0.0038012754425795284,34.47786095726008,0.009475687267800348,0.0,0.0,1
2013-11-20,0.0046671597678840104,0.9950188409678243,0.0029858411520527523,0.007000764728455122,0.007792957035891025,40.366815045136875,0.008875905605585155,0.09999999999999964,0.0,0
2013-11-21,-0.00984705092813798,0.995469523844009,0.00577836535121233,-0.0062332740465054215,0.005575332837050118,40.902835572464625,0.008875905605585155,0.09999999999999964,0.0,1
2013-11-22,0.0028290627923091005,0.9970285195403916,0.005813526698084703,0.004674708876399425,0.005554029631402009,48.52991836566997,0.008875905605585155,0.09999999999999964,0.0,1
2013-11-25,0.0059766476972271665,0.9989722539062731,0.006314229320051815,0.01531420949014084,0.0047767846069050645,52.177258084882084,0.008875905605585155,0.09999999999999964,0.0,0
2013-11-26,-0.0018261822157067398,1.0002836068627168,0.006425688854059456,0.008820068574159512,0.003275622997127628,53.43698780506142,0.008875905605585155,0.09999999999999964,0.0,1
2013-11-27,0.00297133400277505,1.0009385146335754,0.00618162474279063,0.009511051419548666,0.003956162830450127,53.15395181933157,0.008875905605585155,0.09999999999999964,0.0,1
2013-11-28,0.0004343019270862669,1.0035696814602215,0.0029370892171052296,0.006230246312166177,0.003761584188049876,62.01117707359778,0.008875905605585155,0.09999999999999964,0.0,1
2013-11-29,0.002231077600644893,1.0054384896631037,0.0029108691038523286,0.011522594641970363,0.001620598974923391,69.5742439266237,0.008875905605585155,0.09999999999999964,-0.01999999999999999,0
2013-12-02,-0.001385667329429241,1.0055847663119273,0.002125686568106088,0.007499031490397989,0.006363890120557034,64.37457231589843,0.008875905605585155,0.09999999999999964,0.01999999999999999,0
2013-12-03,-0.0031688264417295553,1.005705788369307,0.002535865050833347,0.0027896499590449597,0.0050508344920137975,58.183082767107166,0.008875905605585155,0.09999999999999964,0.0,1
2013-12-04,0.003587882116971919,1.005606672320862,0.0027121760644019284,0.0017123892491230919,0.005120667105062223,58.10992393297527,0.012046315333838375,0.09999999999999964,0.0,0
2013-12-05,-0.0003124379696163304,1.0055407636138718,0.0027261917734334746,0.01135831307957691,0.008912178632092494,61.716388327014364,0.012046315333838375,0.09999999999999964,0.0,1
2013-12-06,0.006151476590406713,1.005547370597548,0.0038086941945084285,0.014708984633550415,0.004586119901876742,64.64515426524535,0.012046315333838375,-0.20000000000000018,0.0,1
2013-12-09,0.002672751262076778,1.006009194706974,0.0036070846837380497,0.011376408867781018,0.002612225458670175,65.52159122948989,0.012046315333838375,-0.2999999999999998,0.0,1
2013-12-10,0.002459501373255568,1.0077052002845002,0.0023243289496577084,0.01571877810300082,0.004150566304168838,63.896035674709836,0.012046315333838375,-0.2999999999999998,0.0,1
2013-12-11,0.0017619084553732733,1.0090616974693578,0.002334977219786831,0.014493981144636514,0.003893665635295917,82.26126526443622,0.012046315333838375,-0.2999999999999998,-0.009999999999999995,1
2013-12-12,0.0015715658307327018,1.0109002166168557,0.0018624596250920334,0.01564722767266913,0.0041135908642518475,81.67573491242574,0.012046315333838375,-0.2999999999999998,0.009999999999999995,0
2013-12-13,-0.0025577210160115937,1.010967152570348,0.0021405558226454085,0.010794324836594926,0.004187164765223932,72.01387842101227,0.012046315333838375,-0.2999999999999998,-0.009999999999999995,0
2013-12-16,-0.0008380571395975034,1.0105006183144407,0.002104652760020871,0.011348614169318871,0.004429107811600623,74.19049876446341,0.012046315333838375,-0.2999999999999998,0.009999999999999995,1
2013-12-17,0.0017203821906952577,1.009875076744108,0.001951171908663302,0.016309027232181972,0.0040027980522424345,73.17538658443695,0.012388269667784835,-0.2999999999999998,0.0,1
2013-12-18,0.0006059674804381743,1.009220348351546,0.0018021222774689941,0.013289314840724709,0.003354954090876433,73.33042425607388,0.012388269667784835,-0.2999999999999998,0.0,0
2013-12-19,-0.0062677401734911875,1.0068101366619666,0.0031260576663618834,0.007252984772180282,0.0031282001964500314,58.445048879695285,0.012388269667784835,-0.2999999999999998,0.0,0
2013-12-20,-0.002130357383653525,1.0047407242206952,0.003094477322776978,-0.001037915935960032,0.0060679293826058625,57.215562668094584,0.012388269667784835,-0.2999999999999998,0.0,1
2013-12-23,0.0016551279110086359,1.0033860692757204,0.0033907242196528106,-0.0020517732910101394,0.0030481247256905625,64.52401937501111,0.012388269667784835,-0.2999999999999998,0.0,1
2013-12-24,0.001575525340701489,1.0018324936981315,0.0033634246084836795,-0.0029317712489647096,0.0031269507548763323,62.355433490646135,0.012388269667784835,-0.2999999999999998,-0.009999999999999995,0
2013-12-25,-0.001313482904186869,1.000108592575685,0.003254591825627693,-0.005992753094761771,0.0031485762575027766,60.47559050178274,0.012388269667784835,-0.2999999999999998,0.0,0
2013-12-26,-0.0009841206748898434,0.9995215366590209,0.0017440737351406335,-0.008529137906464812,0.002438610439460957,49.806327260596404,0.012388269667784835,-0.2999999999999998,0.0,1
2013-12-27,0.0020270442342531503,0.999775094658569,0.0016024930954155353,-0.00397182040453703,0.013841000912335222,48.631039878609705,0.012388269667784835,-0.2999999999999998,0.0,1
2013-12-30,0.003946315486947016,1.0002215537304178,0.002199041481491502,0.0007975465552183536,0.005932964111783238,51.25976316452507,0.012388269667784835,-0.2999999999999998,0.0,1
2013-12-31,0.0043501525592095636,1.000850289561733,0.0026653719386059353,0.0034248942458554588,0.0037175709544861484,55.267366798342806,0.012388269667784835,-0.2999999999999998,-0.009999999999999995,0
2014-01-01,-0.004714574333507526,1.0012059112188127,0.0037922308483112656,-0.0019106367028878246,0.002548980936675473,45.68540236556127,0.012388269667784835,-0.2999999999999998,0.0,1
2014-01-02,0.0015832476011912178,1.0019795108329177,0.0036398667235122265,0.0059747743943168174,0.010312293017021561,51.71724869468503,0.012388269667784835,-0.2999999999999998,0.009999999999999995,0
2014-01-03,-0.007270647165011357,1.001560865355043,0.005272731657878404,0.0007927329409214146,0.005214669530142426,43.41303065209451,0.012388269667784835,-0.2999999999999998,0.0,0
2014-01-06,-0.005166520431224009,0.9997160292218698,0.004950826106692181,-0.006023042167047188,0.005391946345679736,36.05729399018546,0.012589889124119402,0.0,0.0,1
2014-01-07,0.0026446805910098625,0.9975136264074878,0.004412438974113536,-0.004961998185574967,0.0043436471962614775,38.87743465853384,0.012589889124119402,0.0,-0.009999999999999995,0
2014-01-08,-0.0011438244715649137,0.9961764222300625,0.004268156089256066,-0.004792959568454158,0.004702754914731706,43.82738173163388,0.012589889124119402,0.0,0.0,0
2014-01-09,-0.003257329275402232,0.9941120264057992,0.003813666866103934,-0.007057501354444384,0.0057403424758905005,42.660062711117334,0.012589889124119402,0.0,0.0,1
2014-01-10,0.0025854114633814262,0.9937644020068017,0.003483074285874905,-0.006504196376457272,0.008003437741743594,43.88790992235955,0.012589889124119402,-0.2999999999999998,0.0,1
2014-01-13,0.004757820555838288,0.9951174598153016,0.003240050069670525,-0.005701138615174739,0.003324242565336952,47.75717156952311,0.012589889124119402,-0.2999999999999998,0.0,0
2014-01-14,-0.00013671901226097738,0.9960111318066457,0.0031497786144212294,-0.01014310667116114,0.003533291881809089,49.019205635684855,0.012589889124119402,-0.2999999999999998,0.0,0
2014-01-15,-0.00010935528345601409,0.997147406985816,0.0030419236121690357,-0.005563005622328587,0.006652476252307265,50.0,0.012589889124119402,-0.2999999999999998,0.0,0
2014-01-16,-0.005058976329579523,0.9978591650561933,0.0036781199126456198,-0.012157837572162933,0.004400527702172608,42.42942654173282,0.015598820672009017,-0.2999999999999998,0.0,1
2014-01-17,0.0013754443173401576,0.9981568810373382,0.0035360786159652938,-0.0035543106571139793,0.004705242400387057,39.0624414395755,0.015598820672009017,-0.2999999999999998,0.0,0
2014-01-20,-0.006642015448489635,0.996596083654169,0.003509995411156964,-0.005032196835852654,0.004220214288893011,27.75760625096217,0.015598820672009017,-0.2999999999999998,0.0,1
2014-01-21,0.0015851579584174047,0.9953753883131109,0.0038230402027646963,-0.006083607097693178,0.0033482163478301876,33.43379869966232,0.015598820672009017,-0.2999999999999998,0.0,1
2014-01-22,0.0007457490937907707,0.9942209709929601,0.003933429489739963,-0.0042033783037846995,0.0033527547229794652,32.09507121909486,0.015598820672009017,-0.2999999999999998,0.0,0
2014-01-23,-0.0012458866442727201,0.9938440206799578,0.003432646354938992,-0.0021938448147063028,0.011214995557240993,37.473856593661225,0.015598820672009017,-0.2999999999999998,0.0,1
2014-01-24,0.010841758026235437,0.9949111769646091,0.0063382853231145715,0.006023144307182093,0.0051140703466388045,58.125045536392676,0.015598820672009017,-0.2999999999999998,0.0,0
2014-01-27,-8.211981638250876e-05,0.9974896369186438,0.004850576620456632,0.0011771088428078613,0.004353752800620225,55.203971939312666,0.015598820672009017,-0.2999999999999998,0.0,0
2014-01-28,-0.0009708874841733994,0.9998278704190326,0.005082956609301599,0.00034184426726291406,0.004212662571167793,55.441385650653444,0.015598820672009017,-0.2999999999999998,0.0,0
2014-01-29,-0.0014337733074247794,1.0015651201686033,0.005291341710084332,-0.0009831713988786017,0.005968039447272352,58.127447639763446,0.015598820672009017,-0.2999999999999998,0.0,1
2014-01-30,0.00025954450245380123,1.0036706392117059,0.005142328143262527,0.004357136908909931,0.007433108482223589,55.37123269952141,0.015598820672009017,-0.2999999999999998,0.0,0
2014-01-31,-0.0073082138266326035,1.0021544432076668,0.0030942472295790945,-0.004352377670131635,0.0059966127775988596,39.00690479998331,0.015598820672009017,-0.2999999999999998,0.0,0
2014-02-03,-0.005206383972598316,0.9996163169509932,0.0031859328197593713,-0.0029134371393838565,0.002987174918583818,34.40914518450667,0.015598820672009017,-0.2999999999999998,0.0,1
2014-02-04,0.002732020210161945,0.9978098772858879,0.0040648833257910175,-0.0017717259912299888,0.0032831183428030705,38.400874416381036,0.015598820672009017,-0.2999999999999998,0.0,0
2014-02-05,-0.0006758557666679543,0.9961322775774772,0.004114031946655262,-0.003189754663810662,0.0038920623026318345,42.52766818670902,0.015598820672009017,-0.2999999999999998,0.0,1
2014-02-06,0.001421244831957269,0.9944514209119861,0.0043047334540442005,-0.0005278142065824332,0.009530157577085628,42.57952225855372,0.015598820672009017,-0.2999999999999998,0.0,1
2014-02-07,0.004213558108102644,0.9949967667646707,0.0036594578619554784,-0.007081462596600696,0.006349729514450351,56.14093594315738,0.014904580400368683,-0.40000000000000036,-0.010000000000000009,1
2014-02-10,0.002002034221831206,0.9971182092859772,0.0017966642180556052,-0.005011897464945569,0.0023305583589283948,56.617186711097645,0.014904580400368683,-0.10000000000000053,0.010000000000000009,1
2014-02-11,0.0019650354975566664,0.9989868580017297,0.001743956696570427,-0.0020878501071821542,0.0038628727774001983,57.93620229368877,0.014636804816650528,-0.10000000000000053,-0.010000000000000009,0
2014-02-12,-0.0005182935884645579,1.0009067974512613,0.001688924275303201,-0.0011729700420343159,0.006746030393365339,58.99359950018942,0.014636804816650528,-0.10000000000000053,0.010000000000000009,0
2014-02-13,-0.003587808217058841,1.0017500027832353,0.0029767524690460386,-0.00501481280289795,0.007708111736304931,38.75810072659422,0.014636804816650528,-0.10000000000000053,-0.010000000000000009,1
2014-02-14,0.006524798955246158,1.0028007363933673,0.0037224957784839025,0.008850158182037715,0.0030083884537144795,49.13078441736804,0.014636804816650528,-0.10000000000000053,0.0,1
2014-02-17,0.0015481173954745575,1.0033504580759676,0.003705895992991831,0.015700101390190957,0.0024282248376441156,52.36093244368081,0.014636804816650528,-0.10000000000000053,0.0,1
2014-02-18,0.0003289145662688231,1.0036349486906522,0.0036921603430397684,0.013265916985027548,0.0053130071817236516,54.74559541231246,0.014688708379830162,-0.10000000000000053,0.010000000000000009,1
2014-02-19,0.004197413981022802,1.0046927219588655,0.0038512110883447185,0.01820717470215949,0.0022775584310287776,58.99760960143424,0.014688708379830162,-0.10000000000000053,0.0,0
2014-02-20,-0.0022929771889005357,1.0060579631089794,0.003417237603934326,0.014430694495062735,0.005379622290816849,66.95316768080176,0.016154984039654208,-0.10000000000000053,0.0,0
2014-02-21,-0.0006723442597089679,1.0065616939034627,0.002444360681164728,0.009495081654351978,0.0038757915286183994,76.18779659745277,0.016154984039654208,-0.10000000000000053,0.0,1
2014-02-24,0.001222658406721422,1.0069346762854674,0.0024177156037616526,0.008709877607610883,0.004287224890704271,75.06257857399426,0.016154984039654208,-0.10000000000000053,0.0,0
2014-02-25,-0.0001373626612015677,1.0071716740995873,0.002437610495676717,0.006593326915449893,0.0033709244961339204,76.36660033631487,0.016154984039654208,-0.10000000000000053,0.0,1
2014-02-26,0.0007285647274868357,1.0066027466131442,0.0013683189831923761,0.007849057012753846,0.006707628533394617,75.83404369606595,0.016154984039654208,-0.10000000000000053,0.0,0
2014-02-27,-0.004665576855533593,1.0058061947429495,0.002333474992300484,0.006758917695990796,0.00372894171261045,60.81014387126764,0.016154984039654208,-0.10000000000000053,0.0,1
2014-02-28,0.001864209469671696,1.0050573757563168,0.002602518924208857,0.0020972441523359198,0.009345882172050329,60.64856299070806,0.016154984039654208,-0.10000000000000053,-0.010000000000000009,1
2014-03-03,0.005069900832680663,1.0045661350105937,0.0035306103019434277,0.005620958505774265,0.00334872263809533,64.3324227910645,0.016154984039654208,-0.10000000000000053,0.010000000000000009,0
2014-03-04,-0.0028985171166356904,1.0038014483952198,0.003869012896963813,0.002376452728510392,0.004119601029067173,60.0123755441707,0.016154984039654208,-0.10000000000000053,0.0,1
2014-03-05,0.00030234011596874666,1.002903708132422,0.003854157487583567,-0.0015115580048473687,0.0025593111088555234,66.99175698939725,0.009292434592086618,-0.10000000000000053,0.009999999999999995,0
2014-03-06,-0.0005082012296422356,1.0029375981818869,0.0029579081021159875,0.00027461581785370726,0.009269015938794584,57.63643411871378,0.009292434592086618,-0.10000000000000053,0.0,1
2014-03-07,0.00938532456007568,1.0042166119606462,0.004918611206455545,0.010341815256340814,0.004404257867758929,67.33390583162978,0.009292434592086618,0.0,0.0,1
2014-03-10,0.0011242388879511012,1.0047501487355437,0.004667224980230541,0.010242499330541444,0.00251273913388921,68.08528541906423,0.009292434592086618,0.10000000000000053,0.0,1
2014-03-11,1.382891230461425e-05,1.0059640713468434,0.0041354506781101155,0.010395260467314094,0.003005986032476365,63.773380304639254,0.009292434592086618,0.10000000000000053,0.0,0
2014-03-12,-0.0014966799044461299,1.0068635200629756,0.004396980041397767,0.008148520733150866,0.004366275438363026,65.43630158309216,0.009292434592086618,0.10000000000000053,0.0,1
2014-03-13,0.003350964571130266,1.0081886403999505,0.004247824678299054,0.016268268420722043,0.0047812210700888536,70.33721474531043,0.009292434592086618,0.10000000000000053,0.0,0
2014-03-14,-0.0028146515516248583,1.0075390913539954,0.0023795517667898457,0.011522138213304611,0.006015147617567192,63.46715916993379,0.009292434592086618,0.10000000000000053,0.0,1
2014-03-17,0.0034365516833436693,1.0072589658181543,0.0028267172968657432,0.009878303468460192,0.004805970847495443,67.0527853847709,0.009292434592086618,0.10000000000000053,0.0,1
2014-03-18,0.0009748004195317961,1.0071400646233633,0.0028182237839517498,0.013801253548634707,0.003982115447365475,67.27696723817695,0.010306310950723985,0.10000000000000053,0.0,1
2014-03-19,0.00030652727621971465,1.007578434135956,0.002573130470020784,0.013805497213915663,0.002294014281111734,76.90652413693574,0.010306310950723985,0.10000000000000053,0.0,0
2014-03-20,-0.008015187319255879,1.0060187134614602,0.004403077436726614,0.006191003753817315,0.0066132126749605495,60.183660434580474,0.010306310950723985,0.10000000000000053,0.0,0
2014-03-21,-0.002687450630365684,1.0045904105518166,0.004391931065180225,-0.005843565692948305,0.0031265663862326248,50.49646437945994,0.010306310950723985,0.10000000000000053,0.0,1
2014-03-24,0.0009793927903094524,1.00268019356476,0.0038475911174325095,-0.005987403664661772,0.004459597904285376,55.97608689304797,0.010306310950723985,0.10000000000000053,0.009999999999999995,1
2014-03-25,0.003141567195803052,1.0010379687938393,0.004316037797514204,-0.0028784354064733675,0.005310138993071193,59.2364709593115,0.010306310950723985,0.10000000000000053,0.0,0
2014-03-26,-0.0014372563727698129,0.9991554916547719,0.004227863456877862,-0.002819094106663589,0.0030203828613264445,57.825933004462414,0.010306310950723985,0.10000000000000053,-0.009999999999999995,0
2014-03-27,-0.0026736853855411358,0.9982565750650438,0.002541240648874064,-0.008806695767117345,0.00387484219908842,41.00044497181845,0.010306310950723985,0.10000000000000053,0.0,0
2014-03-28,-0.0029543530995147504,0.9975453519334134,0.002599871861006893,-0.008945557854366126,0.004569323616743134,35.55241148522204,0.010306310950723985,0.10000000000000053,0.0,1
2014-03-31,0.0007838058680729176,0.9970065211457381,0.0025716957425340166,-0.011565569572791978,0.004900519446566282,36.95583890377612,0.010306310950723985,0.10000000000000053,-0.020000000000000004,1
2014-04-01,0.0016667643308965197,0.9959458837682215,0.0020661449547821095,-0.010882274694320127,0.0030105530320495644,41.49070022550091,0.010306310950723985,0.10000000000000053,0.020000000000000004,1
2014-04-02,0.0014346598874703798,0.9954027223780317,0.0022759626271585233,-0.00976676066751292,0.0046976606322368004,38.10701566675454,0.010306310950723985,0.10000000000000053,0.009999999999999995,0
2014-04-03,-0.0019275090671996287,0.9950800125432556,0.002103303491316739,-0.003689831587059711,0.007246988538588915,39.172549009189474,0.010306310950723985,0.10000000000000053,-0.009999999999999995,0
2014-04-04,-0.003225126356916297,0.9953274340360339,0.0021935229614992065,-0.0042269669053808245,0.003913180042069508,28.76150361131107,0.012176121201687318,0.10000000000000053,0.0,0
2014-04-07,-0.001438886290718755,0.9952606965419454,0.0021556507834244397,-0.006632667874580611,0.0037242261550750966,25.364830089079504,0.012176121201687318,0.0,0.009999999999999995,1
2014-04-08,0.002844862358993172,0.9952867320940749,0.0025134412418933417,-0.006926481730778811,0.00505962823485939,30.692307315231943,0.012176121201687318,0.0,-0.009999999999999995,1
2014-04-09,0.003655110827370134,0.9954982122848228,0.003067512255687821,-0.0018621079154769182,0.003386152881777718,46.94981344853704,0.012176121201687318,0.0,0.0,1
2014-04-10,0.0044752011835460515,0.996934045323217,0.00339065568710273,0.005292596082861367,0.004467222614471289,58.1131645173523,0.012176121201687318,0.0,0.0,1
2014-04-11,0.002263467359763016,0.99921298329683,0.002281848767867948,0.01055357514807076,0.002915937439076034,59.71393666104708,0.012176121201687318,0.0,0.009999999999999995,0
2014-04-14,-0.002893874968977306,1.0015140753617857,0.0028972167503193325,0.006839992357918545,0.0038203083573345605,50.78408463543339,0.012176121201687318,0.0,0.0,0
2014-04-15,-0.0021001235381979955,1.0029848249368711,0.0033713517251713837,0.0030536499450644072,0.0028733534771770114,49.79843532430384,0.014203322716708211,0.0,0.010000000000000009,0
2014-04-16,-0.00037297342907272046,1.0036879202730706,0.0030699568480724625,0.0012430942807293288,0.0034183431056379874,53.38352156168347,0.014203322716708211,0.0,-0.010000000000000009,1
2014-04-17,0.0010923231415682633,1.0032538420186532,0.002146603396766348,0.0042725196705519775,0.003009663529635517,60.29910709168644,0.014203322716708211,0.0,0.0,0
2014-04-18,-0.0010772507319830593,1.0020682919838195,0.0015450900998819346,0.006436551412149827,0.000981316493470491,57.143505697553,0.014203322716708211,0.0,0.010000000000000009,1
2014-04-21,0.00022094724918941822,1.0015477331200668,0.0012197522032901661,0.00810947570380205,0.003009396122334938,55.01602315912368,0.014203322716708211,0.0,0.0,0
2014-04-22,-0.0014622441417905252,1.001386543545648,0.0010208130324236937,0.003779758277627332,0.0027549906715208746,50.02380017374127,0.014203322716708211,0.0,0.0,1
2014-04-23,0.0010909870213591244,1.0013914459519908,0.0011965794424987754,0.0012153160240826466,0.003932336704010414,55.37445014887334,0.014203322716708211,0.0,0.0,1
2014-04-24,0.0006632877891254996,1.0011430586390857,0.001108373511829479,-0.0025842263333136772,0.0036071049659350063,63.47701313967941,0.014203322716708211,0.0,0.0,1
2014-04-25,0.0009268141995457668,1.0011021406708014,0.0010321777077236514,-0.003914414441869685,0.001467705775926402,68.43774264256217,0.014203322716708211,0.0,-0.010000000000000009,1
2014-04-28,0.0006228484816570568,1.0011496747877744,0.001041263561104505,-0.000401290362462281,0.004543438322809695,65.41008852023239,0.014203322716708211,0.0,0.0,1
2014-04-29,0.0008865350544384754,1.0017061433888097,0.00019433253351384613,0.0025904527429809754,0.005168121646759742,60.69760079403108,0.014203322716708211,0.0,0.010000000000000009,0
2014-04-30,-0.002831766139333003,1.0016902195791921,0.0016184394195895928,0.00012437086338490388,0.0065439762452713015,41.93046958626147,0.014203322716708211,0.0,-0.010000000000000009,1
2014-05-01,0.004022090213152474,1.0020482545159255,0.002428921893455434,0.003051305154569306,0.0019481943274419064,46.943062465450524,0.014203322716708211,0.0,0.0,1
2014-05-02,0.00012480270729042786,1.0020784267968714,0.0024387495665706836,0.004258326690531167,0.004145476702749227,55.1214319507964,0.014203322716708211,-0.40000000000000036,0.0,1
2014-05-05,0.00012487307507047518,1.0019311994611118,0.002445949182623392,0.004161864714200547,0.0015880015825020099,62.95479296779499,0.014203322716708211,-0.40000000000000036,0.0,1
2014-05-06,0.0002358801051931536,1.0017833780481011,0.002435220875314025,0.005869553382318982,0.005636763464095787,65.0503940715495,0.017949327170226903,-0.40000000000000036,0.0,1
2014-05-07,0.003942349548922364,1.0029766561872735,0.0020931825516133148,0.0087345264859775,0.001816547836872156,70.5387308802752,0.017949327170226903,-0.40000000000000036,-0.009999999999999995,0
2014-05-08,-0.0013632666096292656,1.0033845671212698,0.0019754127424194356,0.006691626125015171,0.010013563872609451,69.41175376517579,0.017949327170226903,-0.40000000000000036,0.0,0
2014-05-09,-0.004845599016484292,1.0031515016824786,0.0031711706004408416,0.0008859668453624625,0.006475007411682154,54.53204039382868,0.017949327170226903,-0.40000000000000036,0.0,0
2014-05-12,-0.006040940728672339,1.0018421277522638,0.004012448749447025,-0.005779574638878904,0.00187208699235667,45.528003698865206,0.017949327170226903,-0.40000000000000036,0.0,0
2014-05-13,-0.00028882637818217205,1.0003364251259765,0.003958459747533233,-0.0069471079231882005,0.0053853865529375254,42.84564015720357,0.017949327170226903,-0.40000000000000036,0.009999999999999995,0
2014-05-14,-0.0034274029147309815,0.9975088770670447,0.0023811206983647064,-0.0075402864886005005,0.002232186916242166,36.65779293465337,0.017949327170226903,-0.40000000000000036,-0.009999999999999995,1
2014-05-15,0.0007683223712326992,0.9951227128435336,0.0029204127483601254,-0.010756583751082904,0.005823680272949932,36.30536844253929,0.020601766853143744,-0.40000000000000036,0.009999999999999995,0
2014-05-16,-0.0002605737644880701,0.9936177984621716,0.002822735152072014,-0.011137767315826164,0.0030545223460914784,34.62483244858312,0.020601766853143744,-0.40000000000000036,0.0,0
2014-05-19,-0.0009592204840895846,0.9931902934621937,0.0015759827646334046,-0.012209652643558555,0.002411358290052153,31.51664771421669,0.020601766853143744,-0.40000000000000036,0.0,1
2014-05-20,0.0007679739884043357,0.9928619636705863,0.0017305819768704475,-0.011684179390521354,0.0024409751417962208,36.72229497696335,0.020601766853143744,-0.40000000000000036,0.0,0
2014-05-21,-0.0007126211392914916,0.99316413040084,0.0008131040474757041,-0.01626669468903641,0.0049329273071730215,24.986821106449355,0.020601766853143744,-0.40000000000000036,0.0,0
2014-05-22,-0.001628158291746451,0.9931037648782364,0.000891177924822865,-0.01652763318777739,0.0028876647694965293,23.027091695754578,0.020601766853143744,-0.40000000000000036,0.0,0
2014-05-23,-0.0019935359943902276,0.9928439368024677,0.0010661449145942276,-0.013709050294646086,0.0028459394944079096,21.003643275780135,0.020601766853143744,-0.40000000000000036,0.0,0
2014-05-26,-0.0018807925188057961,0.9925255199156583,0.0011538874458948778,-0.00958099643714383,0.0028802543167733945,19.00235612113093,0.020601766853143744,-0.40000000000000036,0.0,1
2014-05-27,0.0016518449625637643,0.9923438470496923,0.001519392357427055,-0.007658363354449249,0.004024169291928538,11.888018631035237,0.020601766853143744,-0.40000000000000036,0.0,0
2014-05-28,-0.001050075640375847,0.9920058592644615,0.0015157761992126094,-0.0052911290504201736,0.0034555612463482988,12.040996514439712,0.020601766853143744,-0.40000000000000036,0.0,0
2014-05-29,-0.00319444914306366,0.9917157957438477,0.001815411995911642,-0.009229906778193464,0.002737878878764057,12.890563003248289,0.020601766853143744,-0.40000000000000036,0.0,1
2014-05-30,0.0008161895811868991,0.9919501262576751,0.001972571827246259,-0.00816280379878076,0.003793540212551463,20.59240897415171,0.020601766853143744,-0.40000000000000036,-0.009999999999999995,1
2014-06-02,0.0017307649337841013,0.9928235754278949,0.0021033931210189855,-0.005492214520154137,0.0031261243065218327,27.439335513713814,0.020601766853143744,0.0,0.009999999999999995,0
2014-06-03,-0.00213496323099438,0.9930629135639539,0.002036497131066569,-0.00837699275096182,0.003780098249944774,29.294909290622755,0.020601766853143744,0.0,0.010000000000000009,1
2014-06-04,0.00162084357500758,0.9939525690290392,0.0022793392880069287,-0.0060614253313663324,0.002666344597864719,32.216804859360224,0.020601766853143744,0.0,-0.010000000000000009,0
2014-06-05,-0.0012379519574868825,0.9952269500375782,0.001750219405132552,-0.0056729517071133495,0.009638025286573721,30.74968233799237,0.020601766853143744,0.0,0.0,1
2014-06-06,0.0042488664329649595,0.9967312151454897,0.002558890768920414,0.0005464364468832361,0.0039542870525501,43.85063499262955,0.019078552911387936,0.0,0.0,0
2014-06-09,-0.0013915656011754818,0.9973783735677202,0.0026675241987619103,0.001036853067843957,0.006284751879173666,39.720317425206,0.019078552911387936,0.0,0.0,0
2014-06-10,-0.0036835954310030505,0.9978852850545904,0.003069142135422331,-0.004295311484308284,0.004789356035518237,35.54798058690885,0.019078552911387936,0.0,0.0,0
2014-06-11,-0.0038049991019408758,0.9973283687947754,0.0032664633160868774,-0.007041285171568656,0.0026567521631780033,33.02773913943142,0.019078552911387936,0.0,0.1,0
2014-06-12,-0.0002842684318014044,0.9970141950086074,0.0032895467992317914,-0.004142335324741175,0.0036255631837008077,35.00464507089444,0.019078552911387936,0.0,0.0,1
2014-06-13,0.0012876292747825424,0.9960302949809728,0.00219734797901127,-0.0036732313702020347,0.004234424985983312,40.30816717695965,0.019078552911387936,0.0,0.010000000000000009,0
2014-06-16,-0.0012183415234765516,0.9950941624963087,0.0022023301869646965,-0.006606428402542441,0.004982071095358244,34.97970615011127,0.019078552911387936,0.0,0.0,1
2014-06-17,0.002891906518562637,0.9953659285821087,0.0025401665978116795,-0.0016020842172438376,0.003563148916831528,42.560555685724374,0.02265443361759223,0.0,0.0,0
2014-06-18,-0.0021542028158902937,0.9960395851692299,0.0020107348762903863,-0.005364983594620454,0.003004532668287398,44.13229138795858,0.02265443361759223,0.0,0.0,1
2014-06-19,0.003153061079933517,0.9971605160393816,0.002395383542395105,-0.0009921148687104253,0.004379657569037871,48.346261459020496,0.02265443361759223,0.0,0.0,1
2014-06-20,0.0015244727433834093,0.9981543862300633,0.002409932222067568,-0.003702290472653247,0.005047800222857805,47.99551122765633,0.02265443361759223,0.0,0.0,0
2014-06-23,-0.0013456771882887075,0.9990949974399711,0.0024376272905140706,-0.0036565082430245477,0.0028745878818993223,49.270881701217256,0.02265443361759223,0.0,0.0,1
2014-06-24,0.0006529167972646466,0.9996405885676367,0.002149031803742726,0.0006801218834544542,0.0033947925013604148,47.56901731013975,0.02265443361759223,0.0,0.0,1
2014-06-25,0.0002857112057423894,1.0006068816539904,0.0016535705188074322,0.00478924960000815,0.0037488446677028187,50.21957379438595,0.02265443361759223,0.0,0.0,1
2014-06-26,0.0017036140818196266,1.0010400752169264,0.0012199841950028783,0.006787220539228089,0.00477003631735178,45.221914967162114,0.02265443361759223,0.0,0.0,0
2014-06-27,-0.0011707515560237525,1.0010332423247625,0.0012834107564104955,0.00431533700515585,0.0021492293581420177,45.626131263143584,0.02265443361759223,0.0,0.0,1
2014-06-30,0.002305892004180299,1.0017287638723869,0.0013457623822368996,0.007859096297264223,0.004075303251663016,58.0110884715332,0.02265443361759223,0.0,-0.010000000000000009,1
2014-07-01,0.003601416557761805,1.002727995063567,0.001843531371518613,0.00857212044500466,0.0015610697140548942,73.81663795316786,0.02265443361759223,0.0,0.010000000000000009,0
2014-07-02,-0.0009302694046615656,1.0036104193255522,0.0020829004511121415,0.009809210503739285,0.00280438597461954,71.82372449349032,0.02265443361759223,0.0,0.0,0
2014-07-03,-0.0020342777455713,1.0037831067843321,0.0024512079516551327,0.004587452501665812,0.004808886573718958,64.49278414195868,0.02265443361759223,-0.20000000000000018,-0.010000000000000009,0
2014-07-04,-0.0031439025866057957,1.0039309369303084,0.002879542419745082,-9.52002019960485e-05,0.0019718040430391427,59.84004272474453,0.01776821897108327,-0.20000000000000018,0.0,0
2014-07-07,-0.0015899159110361882,1.003308693376385,0.0025994636967421204,-0.0003397447511891416,0.002184878343377077,51.61427125229145,0.01776821897108327,-0.20000000000000018,0.010000000000000009,1
2014-07-08,0.00130618966691598,1.001973937946822,0.0016545234873857244,0.0003128800627303363,0.0020782931519184897,58.64097104821996,0.01776821897108327,-0.20000000000000018,-0.010000000000000009,1
2014-07-09,0.0008034209435980877,1.0007568816737913,0.001907980673703437,0.0008306038621501699,0.002875461256954583,54.334549089744684,0.01776821897108327,-0.20000000000000018,0.0,1
2014-07-10,0.0018963722142164574,1.0002199948811652,0.002136226308136003,0.0010231940009237661,0.004434260050111298,55.08557250618365,0.01776821897108327,-0.20000000000000018,0.0,0
2014-07-11,-0.002775388231490594,0.9999608984199713,0.0020095170011216208,-0.0005849672864925992,0.0022870887870964102,51.82178189202275,0.01776821897108327,-0.20000000000000018,0.0,0
2014-07-14,-9.533187496590934e-05,0.9999448332426948,0.0018304335516066846,-0.002979265535035025,0.00302970449383675,50.28679203417096,0.01776821897108327,-0.20000000000000018,0.0,1
2014-07-15,0.0013213661729207793,1.000009843654449,0.0018326815919929877,-0.0052443654759143365,0.0048279681900886455,52.368685866545725,0.01776821897108327,-0.20000000000000018,0.0,0
2014-07-16,-0.0036509059047658,0.9992591915529395,0.0024596790125236234,-0.00795325395996227,0.0033612544888970476,42.15232940774653,0.01776821897108327,-0.20000000000000018,0.0,0
2014-07-17,-0.003098277695237628,0.9978225353173015,0.0021571491677649583,-0.009010943281664296,0.001566640918694235,39.325402053390604,0.01776821897108327,-0.20000000000000018,0.0,0
2014-07-18,-0.0008246869691793668,0.996894318428101,0.002079942238587546,-0.006705377510432764,0.003231631756231548,32.972221773346476,0.01776821897108327,-0.20000000000000018,0.0,1
2014-07-21,0.000987883938142975,0.9960649091856923,0.002279650451492122,-0.004140785296422367,0.00254933135440595,25.770856523155217,0.01776821897108327,-0.20000000000000018,0.010000000000000009,0
2014-07-22,-0.00037880109277943497,0.9949467300365282,0.0019381884928291223,-0.005816609926340255,0.005076271861580513,26.37366259967547,0.020386874098495822,-0.20000000000000018,-0.010000000000000009,0
2014-07-23,-0.004363679689906919,0.9939211183619251,0.0021593719288482897,-0.010949531654192102,0.0014243496160487345,24.066702096724057,0.020386874098495822,-0.20000000000000018,0.0,0
2014-07-24,-0.00037697644884115977,0.9935418258304729,0.0020043965464252517,-0.01319373237421384,0.0032638159427403075,26.923752865203625,0.020386874098495822,-0.20000000000000018,0.0,1
2014-07-25,0.0001346788944358579,0.9932881056942933,0.0020691980366522853,-0.010314067707711816,0.0035646588549851483,29.315555697322978,0.020386874098495822,-0.20000000000000018,0.0,0
2014-07-28,-0.002658952372942114,0.9925555114712084,0.001918993501789609,-0.012851488747400275,0.0013901443735060497,22.047708933392485,0.020386874098495822,-0.20000000000000018,0.0,1
2014-07-29,0.0007526841726026579,0.9921892210241677,0.0021422326625896663,-0.013412121536187982,0.002532665998196123,21.84464006333529,0.020386874098495822,-0.20000000000000018,0.0,0
2014-07-30,-0.0020787695316519805,0.9923369562105994,0.0014615078578164471,-0.011855387357175395,0.003597758269932936,13.587339155444369,0.020386874098495822,-0.20000000000000018,0.0,0
2014-07-31,-0.0011252383431521462,0.9922902723171411,0.0014396900902230155,-0.009899679825857155,0.0022181283538668457,14.634323421693736,0.020386874098495822,-0.20000000000000018,-0.009999999999999995,0
2014-08-01,-0.0004552653718359334,0.9919913531511563,0.0013450112935451328,-0.00953361349391435,0.004957761937329587,14.40036197370928,0.020386874098495822,0.10000000000000053,0.009999999999999995,1
2014-08-04,0.002914010558491942,0.9925767354570852,0.001926959433693863,-0.00762773260941807,0.0015494872311333397,20.004896069791258,0.020386874098495822,0.10000000000000053,0.0,0
2014-08-05,-0.0005099859148015584,0.9930021327532997,0.001886208101632834,-0.0077579661212918705,0.004811589950042951,23.085121409402007,0.018751232223831904,0.10000000000000053,0.0,0
2014-08-06,-0.0037041471242545976,0.9933285224224571,0.002360406507278,-0.0071006820096111145,0.003062161613312549,22.46660251683933,0.018751232223831904,0.10000000000000053,0.0,1
2014-08-07,0.0007896543688710178,0.9940923648097282,0.002403983227647254,-0.005941898232164622,0.004004837159188001,26.211278129578687,0.018751232223831904,0.10000000000000053,0.0,0
2014-08-08,-0.0018435077812846146,0.9945331137313467,0.0025192302171198507,-0.007908065922682894,0.006364959063793089,20.71398170677844,0.018751232223831904,0.10000000000000053,0.0,1
2014-08-11,0.0035121323665896487,0.9949138079579517,0.0027258638795943724,-0.0017694602680138338,0.0020880235309936324,32.01048889514624,0.018751232223831904,0.10000000000000053,0.0,0
2014-08-12,-0.0015124831437453023,0.9952369174807143,0.0027768579143750798,-0.004028918802117865,0.0035558184679191696,36.146374035182546,0.018751232223831904,0.10000000000000053,0.0,0
2014-08-13,-0.001403446146962306,0.9959064245704964,0.0022678473440577492,-0.0033549151422378465,0.005222202937876004,34.56657329314598,0.018751232223831904,0.10000000000000053,0.0,1
2014-08-14,0.00013369224811499159,0.9962835911511656,0.002222650901729079,-0.0020987947214133884,0.004293631686695084,34.56110141820518,0.018751232223831904,0.10000000000000053,0.0,0
2014-08-15,-0.0002940122885900509,0.9969435123165107,0.0020407509737170007,-0.0019378067830537749,0.0037800209089319673,38.470781872109605,0.018751232223831904,0.10000000000000053,0.0,1
2014-08-18,0.001981799238572446,0.997250681543166,0.001418586198608973,-0.0028655083254646163,0.003442972091307755,41.85084032773381,0.018751232223831904,0.10000000000000053,0.0,0
2014-08-19,-0.002191273596096832,0.9975129954482761,0.001594859689702869,-0.004542833675214575,0.0034538343306903395,41.65446151396959,0.01967700734619693,0.10000000000000053,0.0,0
2014-08-20,-0.002930731577446055,0.9973974712645294,0.0019521794406581665,-0.0037700691932635033,0.0034134283048963,38.55641391200557,0.01967700734619693,0.10000000000000053,0.0,0
2014-08-21,-0.004614651541013481,0.9965466895996203,0.002536877359441578,-0.009149752405574585,0.0036248713895235445,32.92230648971541,0.01967700734619693,0.10000000000000053,0.0,1
2014-08-22,0.0014208395494126336,0.9959717127553869,0.0028551809498397656,-0.005909299244100885,0.0055733151637729125,29.15006794539117,0.01967700734619693,0.10000000000000053,0.0,0
2014-08-25,-0.006071451975894759,0.9939600218338192,0.002835863530319776,-0.015402908506508273,0.0018331128497905097,24.17841345955108,0.01967700734619693,0.10000000000000053,0.0,0
2014-08-26,-0.0007385378287710909,0.9923121080831458,0.0029937651022651935,-0.014639729905640109,0.0023772336560101957,26.639966478004226,0.01967700734619693,0.10000000000000053,0.0,0
2014-08-27,-0.0014223089924708665,0.9909328494653078,0.0030262816462213417,-0.01465834272627653,0.004072243537361273,23.46035560684564,0.01967700734619693,0.10000000000000053,0.0,1
2014-08-28,0.0015697009874398038,0.9906508819887008,0.003099131748307319,-0.01324357263900422,0.004282936233304348,28.906747581565824,0.01967700734619693,0.10000000000000053,0.0,0
2014-08-29,-0.0004483382565290128,0.989996096340575,0.0028276675955997287,-0.013395899565765035,0.00398233508990904,19.051815120700923,0.01967700734619693,0.10000000000000053,-0.01999999999999999,0
2014-09-01,-0.0043322337594351445,0.9900510607088863,0.0021348623018653443,-0.01961302930888531,0.002036607909117961,17.264013747332044,0.01967700734619693,0.0,0.0,1
2014-09-02,0.0003151893192683275,0.9902741816573561,0.0022263488139562583,-0.0171503292745806,0.0019426465381857134,19.027645496805278,0.01967700734619693,0.0,0.01999999999999999,0
2014-09-03,0.0,0.9905949030899545,0.002227979326841382,-0.014261394014912332,0.0028134786989714865,18.643036626984,0.01967700734619693,0.0,0.0,1
2014-09-04,0.0014466362258189758,0.9908594274916249,0.0021987946223095884,-0.008258849007592328,0.017550025217923836,22.780340375229258,0.01967700734619693,0.0,0.0,0
2014-09-05,-0.01659279561443805,0.9886429459309987,0.00746383849183857,-0.026098365188414907,0.004751498946379904,10.745964691304508,0.01876878805786064,-0.10000000000000053,0.0,1
2014-09-08,0.0015932656803014922,0.9876930880459317,0.00782630338999501,-0.018588085832239698,0.002088059052065917,14.497570210637107,0.01876878805786064,-0.10000000000000053,0.0,0
2014-09-09,-0.004808361291918528,0.9858904855890201,0.007675371643726131,-0.022585211095745517,0.004951624883112579,13.936331762879405,0.01876878805786064,-0.10000000000000053,0.0,1
2014-09-10,0.003947354793272018,0.9845933086238849,0.008323189931491165,-0.01732934683711862,0.004937866773023743,22.859551646029928,0.01876878805786064,-0.10000000000000053,0.1,0
2014-09-11,-0.0019246516606165054,0.9827241811227742,0.008015656724799739,-0.02075776304785426,0.004064097884614763,19.44765600651472,0.01876878805786064,-0.10000000000000053,0.0,1
2014-09-12,0.0005039861604532181,0.9842320231932528,0.003357973686554566,-0.01982478846726754,0.003636354915323903,23.481086397510808,0.01876878805786064,-0.10000000000000053,0.0,1
2014-09-15,0.002825273063301159,0.9859498895233365,0.003556096936986154,-0.012778652193807583,0.004367392235164585,29.022212995640444,0.01876878805786064,-0.10000000000000053,0.0,0
2014-09-16,-0.00156562379130043,0.9882808782506531,0.0026031696890892,-0.014634845995334045,0.00417266868386035,28.94094573981259,0.01876878805786064,-0.10000000000000053,0.0,1
2014-09-17,0.0014903243613539896,0.9899144309659738,0.0020161402779929416,-0.013166332301491446,0.0030174242868159203,28.760090445345014,0.016709060233121686,-0.10000000000000053,0.0,0
2014-09-18,-0.008416812614934543,0.9904435659124995,0.004427757311395346,-0.022885855083414897,0.005970946520680304,24.187354851985774,0.016709060233121686,-0.10000000000000053,0.0,1
2014-09-19,0.005452270231552703,0.9917548640586381,0.005320131336800641,-0.0009818609214099494,0.007550837851715263,34.30145840238649,0.016709060233121686,-0.10000000000000053,0.0,0
2014-09-22,-0.006086840586503106,0.9912926999257752,0.005604297275991389,-0.008642221402545447,0.0038528002495320113,30.268430622365926,0.016709060233121686,-0.10000000000000053,0.0,1
2014-09-23,0.0007839649689733719,0.9912208409052997,0.005728644729188606,-0.003071438928541892,0.004155609005427337,31.209030271278692,0.016709060233121686,-0.10000000000000053,0.0,1
2014-09-24,0.00019275347127845066,0.990808815149008,0.005595340184437617,-0.006799791093086038,0.006877134903652967,29.65188643186859,0.016709060233121686,-0.10000000000000053,0.0,0
2014-09-25,-0.005903444484343767,0.991276794608306,0.004901369380814917,-0.010759149342238539,0.006225188410185881,36.83555862180918,0.016709060233121686,-0.10000000000000053,0.0,0
2014-09-26,-0.0016456708361659578,0.9903963724401024,0.0032866781836499567,-0.012884606657125208,0.006190315597231127,33.30420236224464,0.016709060233121686,-0.10000000000000053,0.0,0
2014-09-29,-0.006577368011809304,0.9895341083757,0.0034237826622550665,-0.022139949529535574,0.0039021706882678836,32.1227269349167,0.016709060233121686,-0.10000000000000053,-0.009999999999999995,1
2014-09-30,0.0013960108761108536,0.9887350963414144,0.003583565962884985,-0.019239344047233486,0.010093043794448671,28.21339113779787,0.016709060233121686,-0.10000000000000053,-0.009999999999999995,0
2014-10-01,-0.004925019117783647,0.9871634945661748,0.00334223137949745,-0.025521897483557154,0.004295687056941783,26.485762274152677,0.016709060233121686,-0.10000000000000053,0.01999999999999999,0
2014-10-02,-0.00032822273759469667,0.9867915497046771,0.003282369894077911,-0.017572838023916626,0.0058935183668196766,25.523711504987133,0.016709060233121686,-0.10000000000000053,0.0,1
2014-10-03,0.003674430985863175,0.986451808612898,0.0042992914702051814,-0.0193099643065896,0.013286008054868771,26.707065359176212,0.016709060233121686,-0.2999999999999998,0.0,0
2014-10-06,-0.012388545102382187,0.985654126996376,0.006357714588639007,-0.025527830292239262,0.0062481572423056676,21.89213455584401,0.016709060233121686,-0.1999999999999993,0.0,1
2014-10-07,0.010584847828106092,0.9858979359311169,0.008675998034451484,-0.0159846242466799,0.00629507914850712,32.03738440510445,0.016709060233121686,-0.1999999999999993,0.0,1
2014-10-08,0.0017354358658883129,0.9875750730139708,0.008366405696009003,-0.014466893598330977,0.00524989140556952,38.395725176914134,0.016709060233121686,-0.1999999999999993,0.0,1
2014-10-09,0.005925642363346029,0.9901088403674844,0.008645380032937163,-0.0027397060910251403,0.0090403198752889,38.786380122144465,0.016709060233121686,-0.1999999999999993,-0.009999999999999995,0
2014-10-10,-0.00423820538452746,0.9913081781613694,0.008959325690818776,-0.005329399639841248,0.008315388777212648,40.036143188147285,0.016709060233121686,-0.1999999999999993,0.009999999999999995,0
2014-10-13,-0.0038803644483684785,0.9945338860459954,0.006377125585271216,-0.002629008016738932,0.0051390839453187885,36.832261193686705,0.016709060233121686,-0.1999999999999993,0.0,1
2014-10-14,0.006654495962815199,0.9965996066674034,0.005190046534235737,0.0026083410742236968,0.007170579039997227,42.65676734300376,0.016709060233121686,-0.1999999999999993,0.0,0
2014-10-15,-0.006673371673982964,0.99739771324452,0.0062444103386161106,0.0008467523601451976,0.01695769235340045,42.226134986824405,0.016709060233121686,-0.1999999999999993,0.0,1
2014-10-16,0.014450049262496156,0.9987446289063323,0.008981508081875797,0.015642394162988182,0.010428436707941014,53.05921320003252,0.016709060233121686,-0.1999999999999993,0.0,0
2014-10-17,-0.0013445100320381709,1.0010136815193502,0.008624585159133126,0.01056360654599442,0.00690327740191209,56.63485522177638,0.014879438505302378,-0.1999999999999993,0.0,0
2014-10-20,-0.0042838137141995025,1.003102544088216,0.008693113135304478,0.018856692395811336,0.004403504889193825,52.861001879074905,0.014879438505302378,-0.1999999999999993,0.0,1
2014-10-21,0.0035826630040607377,1.0044470494031632,0.008363060799341855,0.011797193250634441,0.009548947708627081,58.26603286152161,0.014879438505302378,-0.1999999999999993,0.0,0
2014-10-22,-0.006293791902945545,1.0061898826965812,0.008275598216548528,0.00368731729975158,0.006920760406079948,54.16788781866579,0.01575570535206694,-0.1999999999999993,0.0,0
2014-10-23,-0.005764550135572533,1.003891331268335,0.004063604227173483,-0.007976862887951741,0.004649298272150531,48.690280709985146,0.01575570535206694,-0.1999999999999993,0.0,1
2014-10-24,0.0009996797554523429,1.0019283999951778,0.004397985567511595,-0.002758643755130019,0.00468403335394254,57.25038829717841,0.01575570535206694,-0.1999999999999993,0.0,1
2014-10-27,0.001787471065700652,1.0007653402646457,0.004566176484796416,0.0029155742537270157,0.0043311195789418645,51.78272729165654,0.01575570535206694,-0.1999999999999993,0.0,1
2014-10-28,0.001955995554247858,0.9992451495603369,0.0041880714027335095,-0.0017654749585778173,0.005985393773362187,51.94216734115043,0.01575570535206694,-0.1999999999999993,0.0,1
2014-10-29,0.0029043327163014165,0.9991846358918696,0.003499158239282147,0.00785955161413665,0.003510574303116422,49.71407889974665,0.01575570535206694,-0.1999999999999993,0.0,0
2014-10-30,-0.008287044125073084,0.9990148822063972,0.004611094533944943,-0.014729827491580916,0.00596725746315311,46.78486862362023,0.01575570535206694,-0.1999999999999993,0.0,0
2014-10-31,-0.0015389024402097107,0.9985986499734864,0.0045956315408067164,-0.014921614392526705,0.009415874237006367,48.43427804152879,0.01575570535206694,-0.1999999999999993,-0.01999999999999999,0
2014-11-03,-0.008739652891944893,0.9959045365401803,0.005525373951104933,-0.019329849313476366,0.005478538062400854,37.32872542299604,0.01575570535206694,0.0,0.01999999999999999,0
2014-11-04,-0.0005748265080353088,0.9932526336675036,0.005085968024048684,-0.02339242035680289,0.006037384926838469,40.984682680478336,0.01575570535206694,0.0,0.010000000000000009,1
2014-11-05,0.004531520737758088,0.9907734742633649,0.0056037027277704215,-0.012753378061632015,0.008554724500453663,29.845378589425607,0.01575570535206694,0.0,-0.010000000000000009,0
2014-11-06,-0.005778332729019842,0.9893896825845918,0.005092176599420531,-0.012767063772420428,0.010537196023042868,27.56247145022155,0.01575570535206694,0.0,0.0,0
2014-11-07,-0.008009831685119373,0.9869092154349844,0.005608383204419767,-0.02165266744776284,0.006388542721658244,25.94347749825762,0.016359577088893573,-0.10000000000000053,0.0,1
2014-11-10,0.006567163086844907,0.9869452182019405,0.006312846610405443,-0.01698481216471248,0.006274923218430829,29.226417137525345,0.016359577088893573,-0.10000000000000053,0.0,0
2014-11-11,-0.0025233047189155977,0.9870486986404168,0.006366735516087512,-0.021379436498447535,0.0036678892004951003,31.127773933321322,0.016359577088893573,-0.10000000000000053,0.0,1
2014-11-12,0.003692920422389001,0.9864706537387937,0.00619183006302199,-0.02060994321765619,0.005468165638588717,38.61317315006689,0.016359577088893573,-0.10000000000000053,0.0,0
2014-11-13,-0.0036793329386390905,0.9872090221960751,0.005867345709556961,-0.0160594868645505,0.004687072323351982,35.2620349191767,0.016359577088893573,-0.10000000000000053,0.0,1
2014-11-14,0.0037052921757387836,0.9900225841570901,0.0044256925899876535,-0.010891558385404565,0.007489575622565061,37.19777228249794,0.016359577088893573,-0.10000000000000053,0.0,1
2014-11-17,0.0034050561586789208,0.9918413242118705,0.0036956953024095693,0.0012267859809071968,0.010195644346686761,38.58351800348023,0.016359577088893573,-0.10000000000000053,0.010000000000000009,0
2014-11-18,-0.005552196695840617,0.9935128607939604,0.004550592407762988,-0.0037595566567926175,0.006793007795502877,32.65245165992596,0.016359577088893573,-0.10000000000000053,0.009999999999999995,1
2014-11-19,0.006780559198632075,0.9951486903937178,0.0052754620446888575,-0.0015290810299933844,0.004553749740934565,43.884771828160694,0.016359577088893573,-0.10000000000000053,-0.009999999999999995,1
2014-11-20,0.0005894184502908129,0.9973162643920555,0.004651117724307607,0.004865885586687435,0.005461717973944743,45.46753488372093,0.016398070211455673,-0.10000000000000053,0.0,1
2014-11-21,0.00033868982267026837,0.9988517840999859,0.004546242601760391,0.013322768251679218,0.012780618031260094,53.013131148525204,0.016398070211455673,-0.10000000000000053,0.0,0
2014-11-24,-0.01355060805265318,0.9977632930984829,0.007663528916899604,-0.0069300239014172815,0.0053377771300077365,42.951012874963865,0.016398070211455673,-0.10000000000000053,0.0,1
2014-11-25,0.004699682966228469,0.9985812960009767,0.007935413600431042,0.0002610535861877761,0.005861050653422438,43.05279250633305,0.016398070211455673,-0.10000000000000053,0.0,1
2014-11-26,0.0038190935501500878,0.9987673746959309,0.007371999221812623,0.000386795297761644,0.006425215568374976,50.03736733880245,0.016398070211455673,-0.10000000000000053,0.0,1
2014-11-27,0.0020259740358976597,0.9987170554714756,0.007468065328958756,0.006115386452335558,0.004380814590539488,58.285844326037996,0.016398070211455673,-0.10000000000000053,0.0,0
2014-11-28,-0.0035142410790159895,0.9979921730402227,0.007553866529517294,-0.0011214823250200734,0.004689361151787146,50.04299879009162,0.016398070211455673,-0.10000000000000053,-0.020000000000000004,0
2014-12-01,-0.0019030262076955573,0.999265997423467,0.0035878352980197262,-0.006405618988750805,0.006678658253387824,50.584301607747086,0.016398070211455673,-0.10000000000000053,0.05,1
2014-12-02,0.002556262795929687,0.9999613559786599,0.0031390682701274964,0.0016958819275483261,0.006598631404881569,49.58894596554295,0.016398070211455673,-0.10000000000000053,-0.010000000000000009,0
2014-12-03,-0.00654108242180651,0.9991407691070555,0.0038247483707925726,-0.011558479640904618,0.007261386632128042,47.18608688892056,0.016398070211455673,-0.10000000000000053,0.0,0
2014-12-04,-0.005801064834015435,0.9967564448515445,0.003630317701032672,-0.017871377715673598,0.010885850716960913,39.54212520126493,0.01605476148738494,-0.10000000000000053,0.0,1
2014-12-05,0.005685377311375195,0.9955205161428731,0.005284627075470941,-0.01262202080236896,0.009480799389068189,41.65161555328698,0.01605476148738494,-0.10000000000000053,0.0,0
2014-12-08,-0.007474771875001451,0.9938725513786474,0.006007722213965718,-0.006540465178737187,0.004547650798985399,40.468284838552066,0.01605476148738494,0.0,0.0,1
2014-12-09,0.0017118172112002839,0.9918402607915587,0.005846243420114612,-0.009494903976145053,0.012523387880612982,35.4325934601748,0.01605476148738494,0.0,0.0,1
2014-12-10,0.006482541163105537,0.9922664389037201,0.0064561753822515965,-0.006866782583977993,0.005891817758645231,41.12625658765352,0.01605476148738494,0.0,0.0,1
2014-12-11,0.006374138746869429,0.9946201538260484,0.0059396536132376955,-0.002557206863231687,0.009759348221067525,46.03680635632501,0.01605476148738494,0.0,0.0,0
2014-12-12,-0.006333766440785649,0.9950775348555909,0.006735291517313975,-0.005379440123452817,0.0072917508203784705,51.238015445032765,0.01605476148738494,0.0,0.0,1
2014-12-15,0.0055338519125494035,0.9980234282844384,0.005440786796341628,0.0020315350361923556,0.005046781121585771,51.86165898738728,0.01605476148738494,0.0,-0.009999999999999995,0
2014-12-16,-0.001605233157653263,1.0001109843678686,0.005790573532396136,-0.0021277828326986548,0.010401981300575298,47.64570668118441,0.01605476148738494,0.0,0.009999999999999995,1
2014-12-17,0.005505347756494361,1.0020805097015755,0.005619225197602553,0.009972161894030496,0.010058915593696297,50.367016670585336,0.013446664414866971,0.0,0.010000000000000009,0
2014-12-18,-0.013832021244941983,1.0007210625672425,0.008244940210573681,0.0018137922543908225,0.006870173990433869,43.59714480013104,0.013446664414866971,0.0,0.0,0
2014-12-19,-0.00393297679650928,1.000063154687098,0.00800657613046635,-0.007767534094239248,0.004482552091542414,42.499361876892436,0.013446664414866971,0.0,0.0,0
2014-12-22,-0.005244920574492218,0.9968328946128218,0.006966904182114885,-0.005538340526346497,0.004613929542994764,38.01270657552403,0.013446664414866971,0.0,0.0,0
2014-12-23,-0.00018340662447957623,0.9941276526860953,0.00710759967307128,-0.007419847171592275,0.006895637700690822,41.22473184229139,0.013446664414866971,0.0,0.0,0
2014-12-24,-0.0039933610421435395,0.9899075849244102,0.005061118903775096,-0.017751047353053218,0.004117077028055518,42.26253474188488,0.013446664414866971,0.0,0.0,1
2014-12-25,0.0019395733173694918,0.9888661944317692,0.0030273399864607195,-0.022079305682499717,0.005279354394852671,39.180070018773144,0.013446664414866971,0.0,0.0,1
2014-12-26,0.0009402045172033358,0.9885723434988658,0.0031454877630387817,-0.01492059736632545,0.004340736700928807,44.66746119851297,0.013446664414866971,0.0,0.0,0
2014-12-29,-0.003322333090326257,0.9887328813251456,0.0026170960959267017,-0.023596630913731875,0.00414136415322489,40.98243552978994,0.013446664414866971,0.0,0.0,0
2014-12-30,-0.001312537272963099,0.9888625793897003,0.0025857575855658538,-0.023310382169827615,0.005355920452948203,33.76843576269529,0.013446664414866971,0.0,0.0,1
2014-12-31,0.0007054387938174589,0.9895630124887136,0.002102609672691756,-0.027972735543518423,0.005290981953517185,26.84123227363088,0.013446664414866971,0.0,-0.07,0
2015-01-01,-0.0052145283424808175,0.9888151112993877,0.002639756854387025,-0.019478809323132618,0.0,27.477252999559653,0.013446664414866971,0.0,0.0,0
2015-01-02,-0.0007616465162061381,0.9880477984010313,0.0023133038416987065,-0.01635697467743613,0.006514822752625764,18.74200732238826,0.013446664414866971,0.0,0.06,0
2015-01-05,-0.011826943888551211,0.9858112916973931,0.005051761853881334,-0.02286547255725968,0.00726665372102923,15.547275190852304,0.010444109096179766,0.0,0.0,0
2015-01-06,-0.0006208717070699254,0.9838224840250536,0.005141539749250159,-0.023293013207796864,0.006957643862731464,6.611245001669886,0.010444109096179766,0.0,0.0,0
2015-01-07,-0.005332010274012311,0.9812217699282422,0.004571496311688622,-0.02460572339113276,0.008083602805163861,7.924146989010225,0.010444109096179766,0.0,0.0,0
2015-01-08,-0.003314069355740079,0.9794800798859833,0.004602245026301191,-0.029720176528992837,0.007777408592032215,8.058319507461576,0.010444109096179766,0.0,0.0,0
2015-01-09,-0.003373735503850117,0.9770668036195184,0.0042226938447513076,-0.03390197374645121,0.005933547981558847,8.440504835393781,0.010444109096179766,-0.20000000000000018,0.0,1
2015-01-12,0.006327069728334633,0.9782060496362502,0.004561809436023208,-0.024548629804734712,0.007075912233421853,20.06223072272958,0.010444109096179766,-0.20000000000000018,0.0,0
2015-01-13,-0.0033009073829860514,0.9789033081763114,0.004624557365572427,-0.0264907372414106,0.008664586128883855,20.395327757829378,0.010444109096179766,-0.20000000000000018,0.0,0
2015-01-14,-0.004499345994830373,0.9802713938042017,0.004478189241618664,-0.03155407157136181,0.009590963551666531,15.530720794712352,0.010444109096179766,-0.20000000000000018,0.0,1
2015-01-15,0.0006482569125643156,0.9816917852375011,0.004456694140045404,-0.025846518866516233,0.016652595641417748,14.996142977463975,0.010444109096179766,-0.20000000000000018,0.0,0
2015-01-16,-0.012603336567629353,0.9817182500620091,0.006970878600754463,-0.03739093521710901,0.01595736017334722,12.727539954671556,0.006679966919883151,-0.20000000000000018,0.010000000000000009,0
2015-01-19,-0.006130007751373401,0.9793335170543528,0.004846938598805467,-0.03184137855472002,0.007322285161485953,11.81135924015473,0.006679966919883151,-0.20000000000000018,0.0,1
2015-01-20,0.0027603766901020954,0.9779873100137003,0.006043725540766627,-0.028565760028884224,0.004034707903038324,14.4101604455048,0.006679966919883151,-0.20000000000000018,-0.010000000000000009,0
2015-01-21,-0.004399387773624253,0.9766802237290818,0.006041680327093521,-0.027654922001318805,0.010414215820130723,14.639137132168656,0.006679966919883151,-0.20000000000000018,0.0,1
2015-01-22,0.005923740168954472,0.9762056946790103,0.0073609371189837895,-0.018642716303762907,0.019706048796047645,21.75689783743475,0.006679966919883151,-0.20000000000000018,0.0,0
2015-01-23,-0.023124580111494097,0.9748542590861915,0.01128815109678108,-0.03809096476494811,0.022224568569729597,18.92434167447078,0.006679966919883151,-0.20000000000000018,0.0,0
2015-01-26,-0.019502980561736605,0.9716937092815691,0.013068501244725564,-0.06278090852379248,0.012869153462919215,15.490647400527493,0.006679966919883151,-0.20000000000000018,0.0,1
2015-01-27,0.01098909812204485,0.9694741638208554,0.015074366636251238,-0.04934368752517637,0.017247321801980697,24.637635082993484,0.006679966919883151,-0.20000000000000018,-0.009999999999999995,1
2015-01-28,0.010639768137864047,0.9696971568822502,0.016872442385315312,-0.03488654542524949,0.006527294256050269,32.217998313653254,0.006679966919883151,-0.20000000000000018,0.009999999999999995,0
2015-01-29,-0.007558477129668395,0.9673669342682498,0.016148572436134823,-0.04280184372068996,0.009214381540339508,31.131471791007456,0.006679966919883151,-0.20000000000000018,-0.009999999999999995,1
2015-01-30,0.004794910507402328,0.9703131946778271,0.013175465933472966,-0.02593570406327872,0.006881409551608889,30.07823767745485,0.006679966919883151,-0.20000000000000018,-0.05,0
2015-02-02,-0.002340951732540897,0.9761518930007207,0.008138733426238063,-0.02222215580039333,0.0059305176208400544,30.36417477163478,0.006679966919883151,-0.20000000000000018,0.06,1
2015-02-03,0.002892156413198954,0.9803022483201448,0.006945624486220934,-0.02209365920583861,0.011647623061698758,33.3368217780876,0.006679966919883151,-0.20000000000000018,0.0,1
2015-02-04,0.010197043765431069,0.983639124351431,0.00680431921309505,-0.007756642153297411,0.006981997776331772,38.41503450676222,0.006679966919883151,-0.20000000000000018,-0.009999999999999995,0
2015-02-05,-0.012099805787988194,0.9864977404229401,0.008438741848805897,-0.025535071120107,0.01263832099348984,38.685398471338445,0.006628473021475401,-0.20000000000000018,0.009999999999999995,1
2015-02-06,0.013537018424613745,0.990262985259824,0.010219875254403701,0.01103606301098714,0.013595631890441877,46.84307127072442,0.006628473021475401,-0.09999999999999964,-0.009999999999999995,0
2015-02-09,-0.013735707342063086,0.9927594832792782,0.012555328065861272,0.016982966565745494,0.007804281038827436,41.22379830821632,0.005175943779715864,0.10000000000000053,0.009999999999999995,1
2015-02-10,0.0011100808001009987,0.9946907421527393,0.012483401400541522,0.007045379343997071,0.006568904190886361,43.02557086599294,0.005175943779715864,0.10000000000000053,0.0,0
2015-02-11,-0.00044160346681876295,0.994306190557714,0.011098441966234381,-0.003996580831240548,0.0038290963945299106,40.308881585941805,0.005175943779715864,0.10000000000000053,0.0,0
2015-02-12,-0.000882333648256961,0.9962554320527881,0.009670732792462935,0.002703523488372772,0.008131909659874039,48.61431004236995,0.005175943779715864,0.10000000000000053,0.0,1
2015-02-13,0.008130961209320775,0.9960816461918083,0.00790912076587629,0.006032630511476844,0.005963109940847664,62.368473160953805,0.005175943779715864,0.10000000000000053,0.0,0
2015-02-16,-0.00034192887398565297,0.9983148937228286,0.0037735458413125558,0.008048431629441355,0.003328960249694501,57.56027083121327,0.005175943779715864,0.10000000000000053,0.0,0
2015-02-17,-0.005791773876231532,0.999599121151994,0.005016396718213632,-0.0006801462666581326,0.010335772454607385,48.250718660167486,0.005175943779715864,0.10000000000000053,0.0,1
2015-02-18,0.0062384441848408745,1.0016835476931365,0.005671339823458911,-0.004596122044134954,0.005892564543933023,56.5661761530626,0.005175943779715864,0.10000000000000053,0.0,0
2015-02-19,-0.0004103701777322666,1.0041876346790224,0.0056261335316655555,0.007182101713423039,0.008228236066207357,53.62608545262218,0.005175943779715864,0.10000000000000053,0.0,0
2015-02-20,-0.0029213495365388864,1.0034431257413823,0.004449712206131149,-0.009173071637474717,0.008260629217767726,53.22101644038299,0.00575057569604942,0.10000000000000053,0.0,1
2015-02-23,0.0012975205632153042,1.0019850037048514,0.004537208043638045,0.005929702679355442,0.008471972869074052,52.264157860363696,0.00575057569604942,0.10000000000000053,-0.009999999999999995,0
2015-02-24,-0.004261228694772967,1.001590800832099,0.004106758235468994,0.0005325342092714624,0.0050035779663750056,42.32916327901824,0.00575057569604942,0.10000000000000053,0.0,1
2015-02-25,0.0005329870828207905,1.0005590166735026,0.002355167028022478,0.0015080745637212623,0.004427102826533264,51.49497048024311,0.00575057569604942,0.10000000000000053,0.0,1
2015-02-26,0.0021704473487005327,0.9995563939909642,0.002799387627490091,0.004568159397864591,0.015497284083340493,40.144755278123604,-0.0010896723746770531,0.10000000000000053,0.0,0
2015-02-27,-0.013928232325823187,0.9972871347669579,0.00668149424900562,-0.01741307548140003,0.006531990572503191,40.093709180943634,-0.0010896723746770531,0.10000000000000053,-0.05,0
2015-03-02,-0.003873193061338487,0.9940643696077962,0.006268859346623496,-0.020884036320645172,0.0068487379117538405,35.80486223928847,-0.0010896723746770531,0.10000000000000053,0.06,1
2015-03-03,0.0015315062556262582,0.992062509733217,0.006699399359724491,-0.013671924918636669,0.005189241550487322,37.95654026074236,-0.0010896723746770531,0.10000000000000053,0.0,1
2015-03-04,0.000279493703713829,0.9904981120116434,0.006669583780603095,-0.019512966067006365,0.011201463664457354,38.93376052303632,-0.0010896723746770531,0.10000000000000053,-0.009999999999999995,0
2015-03-05,-0.008954305473646285,0.9865566353760729,0.0064643749682388825,-0.027893623015093683,0.008879341002192486,22.92961191815293,-0.0020921124808117586,0.10000000000000053,0.0,0
2015-03-06,-0.004512011125288762,0.9854087515292715,0.00417540898701942,-0.02944444578452121,0.016476678596548024,21.279509647214695,-0.0020921124808117586,-0.09999999999999964,0.009999999999999995,0
2015-03-09,-0.016865576664300552,0.9818488225341275,0.007495346294543149,-0.04704989724514774,0.006660934443272916,17.921586204086495,-0.0020921124808117586,-0.20000000000000018,0.0,0
2015-03-10,-0.0011591210771538796,0.9778557136244956,0.006920537938641027,-0.044081092717137005,0.012105997462291726,9.340188517566403,-0.0020921124808117586,-0.20000000000000018,0.0,0
2015-03-11,-0.011511899510185497,0.9720847873708092,0.006103334727950031,-0.055588894038014036,0.01430161714595502,7.9772356403961595,-0.0020921124808117586,-0.20000000000000018,-0.009999999999999995,0
2015-03-12,-0.014937031829733827,0.9658598529049912,0.006742952676858063,-0.07171039649687194,0.01705867455824315,6.912856191995189,-0.0020921124808117586,-0.20000000000000018,0.0,1
2015-03-13,0.0073534322628197035,0.9619454059834572,0.010245988871019455,-0.05167580202767352,0.013522550316642396,12.691055493257693,-0.0020921124808117586,-0.20000000000000018,0.0,0
2015-03-16,-0.013615662285804575,0.9593577635230327,0.00957865244825279,-0.06095074498594566,0.012355917666945802,11.589580639678857,-0.0020921124808117586,-0.20000000000000018,0.009999999999999995,1
2015-03-17,0.008712070075969303,0.9579475060365171,0.011787778249408463,-0.05421815288678822,0.009082298115811844,17.90650916060804,-0.0020921124808117586,-0.20000000000000018,0.0,1
2015-03-18,0.002374050241785275,0.959446465169971,0.011441757935576427,-0.05223771285584711,0.006180340409707808,17.940195686900964,-0.0020921124808117586,-0.20000000000000018,-0.009999999999999995,1
2015-03-19,0.02377234840675002,0.9673334803542335,0.013440341144118323,-0.02094037863244058,0.026971981941696158,36.200901337935065,-0.0020921124808117586,-0.20000000000000018,0.009999999999999995,0
2015-03-20,-0.01668624191490975,0.9711943557699536,0.016630734356930077,-0.032913700179796446,0.014781740467172408,32.7049096004891,-0.0020921124808117586,-0.20000000000000018,0.0,1
2015-03-23,0.014778276686364,0.9799785359614327,0.015217932047959086,-0.00178638297619782,0.016089372188125547,38.746184982935674,-0.0020921124808117586,-0.20000000000000018,0.0,1
2015-03-24,0.010934131393676827,0.9885471540921913,0.015327444018849957,0.010299275055247525,0.012489593004233376,42.94560791693908,7.22884393775658e-05,-0.20000000000000018,-0.009999999999999995,0
2015-03-25,-0.003924815200944898,0.9961198563900845,0.01604816173629114,0.01805376979687434,0.009444972159983134,44.45750258940323,7.22884393775658e-05,-0.20000000000000018,0.009999999999999995,1
2015-03-26,0.005359699403703955,1.000003238018615,0.012635537162063226,0.03903026004615917,0.012097814897373972,47.80743328606044,7.22884393775658e-05,-0.20000000000000018,-0.009999999999999995,0
2015-03-27,-0.006760489237631284,1.0054838008445992,0.009282552319596276,0.024472517890118617,0.008275162456320512,51.32794221879332,7.22884393775658e-05,-0.20000000000000018,0.009999999999999995,0
2015-03-30,-0.00013052790324119545,1.0078468505793017,0.00713101220451261,0.038478366368011274,0.006783956333154637,51.707161802037476,7.22884393775658e-05,-0.20000000000000018,0.0,0
2015-03-31,-0.005025323200037679,1.0073500851970694,0.004825284785246159,0.02433559346915204,0.011621485758666224,54.22243977911902,7.22884393775658e-05,-0.20000000000000018,-0.06,0
2015-04-01,-0.008504503378015116,1.0063850706667417,0.005627176630389943,0.013218695864374297,0.0073573972793594,56.90507027806994,7.22884393775658e-05,-0.20000000000000018,0.06,1
2015-04-02,0.002961653810223508,1.004306331950763,0.004772536905963526,-0.007377469749923926,0.013390362237662077,55.417260920939746,-0.00192666779833639,-0.20000000000000018,0.0,1
2015-04-03,0.009359694406420482,1.0047684277601214,0.006957265512089771,0.018915036585346767,0.014355124764736826,65.17882718828007,-0.00192666779833639,-0.20000000000000018,0.0,1
2015-04-06,0.012013541333229849,1.0062045321968476,0.008873148001764985,0.016139030744261706,0.0061286685568063175,66.21418219816672,-0.00192666779833639,0.0,0.010000000000000009,0
2015-04-07,-0.006046965979111696,1.0076713476322057,0.009089138589052796,-0.0009294955716626641,0.010776764757505622,62.35875082135605,-0.00192666779833639,0.0,-0.010000000000000009,0
2015-04-08,-0.010120584903829721,1.0087269113098678,0.009570154128937608,-0.0071438967100985185,0.009284406223994918,48.94213104416362,-0.00192666779833639,0.0,0.0,0
2015-04-09,-0.003591537227713437,1.0079060863002631,0.009789013436492995,-0.015983807367712988,0.011130558191381007,55.39061179441799,-0.00192666779833639,0.0,0.0,0
2015-04-10,-0.010775757970984845,1.0039716544619006,0.009269918625640274,-0.019961789927385065,0.010497937787358072,42.40757272339775,-0.00192666779833639,0.0,0.0,0
2015-04-13,-0.005548917954294907,0.9961305683008285,0.003098024407535223,-0.025272712438074607,0.009274182992252638,32.873304132221335,-0.00192666779833639,0.0,0.010000000000000009,0
2015-04-14,-0.0034785770327849797,0.9894332594404488,0.0035241046189067866,-0.02375744201832697,0.016494891157982017,33.07783785109174,-0.00192666779833639,0.0,0.0,1
2015-04-15,0.007016504587601835,0.9859331792833028,0.006470872756911323,-0.008475205668861618,0.008838082723746683,34.14478486159118,-0.00192666779833639,0.0,0.0,1
2015-04-16,0.0027866658336563876,0.984714950341718,0.007000079668001334,-0.008648198242223737,0.012587938994351606,38.89638410542485,-0.00192666779833639,0.0,0.0,1
2015-04-17,0.007378339683203672,0.9859217582760559,0.005937805480702607,-0.010594203799675017,0.010395310179049246,43.66490875147547,0.00042437616703461245,0.0,0.0,1
2015-04-20,0.005080779754110587,0.989705821024648,0.004438073544779869,-0.017372091851468152,0.00947721589828275,49.01957121273332,0.00042437616703461245,0.0,0.0,0
2015-04-21,-0.005803639611723255,0.9938453505960877,0.005402681316715631,-0.017131537950830666,0.009621717622896906,50.47131194346901,0.00042437616703461245,0.0,0.0,0
2015-04-22,-0.0005370663400049436,0.9963377987468165,0.005150978337143904,-0.007615895936059602,0.008369064514109952,48.538317092412136,0.00042437616703461245,0.0,0.0,0
2015-04-23,-0.0014802230744337397,0.9983325892615973,0.005294180547518661,-0.005513109094436031,0.013696189571597158,41.771649866196334,0.00042437616703461245,0.0,0.0,1
2015-04-24,0.008316786081770111,0.9997670061519076,0.005588497368805992,0.013681006827710007,0.010196536797300265,38.89995980381991,0.00042437616703461245,0.0,0.0,1
2015-04-27,0.004988814297946176,1.0009321164517018,0.005572311194747209,0.024422509584344887,0.007451887325945681,46.017747605630554,0.00042437616703461245,0.0,0.0,1
2015-04-28,0.0008267566439954521,1.003132841329965,0.004119018491883,0.02884838606639062,0.011693578170263232,53.71074931848749,0.00042437616703461245,0.0,0.0,1
2015-04-29,0.008380406821014708,1.0062761013560895,0.004435353705249637,0.030241857380124415,0.019636657499386517,61.82554860160075,0.00042437616703461245,0.0,0.0,1
2015-04-30,0.013237203319521829,1.0118658409203372,0.004598463469921229,0.04097851904196248,0.01570934283519187,77.61148351957041,0.00042437616703461245,0.0,-0.05,1
2015-05-01,0.009027745228146644,1.0176457989153345,0.0046542163484952805,0.0426829389940675,0.009247371629006441,85.68418239237008,0.00042437616703461245,0.0,0.05,0
2015-05-04,-0.0025615628658635092,1.0226331116323903,0.006462122611465626,0.034754680465689525,0.00885954404781189,86.5193324649905,-0.002175624539690224,0.0,0.0,0
2015-05-05,-0.003288985702471603,1.0266262318600103,0.007439379956116946,0.03737191988239119,0.012646352695481396,81.3025716044207,-0.002175624539690224,0.0,0.0,1
2015-05-06,0.0033335193782932926,1.0289150018186934,0.00719755261439431,0.04138931442743621,0.01673903464018402,81.47573725001547,-0.002175624539690224,0.0,0.0,1
2015-05-07,0.013870673307220915,1.030459995253414,0.0074045077196783,0.05739927219508245,0.013437056504820204,83.07322299056011,-0.002175624539690224,0.0,0.0,0
2015-05-08,-0.008334004280467489,1.028323366819546,0.008492922687539428,0.039937960578005915,0.009229725611775774,73.59085909750073,-0.002175624539690224,-0.09999999999999964,0.0,0
2015-05-11,-0.004701511718801732,1.025726941906681,0.008742574348206189,0.029910647107624033,0.006107706404119669,74.38329380338821,-0.002175624539690224,-0.09999999999999964,0.0,0
2015-05-12,-0.004435549656303772,1.022969301681858,0.008870282207279008,0.02449541889650675,0.012734396970161469,70.98209571889794,-0.002175624539690224,-0.09999999999999964,0.0,1
2015-05-13,0.006912466303839349,1.02093771256197,0.009343684259467007,0.02300401909848815,0.015800724915196566,74.27766624975038,-0.002175624539690224,-0.09999999999999964,0.0,1
2015-05-14,0.011498061400544435,1.0179841378103902,0.008530020942626362,0.021248113208862662,0.00894714504783031,75.24342721236924,-0.002175624539690224,-0.09999999999999964,0.0,1
2015-05-15,0.0048014629669170805,1.0178532833212433,0.007162388555015272,0.01697064630512246,0.011074725180538904,75.25613718168215,-0.002175624539690224,-0.09999999999999964,0.0,1
2015-05-18,0.0035136753843081348,1.0194652264642774,0.0058243413927237895,0.023164852122462554,0.009454727030209756,75.96040714845464,-0.002175624539690224,-0.09999999999999964,0.0,0
2015-05-19,-0.01038610716641919,1.0200813069563004,0.008213746904352557,0.015879365026413073,0.018116130031803717,65.94118592524075,-0.002175624539690224,-0.09999999999999964,-0.010000000000000009,0
2015-05-20,-0.015850600736273313,1.0168862586469913,0.011384922613699923,-0.0035446364488416204,0.007627084475652781,51.40065106210703,-0.002175624539690224,-0.09999999999999964,0.0,0
2015-05-21,-0.004118285527832555,1.010705516976155,0.008864563728795327,-0.02122459799405374,0.008481005929455427,44.82155379941319,-0.002175624539690224,-0.09999999999999964,0.0,1
2015-05-22,0.0010000016108273613,1.004120032183843,0.007997878349396742,-0.012011924162327547,0.01826870230612757,46.57733882489532,-0.001151303258357439,-0.09999999999999964,0.010000000000000009,0
2015-05-25,-0.010696150975556318,0.9954810506369043,0.006531881094566461,-0.01796253312472018,0.004484365231828116,43.29431929531043,-0.001151303258357439,-0.09999999999999964,0.0,0
2015-05-26,-0.001985882051857568,0.9887217625626716,0.006840999156207695,-0.015546149767393436,0.008757962648542119,40.637356776818265,-0.001151303258357439,-0.09999999999999964,-0.010000000000000009,0
2015-05-27,-0.007502323627592844,0.9844675160706015,0.004582409312077154,-0.02963942591917612,0.009918837218569785,28.969402224487084,-0.001151303258357439,-0.09999999999999964,0.0,1
2015-05-28,0.0010246067651416002,0.9818191691372183,0.0052614343044966585,-0.03968692659213546,0.007449805027453644,32.52596817772441,-0.001151303258357439,-0.09999999999999964,0.0,1
2015-05-29,0.005534912690249305,0.9802231741384907,0.006503731098330377,-0.038985950942753256,0.006787319489539279,38.315641679042486,-0.001151303258357439,-0.09999999999999964,-0.039999999999999994,0
2015-06-01,-0.00021915980981057626,0.9805964745180278,0.0047428870147969366,-0.042560697508105094,0.008313036209329465,40.21549578040597,-0.001151303258357439,-0.09999999999999964,0.039999999999999994,0
2015-06-02,-0.003189447040307769,0.9807269219034916,0.004858075369760944,-0.03559801711192956,0.022602086180193957,33.61598927835699,-0.001151303258357439,-0.09999999999999964,0.0,1
2015-06-03,0.020783551356337915,0.9855757384949951,0.009477472961088026,0.0003010536449790102,0.017623283655365567,40.06428246471258,-0.001151303258357439,-0.09999999999999964,0.010000000000000009,1
2015-06-04,0.009670482357685639,0.992373009678924,0.009407900839890895,0.014151010767306849,0.012742171840683355,43.073449016216635,-0.0046439432603772035,-0.09999999999999964,0.0,0
2015-06-05,-0.004438275055515528,0.9969939876487053,0.010643970856168916,0.008641286722223418,0.020378659720512303,38.93797043690794,-0.0046439432603772035,0.0,0.0,0
2015-06-08,-0.008897615308484652,1.0000783587968,0.012203595125036876,0.010474977484914438,0.01392942042076622,39.6460289209226,-0.0046439432603772035,0.09999999999999964,0.0,1
2015-06-09,0.015556452963885414,1.0058945037506142,0.012775146375093163,0.028236340036087215,0.010903030270367717,56.41844311049731,-0.0046439432603772035,0.09999999999999964,0.0,1
2015-06-10,0.0016044342110643761,1.0082201027155264,0.010006696745598521,0.037671021418759,0.010213294913071203,59.7361961251172,-0.0046439432603772035,0.09999999999999964,0.0,1
2015-06-11,0.0011425006003165095,1.0093663839662603,0.009217013929642949,0.037793231218136825,0.011646340493116305,59.80756916432574,-0.0046439432603772035,0.09999999999999964,0.0,0
2015-06-12,-0.0063060369615396406,1.0107003298738468,0.009524898081797474,0.025572414969256663,0.012525714998384825,62.72954009253302,-0.0046439432603772035,0.09999999999999964,0.0,0
2015-06-15,-0.0018400050395988021,1.0137346465874009,0.008191460975429514,0.02390975642472104,0.005936056758349897,62.803664465337036,-0.0046439432603772035,0.09999999999999964,0.0,1
2015-06-16,0.005085862983867706,1.0138879115965302,0.004268419361120945,0.03241003829476585,0.01050747158514309,70.50960966711347,-0.0046439432603772035,0.09999999999999964,0.010000000000000009,0
2015-06-17,-0.003102800893038382,1.0124273883631987,0.004327509719800358,0.008251626055722827,0.005480204205763265,67.6272492341268,-0.0046439432603772035,0.09999999999999964,0.0,1
2015-06-18,0.011381383444843962,1.0122453365604505,0.007119245718601005,0.00996012287056458,0.0076865573055478085,69.73670304422745,-0.0002193324700632271,0.09999999999999964,0.0,1
2015-06-19,6.814974491020642e-05,1.0134044317518192,0.005948569114196222,0.014531722231115207,0.00808892830820876,69.92101342139023,-0.0002193324700632271,0.09999999999999964,-0.010000000000000009,1
2015-06-22,0.0001934272477661647,1.0144207315971339,0.005655475782159327,0.023837674072145543,0.008264926262916895,72.42254016457913,-0.0002193324700632271,0.09999999999999964,0.0,0
2015-06-23,-0.0020996162076409863,1.0139954705882437,0.005816304443393341,0.006037630814013317,0.018373716582404474,62.437579701336,-0.0002193324700632271,0.09999999999999964,0.0,0
2015-06-24,-0.015585144308720156,1.0114655964404367,0.009612262861976747,-0.011228030417166246,0.006906703852971684,45.07323294659754,-0.0002193324700632271,0.09999999999999964,0.0,1
2015-06-25,0.003115480528033343,1.007174521651428,0.007350362503800707,-0.009279429445869902,0.006013759868917565,49.948497063355596,-0.0002193324700632271,0.09999999999999964,0.0,0
2015-06-26,-0.00035846842292086567,1.0030972315590312,0.007310218874018796,-0.003349657589379218,0.007470415484068132,56.25184696155176,-0.0002193324700632271,0.09999999999999964,0.0,0
2015-06-29,-0.020347664549454803,0.9959322485440434,0.010274924945970402,-0.021829325459106763,0.019538011940457383,31.197431584129987,-0.0002193324700632271,0.09999999999999964,0.010000000000000009,1
2015-06-30,0.022591827635104034,0.9923601821600057,0.016990773155655805,-0.004792152932819205,0.010317799965521296,46.35391138333716,-0.0002193324700632271,0.09999999999999964,-0.06000000000000001,0
2015-07-01,-0.007839072189334995,0.9917646943606466,0.015764621530161026,-0.009520398096047655,0.009554952270203131,42.088518212582265,-0.0002193324700632271,0.09999999999999964,0.05,0
2015-07-02,-0.00910273805855788,0.9896672290120316,0.015996251105893252,-0.029581183121509924,0.0076640506154058916,40.9881753600744,-0.0002193324700632271,-0.10000000000000053,0.0,1
2015-07-03,0.004833896591066145,0.9881330872189333,0.016375567643983676,-0.024956727860967254,0.0033635036521464995,44.370677117449176,-0.0002193324700632271,-0.10000000000000053,0.0,0
2015-07-06,-0.008290269870579015,0.9889882928395284,0.013654983382747708,-0.03322709994376494,0.008499327465452237,38.40621623900286,-0.0002193324700632271,-0.20000000000000018,0.0,1
2015-07-07,0.004905826731768315,0.986906966182271,0.007288184544828826,-0.02644017762495321,0.012295321627962728,42.18473377647611,-0.0002193324700632271,-0.20000000000000018,0.0,0
2015-07-08,-0.003534203672930669,0.9859470866850343,0.0068278972544105684,-0.014522121373564345,0.010452359939448727,34.29249635151905,-0.0002193324700632271,-0.20000000000000018,0.0,1
2015-07-09,0.005546563381724434,0.9876782025393985,0.006265389005862112,-0.012133783819288535,0.008427015896137369,37.57658587104322,-0.002785105156651646,-0.20000000000000018,0.0,0
2015-07-10,-0.0007190668798957578,0.9880350239883761,0.005824370065775918,-0.012490134593040825,0.014805786587112265,37.216516239185104,-0.002785105156651646,-0.20000000000000018,0.0,1
2015-07-13,0.005965179360537531,0.9908369889151392,0.004296175194391779,0.01403375761620973,0.017062963669528544,41.228612951087214,-0.002785105156651646,-0.20000000000000018,0.0,0
2015-07-14,-0.012452284061309937,0.9910602388336307,0.007566697181099637,-0.020717069943226973,0.009599688311665773,42.527106109671536,-0.002785105156651646,-0.20000000000000018,0.0,1
2015-07-15,0.0015961878920103256,0.992066301370206,0.0074911810989941215,-0.011404277149928532,0.009438951928822716,41.69932898454586,-0.002785105156651646,-0.20000000000000018,0.0,0
2015-07-16,-0.005854768727755255,0.9916760197671406,0.007101017944155215,-0.008163851818558943,0.008278651755892463,39.69787489881034,-0.002785105156651646,-0.20000000000000018,0.010000000000000009,0
2015-07-17,-0.005257993415770934,0.990651017268203,0.007139534693306907,-0.01812520099896553,0.006071826198615417,45.91199169542898,0.0003912609963272473,-0.20000000000000018,-0.010000000000000009,0
2015-07-20,-0.005122730347380866,0.9876804693904565,0.004974523513140242,-0.014989074430698412,0.00465599105521378,28.09646020052658,0.0003912609963272473,-0.20000000000000018,0.010000000000000009,1
2015-07-21,0.00047682631799483843,0.9871693739209695,0.0035646598274058426,-0.01933039048327434,0.011813099675105103,31.59075292542242,0.0003912609963272473,-0.20000000000000018,-0.010000000000000009,1
2015-07-22,0.009649040679358345,0.9869748286419255,0.006596078806057869,-0.006356129712080438,0.008098305511378589,44.266515281752525,0.0003912609963272473,-0.20000000000000018,0.0,0
2015-07-23,-0.0011801107211915074,0.9879292269021396,0.006086892584033059,-0.013003179916606378,0.008790375588775157,39.70195818325303,0.0003912609963272473,-0.20000000000000018,0.0,1
2015-07-24,0.0056702422739880465,0.9907611980238455,0.005811488537962133,-0.006692414236605937,0.006199007403791392,49.59533049074562,0.0003912609963272473,-0.20000000000000018,0.0,0
2015-07-27,-0.0015141702600819373,0.9933558328848451,0.0048692090938225584,-0.01407765466755262,0.014211739479799207,44.597915616069926,0.0003912609963272473,-0.20000000000000018,0.010000000000000009,1
2015-07-28,0.010724127396219085,0.9985860258910781,0.005807571487448485,0.009060611536503282,0.007033000107492207,55.0836724163238,0.0003912609963272473,-0.20000000000000018,0.0,0
2015-07-29,-0.0021689777491131768,1.0011915844999242,0.005677919718560922,0.005267385892979037,0.006486928220750112,49.665450411399135,0.0003912609963272473,-0.20000000000000018,0.0,0
2015-07-30,-0.007403244401325337,1.0024544891993643,0.007129671013738901,0.003701586406623436,0.0071649979015853855,45.211441257966,0.0003912609963272473,-0.20000000000000018,0.0,0
2015-07-31,-0.004080268727305825,1.0022224611271133,0.006883194821569226,0.004889918788626435,0.017039279559980528,38.19034423009595,0.0003912609963272473,0.0,-0.06000000000000001,1
2015-08-03,0.0027202083408026656,1.0022799438337275,0.007045545776306251,0.012811790422285085,0.0046866450070722435,48.455631911735686,0.0003912609963272473,0.0,0.06000000000000001,0
2015-08-04,-0.001183181156478863,1.0002631404750082,0.0037283925488748,0.011131316574106487,0.005703993807571189,46.234321186390915,0.0003912609963272473,0.0,0.0,0
2015-08-05,-0.006119636871587453,0.9975884233894253,0.004064540767177764,-0.004660511130688771,0.006289784642231755,46.06096585189583,0.0003912609963272473,0.0,0.0,1
2015-08-06,0.0012975219323574372,0.9968756011644895,0.0036651012038027195,-0.002191511819141345,0.005237373782101765,51.316069671469066,-0.0005170044008423469,0.0,0.0,1
2015-08-07,0.0021963250915382204,0.9972716402816302,0.0036235249672017934,-0.0056382719062728626,0.010021846387982031,57.83787227142515,-0.0005170044008423469,0.0,0.0,1
2015-08-10,0.0034758939700150204,0.9979459818308688,0.003788698028031724,-0.0006688184164518329,0.006648412243524123,59.96535701520442,-0.0005170044008423469,0.0,0.0,1
2015-08-11,0.004737264158738208,0.9989382973379289,0.0042496216376154946,-0.006588197355691716,0.011291525053263952,56.44201142720392,-0.0005170044008423469,0.0,0.009999999999999981,1
2015-08-12,0.002274687260258146,1.0015778347001971,0.0013330018060060368,-0.0021642125638087206,0.016054550644453495,59.42649625606155,-0.0005170044008423469,0.0,0.0,1
2015-08-13,0.010770364510168218,1.0052883955776906,0.00355314177861901,0.016105318599246576,0.00960983156733328,62.89248590044957,-0.0005170044008423469,0.0,0.0,0
2015-08-14,0.0,1.0082909179611277,0.0040409208972336,0.0202682873857285,0.00796571853976958,64.50187640822283,-0.0005170044008423469,0.0,-0.009999999999999981,0
2015-08-17,-0.006090043305764126,1.0094141529706966,0.006191998973869901,0.011303852158324856,0.005724048321219858,50.24584778280435,-0.0005170044008423469,0.0,0.009999999999999981,0
2015-08-18,-0.0013515696186234827,1.0094106061374195,0.006201020406628018,0.011133358533054194,0.0070503287456014805,51.0155875251428,-0.0005170044008423469,0.0,0.0,0
2015-08-19,-0.004257874291125452,1.0087903859751133,0.006574058093382206,0.013027439873838587,0.00540313478431337,54.20043639229055,0.0007986246842279776,0.0,0.0,1
2015-08-20,0.007904936297541187,1.007136683505374,0.005400304526446879,0.019712258233950397,0.010037657298107893,64.92114405784758,0.0007986246842279776,0.0,0.0,1
2015-08-21,0.010697606245615221,1.0073827531377444,0.00749068127846513,0.02836212092698509,0.012197215223445166,69.46625306778483,0.0007986246842279776,0.0,0.0,1
2015-08-24,0.012457658135525795,1.0106780347728843,0.007458687440943662,0.037566633065655886,0.02927455963261128,75.81476006451112,0.0007986246842279776,0.0,0.0,1
2015-08-25,0.01811596974290519,1.0175492339069618,0.008290163316065313,0.05138248224625097,0.016377277912416024,86.36422117934504,0.0007986246842279776,0.0,0.0,0
2015-08-26,-0.002772274007746711,1.0246984214183226,0.007702752525860874,0.046088238329685005,0.01765670223904203,83.3138804974695,0.0007986246842279776,0.0,-0.009999999999999981,0
2015-08-27,-0.018257447261945337,1.0270521206797523,0.014636397272756781,0.01604615009140198,0.013226806571869455,67.81302829501846,0.0007986246842279776,0.0,0.0,0
2015-08-28,-0.008121015141084098,1.0258255745349254,0.014915993534962658,0.0077948239224694404,0.013629098018817072,61.65867604582163,0.0007986246842279776,0.0,0.0,0
2015-08-31,-0.0030165946088135387,1.021774078589624,0.013273760042209636,0.01091120852805294,0.006965017899947178,58.24239166531206,0.0007986246842279776,0.0,-0.06000000000000001,1
2015-09-01,0.0010552767505003224,1.0141361599346252,0.007476500493278315,0.013347609465290677,0.009526663550296285,57.77519175034841,0.0007986246842279776,0.0,0.06000000000000001,1
2015-09-02,0.006019366380027202,1.0076941507440387,0.009301764831859141,0.023806559626305512,0.006826322603962877,55.857575837440365,0.0007986246842279776,0.0,0.0,0
2015-09-03,-0.006853028334886102,1.004069900232179,0.0058208530041407485,0.008815759945419943,0.01429230545051978,52.279432223842576,0.0007986246842279776,0.0,0.0,0
2015-09-04,-0.008032885311773708,1.0010005719917845,0.005798468220769946,-0.009879856782920027,0.00587809864225468,51.33921607194937,0.00282611991845938,-0.20000000000000018,0.0,1
2015-09-07,0.0023418749571417763,0.9990596743919793,0.006089727932895353,-0.019772458818030247,0.0050039674068680234,52.980633588101476,0.00282611991845938,-0.20000000000000018,0.0,1
2015-09-08,0.0010718358794468141,0.9973018271941461,0.006091193250272162,-0.036182307916824974,0.006833846520514033,55.51849282168971,0.00282611991845938,-0.20000000000000018,0.0,1
2015-09-09,0.0038888397698495503,0.9950346334920391,0.00551692962647271,-0.02974436085569787,0.006851835089220004,53.843006143148706,0.00282611991845938,-0.20000000000000018,0.0,1
2015-09-10,0.0011893944140157764,0.9948529445049102,0.0046812403154474725,-0.010525057641200042,0.009366907460793265,49.23038395633973,0.00282611991845938,-0.20000000000000018,0.0,1
2015-09-11,0.006255229025333486,0.9972132260614966,0.0021681216517429255,0.00381634245401985,0.007652550292282634,45.63996956264419,0.00282611991845938,-0.20000000000000018,0.0,1
2015-09-14,0.004707816083289185,0.9995144523752987,0.0022586636666391113,0.011593693257082371,0.007440043807986761,35.671007551166554,0.00282611991845938,-0.20000000000000018,0.0,0
2015-09-15,-0.003211408739718591,1.0010466861880989,0.0037155479634392746,0.007282091057624118,0.006210734200670011,35.48723782438678,0.00282611991845938,-0.20000000000000018,0.0,0
2015-09-16,-0.0031674617914708714,1.0011198145295819,0.004369931979439003,-0.0019162681390496594,0.008570384882059778,44.854390918551296,0.0021185369880554195,-0.20000000000000018,0.0,1
2015-09-17,0.00179546903442529,1.0016123194241602,0.004379529691020537,0.006775219400684485,0.004609264028453055,53.726081461608395,0.0021185369880554195,-0.20000000000000018,0.0,1
2015-09-18,0.009645239428679675,1.0028344887711238,0.005469794725188706,0.024717243536995115,0.009499144117160851,64.02456476784042,0.0021185369880554195,-0.20000000000000018,0.0,0
2015-09-21,-0.009553097515853759,1.002290163977097,0.007138411983793047,0.01255673851469652,0.0129372089254675,54.333444193058305,0.0021185369880554195,-0.20000000000000018,0.0,0
2015-09-22,-0.008952704396805733,1.0019632227730118,0.008011846193331791,0.0024171906386798447,0.007076751230687241,43.56977365088719,0.0021185369880554195,-0.20000000000000018,0.0,0
2015-09-23,-0.006272076232996082,1.0011934051462543,0.008237564295627752,-0.007728829986694552,0.007536263390175823,43.96718015594859,0.0021185369880554195,-0.20000000000000018,0.0,1
2015-09-24,0.006221512160082154,1.000045149992619,0.009036146168700859,-0.0027415364821959942,0.011564643968125453,54.161330633533126,0.0021185369880554195,-0.20000000000000018,0.0,0
2015-09-25,-0.0009837218221332433,0.9964000957645797,0.0065966552947556425,-0.009915765039117952,0.00770135875343346,51.78607856563398,0.0021185369880554195,-0.20000000000000018,-0.010000000000000009,1
2015-09-28,0.0020386953288304976,0.994846867279132,0.006137710862985298,-0.012546036584628939,0.007971748331645503,52.46938985492335,0.0021185369880554195,-0.20000000000000018,0.0,1
2015-09-29,0.0026168805931965355,0.9955377342412048,0.004674276865057205,-0.006772327442912118,0.007613195412849685,51.57641453245979,0.0021185369880554195,-0.20000000000000018,0.0,1
2015-09-30,0.0022174283435552056,0.998110949701215,0.0025623223907834548,-0.001406910794896632,0.009241630494701163,52.311780696787594,0.0021185369880554195,-0.20000000000000018,-0.06,0
2015-10-01,-0.007451786745942268,0.997988037813561,0.004240574298751085,-0.01062460642421259,0.006358541002351308,42.34201011958815,0.0021185369880554195,-0.20000000000000018,0.06,1
2015-10-02,0.0019140391753817987,0.997946631084546,0.004323118686932217,-0.018200593508297835,0.014606684613911649,39.87999967957191,0.0021185369880554195,-0.20000000000000018,0.0,1
2015-10-05,0.002997632948807283,0.998063516518178,0.004441026400352616,-0.005759442255932834,0.008109035899658617,44.56181886025296,0.0021185369880554195,0.0,0.0,0
2015-10-06,-0.00283237570542616,0.9972871213773424,0.004447666026666329,0.0003806067999405638,0.009284529135423812,44.80466766497084,0.0021185369880554195,0.0,0.0,1
2015-10-07,0.0065016088441813835,0.9972326022443347,0.005436376618254061,0.013239807515703417,0.00621829333730557,48.477424399551374,0.0021185369880554195,0.0,0.0,0
2015-10-08,-0.0024840588590764323,0.9983554881878711,0.003926794499364888,0.004473516001193056,0.006526498834633323,38.64599994281669,0.0021185369880554195,0.0,0.0,1
2015-10-09,0.004176144727765729,1.0000361295952411,0.004150764707749791,0.009661568897515682,0.009629001090812921,49.60587256331196,0.0012540345827389832,0.0,0.0,1
2015-10-12,0.007356438964750023,1.002463802053803,0.0048906268406065274,0.0150197665474332,0.0036591170728740947,64.23662262365885,0.0012540345827389832,0.0,0.0,0
2015-10-13,-0.0012718839315483121,1.005101085997591,0.004495632619012223,0.01108289600748269,0.005547945140766196,70.48388774470033,0.0012540345827389832,0.0,0.0,1
2015-10-14,0.0025958227273639167,1.0066750785646423,0.0040176582564930815,0.011464637612242479,0.00569985642510232,68.28610257992123,0.0012540345827389832,0.0,0.0,1
2015-10-15,0.007952533167141729,1.0100378211679593,0.0037600793780361084,0.027162539890932313,0.011232379903278142,74.19790933175645,-0.0002819473726292099,0.0,0.0,0
2015-10-16,-0.009355970882470088,1.0116275697911081,0.0071179242454003306,0.01560852257708456,0.005330787552659301,61.9323465062218,-0.0002819473726292099,0.0,0.0,0
2015-10-19,-0.0006248753447615218,1.0111593458073798,0.0063131648139223865,0.011940467762998619,0.0062934775799779715,59.62811325385013,-0.0002819473726292099,0.0,0.0,0
2015-10-20,-0.0028208848306928713,1.0100697191356585,0.006419649349051411,0.011952128872795287,0.005667199700656361,55.354104283353315,-0.0002819473726292099,0.0,0.0,1
2015-10-21,0.002202671679858881,1.00847579324331,0.006375260341446052,0.007629911623364238,0.003523374510414943,64.58848814663827,-0.0002819473726292099,0.0,0.0,0
2015-10-22,-0.0005220280727630255,1.0055112043006702,0.004366652327537316,0.009611835747357578,0.01885997256135353,62.71332998698059,-0.0002819473726292099,0.0,-0.010000000000000009,0
2015-10-23,-0.02353599273905338,1.000857541638686,0.010480766480059646,-0.01825030988043308,0.011723792412373858,41.3219815557224,-0.0002819473726292099,0.0,0.0,0
2015-10-26,-0.0054660540176395545,0.9956197530086301,0.01018811639687637,-0.030746858296759605,0.00489985355715068,39.95594786067689,-0.0002819473726292099,0.0,0.0,1
2015-10-27,0.004138649294579855,0.9916803414457189,0.011164512744602666,-0.025496003491191077,0.004156925555612291,38.02043419121494,-0.0002819473726292099,0.0,0.0,0
2015-10-28,-0.0026157993765257848,0.9870137511515888,0.01062132664853174,-0.030561600667447397,0.006608493347763254,37.97736876595937,-0.0002819473726292099,0.0,0.0,0
2015-10-29,-0.009792364670887621,0.9806268762643422,0.010318043315888877,-0.047628461249032084,0.0065876756418088945,30.22671153048391,-0.0002819473726292099,0.0,0.0,1
2015-10-30,0.005936707047880407,0.9799473820639795,0.006573032376154025,-0.032926599849711136,0.009281411673265162,28.799102283264574,-0.0002819473726292099,0.0,-0.04999999999999999,1
2015-11-02,0.002921937945224995,0.9809245320270709,0.006394803109742557,-0.029494426381086125,0.005078573389347959,31.78755240958934,-0.0002819473726292099,0.0,0.04999999999999999,0
2015-11-03,-0.0009033163874566652,0.9808168957529427,0.005986765736930229,-0.027628150971135912,0.008533047011891488,29.15841810831266,-0.0002819473726292099,0.0,0.0,0
2015-11-04,-0.00472551579413949,0.9808429904998465,0.006208978990358177,-0.03435011914671293,0.010849899556692516,19.790587267976207,-0.0002819473726292099,0.0,0.0,0
2015-11-05,-0.00874872298479501,0.9813845660073437,0.005860400411002567,-0.04229837532118552,0.005792077101041554,20.06174072890026,-0.0002819473726292099,0.0,0.0,1
2015-11-06,0.0014692713335564545,0.9811877103629525,0.00475493671490845,-0.01777357783782918,0.016845051657917456,21.74272851034023,-0.0002819473726292099,-0.09999999999999964,0.0,0
2015-11-09,-0.013835355988871645,0.9787364749486601,0.006128172918761389,-0.02603930829821899,0.005593946582791343,19.06548629608578,-0.00031980878800885737,-0.09999999999999964,0.0,1
2015-11-10,0.0024317402352773687,0.976742549875421,0.006869634161856272,-0.027694918635733812,0.00806272286966103,19.161786259825234,-0.00031980878800885737,-0.09999999999999964,0.0,0
2015-11-11,-0.002040166257928022,0.975508381620301,0.00696959725699165,-0.027133759750457398,0.006049523493167392,18.848417233714585,-0.00031980878800885737,-0.09999999999999964,0.0,1
2015-11-12,0.002367851661998044,0.976754391024222,0.006906529782127758,-0.015186503920155081,0.009848760318404226,28.463275120876702,-0.00031980878800885737,-0.09999999999999964,0.0,1
2015-11-13,0.004834278085237287,0.9779555957782081,0.007461200234741476,-0.016265783474498363,0.008233637879540085,35.92745203116014,-0.00031980878800885737,-0.09999999999999964,0.0,0
2015-11-16,-0.0106357861339621,0.9802926483857961,0.006130287485933391,-0.029564123624712946,0.00551181760298937,27.09836713685766,-0.00031980878800885737,-0.09999999999999964,0.010000000000000009,0
2015-11-17,-0.001122239175204931,0.9818570762487386,0.005891031437831372,-0.02977676623565506,0.004489092468969628,27.685242483454914,0.0016832041474150738,-0.09999999999999964,0.0,0
2015-11-18,-0.0041297241541460306,0.9833353120146898,0.006027498593347781,-0.029195970785980352,0.005608315471469214,30.150103992205146,0.0016832041474150738,-0.09999999999999964,-0.010000000000000009,1
2015-11-19,0.002453995013387056,0.9846908176606216,0.006042270401613023,-0.01822433925019884,0.005998133983389078,26.165005360279196,0.0016832041474150738,-0.09999999999999964,0.0,1
2015-11-20,0.00526656430500827,0.9846627991497189,0.006161415851387907,-0.014501718973349731,0.0061532008647489445,28.691378945138737,0.0016832041474150738,-0.09999999999999964,0.0,0
2015-11-23,-0.007938201480457985,0.9852980238178193,0.00522265639684944,-0.008608549241212682,0.0047931232656646125,25.921009926576403,0.0016832041474150738,-0.09999999999999964,0.0,1
2015-11-24,9.57840456268233e-05,0.9863797659083752,0.0052493437604351255,-0.010918778359878756,0.004526734911397041,27.87921681960343,0.0016832041474150738,-0.09999999999999964,0.0,1
2015-11-25,0.00017037845636669324,0.9881766062435331,0.004919643442515968,-0.00872790033795845,0.010709950579624863,32.30675146771037,0.0016832041474150738,-0.09999999999999964,0.0,0
2015-11-26,-0.0017743892564051622,0.9887351146568658,0.004755106477875259,-0.012824288550811969,0.002634731398878228,29.649664349076957,0.0016832041474150738,-0.09999999999999964,0.0,0
2015-11-27,-0.0019301317657413053,0.9882618273244729,0.003318203147902197,-0.019469823295007127,0.0064129024715423024,37.26610981891462,0.0016832041474150738,-0.09999999999999964,0.0,0
2015-11-30,-0.002021322757389532,0.9892201666374558,0.0011220729730301044,-0.01093227849758327,0.0031215366088366116,32.41021912378997,0.0016832041474150738,-0.09999999999999964,-0.039999999999999994,0
2015-12-01,-0.0009516000747492592,0.9899759462456582,0.0009254462515452135,-0.010763315254125327,0.006996660702602063,33.196314359977805,0.0016832041474150738,-0.09999999999999964,0.05,1
2015-12-02,0.00500483074575464,0.9912042292310792,0.003014712180691787,-0.0016896065342503208,0.007339778900155043,36.74637575958687,0.0016832041474150738,-0.09999999999999964,0.0,0
2015-12-03,-0.0012098339395217872,0.992163488558956,0.002957328505841807,-0.0053382912038354435,0.03297881708704956,28.875065446657857,0.0016832041474150738,-0.09999999999999964,0.0,1
2015-12-04,0.028545173695213588,0.9978457002945585,0.012979245081113967,0.017694745223142405,0.008606122833876581,66.21206589205559,0.004261028046846027,-0.09999999999999964,0.0,0
2015-12-07,-0.002927824698325421,1.0027726980949263,0.013122631795186444,0.022834580393061854,0.007813774108424617,64.28634730975952,0.004261028046846027,0.0,0.0,0
2015-12-08,-0.004593567319035707,1.0073046904183196,0.013673127251428161,0.01803860903521093,0.006330393226659701,63.742046200526204,0.004261028046846027,0.0,0.0,1
2015-12-09,0.005534087591859249,1.0115779529728155,0.013675573151462585,0.023498141836006292,0.009915288196746211,65.43258750884985,0.004261028046846027,0.0,0.10999999999999999,1
2015-12-10,0.011381609745304333,1.0179316504573757,0.013386432606851873,0.036987217238725556,0.008627296112263694,68.3860170452753,0.004261028046846027,0.0,0.0,0
2015-12-11,-0.00633896040313664,1.0178995743660597,0.007552409822830999,0.03240647686624709,0.009316483769433523,69.73089808379582,0.004261028046846027,0.0,0.0,1
2015-12-14,0.003273214962167037,1.0184152491160732,0.0073319208035192785,0.03788366306103197,0.008464512364773684,71.02713022007106,0.004261028046846027,0.0,0.009999999999999981,1
2015-12-15,0.0008245063652065898,1.019928100947022,0.006493754436822389,0.03972881076160939,0.013463289159847076,71.28297022306901,0.004552127982719645,0.0,0.0,0
2015-12-16,-0.00516201372972902,1.0193288334648787,0.007151890087234786,0.029210691054812665,0.00409505435637459,68.13800806288046,0.004552127982719645,0.0,0.0,0
2015-12-17,-0.005643780194730885,1.0157001732380735,0.004359753219446816,0.02464169844305797,0.005098541286619251,65.01540929064242,0.004552127982719645,0.0,0.22,0
2015-12-18,-0.002797894415359825,1.0132158925350148,0.003861603260250643,-0.00658241826525785,0.0059022541595880875,64.37187400338864,0.004552127982719645,0.0,0.0,1
2015-12-21,0.0023806451002967854,1.0100292438586655,0.0035724019163010544,-0.0012934057336788651,0.0062555177197628955,66.0687724548967,0.004552127982719645,0.0,-0.010000000000000009,1
2015-12-22,0.003961352657004813,1.0072827159801867,0.004391474972469833,0.007289877147546697,0.007238757979570857,65.70295619881158,0.004552127982719645,0.0,0.0,1
2015-12-23,0.003394516187773089,1.00611256414102,0.004249343254581254,0.00514656978147654,0.006392325507922991,67.95695564464906,0.004552127982719645,0.0,0.0,0
2015-12-24,-0.0037309703745428413,1.0054326311414947,0.0036253646916706824,-0.009872843189496328,0.0052206932913719676,49.49817212678424,0.004552127982719645,0.0,0.0,1
2015-12-25,0.00557277537829437,1.0060587139190413,0.0035723590781253337,0.0019965293751471602,0.0025518695218018418,56.09571371091808,0.004552127982719645,0.0,0.0,0
2015-12-28,-0.0003618671169611787,1.0060541188186591,0.0037652248294641325,-0.001633926988045764,0.0038296791272649476,60.01294980683808,0.004552127982719645,0.0,0.0,1
2015-12-29,0.0008450970943074676,1.005339987832028,0.003563747651565673,-0.0016133868381771332,0.008199882759511343,56.68155091372557,0.004552127982719645,0.0,0.0,0
2015-12-30,-0.0043056607474738495,1.0035444230828934,0.003986704185440105,-0.000753979210579292,0.0036600547437372613,41.54183846659178,0.004552127982719645,0.0,-0.010000000000000009,1
2015-12-31,0.0005467392219722367,1.002524628876217,0.003524318435907094,0.005466982423242062,0.006676996557381481,48.49033093209866,0.004552127982719645,0.0,-0.14999999999999997,0
2016-01-01,-0.0068520930021604975,1.0007552795665466,0.003395568792155632,0.0013791823710900264,0.0007280519560358493,37.68202171091001,0.004552127982719645,0.0,0.0,0
2016-01-04,-0.00046677878725343014,0.9988419103921435,0.0033830191362823696,-0.0014653967000608503,0.012898424467994905,36.180042144785595,0.004552127982719645,0.0,0.15999999999999998,0
2016-01-05,-0.0024361372030363704,0.9961666490956889,0.0029755755770465905,-0.007828305972021776,0.011917901591435335,38.4999167629358,0.008308313818817803,0.0,0.0,0
2016-01-06,-0.006978129118013876,0.9935893911323601,0.0035248096894560264,-0.018084934744216574,0.004653400338336386,37.40500854034794,0.008308313818817803,0.0,0.0,1
2016-01-07,0.0025115788964840124,0.9918352830442919,0.004112650929269322,-0.011932326369822777,0.009462093839259755,43.26061901365522,0.008308313818817803,0.0,0.0,1
2016-01-08,0.013635580932217062,0.9931635076384288,0.007733550123817284,-0.00400987886362425,0.011070362330043743,54.6389230335161,0.008308313818817803,0.0,0.0,1
2016-01-11,0.0013785581885210618,0.9949561378769642,0.007674754708250556,-0.002275804948459803,0.008586612694170674,52.43480329785143,0.008308313818817803,0.0,0.0,0
2016-01-12,-0.007589664336749347,0.9961317009593252,0.00864125201837369,-0.010684264542941802,0.007183737998649591,42.60472708879386,0.008308313818817803,0.0,0.0,0
2016-01-13,-0.0012904642443472003,0.9982434389164891,0.007721019653554275,-0.0076883839514366725,0.007192910402968319,44.52565121713378,0.008308313818817803,0.0,0.0,1
2016-01-14,0.003875405701209589,1.0001563011883998,0.007779442129758981,-0.00438711447164486,0.010105620449922026,42.71976942766289,0.008308313818817803,0.0,0.0,0
2016-01-15,-0.0024866815033844913,0.9988570621398052,0.004327172919981831,-1.0868085592252719e-05,0.011440925110282078,41.0741406318334,0.008308313818817803,0.0,0.0,1
2016-01-18,0.005623801410034268,0.9982413080537771,0.00527731492060753,0.006082490169124988,0.0046753575101614354,45.75954532313019,0.008308313818817803,0.0,0.0,0
2016-01-19,-0.0022880082669158863,0.9990034890197454,0.0037871899942140005,0.006231884042014801,0.004406192522274414,47.37920032738681,0.008308313818817803,0.0,0.0,1
2016-01-20,0.0016479181916557728,1.0004405078762821,0.0036283097242439184,0.014972682297077489,0.007615404538394409,48.362321400351384,0.007190375567967644,0.0,0.010000000000000009,0
2016-01-21,-0.003295766625946994,1.0004229403734435,0.003758185232061502,0.009093152139015848,0.012871781944916323,51.490534216964775,0.007190375567967644,0.0,0.0,0
2016-01-22,-0.001379393487719649,1.0009755073235347,0.0036167499834387253,-0.005854535325512611,0.006261719803760302,50.65488917709465,0.007190375567967644,0.0,0.010000000000000009,0
2016-01-25,-0.005799128462548264,0.9995187534754714,0.0027221052792823002,-0.012980376569730612,0.0053684376226007776,47.80100738541037,0.007190375567967644,0.0,0.0,1
2016-01-26,0.00500327082593266,0.9993082771029126,0.004219592108509386,-0.00045584546048405006,0.0055275599234550915,58.05627570686758,0.007190375567967644,0.0,0.0,1
2016-01-27,0.0010972959946609073,0.9987142670788853,0.004147456570905911,0.0019339102231208383,0.005426045633467293,57.021857551011664,0.007190375567967644,0.0,0.0,1
2016-01-28,0.003959650601896625,0.9994038701465088,0.004352797775764193,0.0020179921941327894,0.007333876340574171,48.22923313689426,0.007190375567967644,0.0,0.0,1
2016-01-29,0.0026577337494810838,1.000425149832162,0.004273026691292664,0.007185639128870713,0.011625035042414947,49.61044891994337,0.007190375567967644,0.0,-0.09000000000000002,0
2016-02-01,-0.010154779567405514,1.001049326254654,0.006139721845439176,-0.008617447615920315,0.007920228422175803,47.08309495327751,0.007190375567967644,0.0,0.09000000000000002,1
2016-02-02,0.006592904421440338,1.0015420861016864,0.006463033704055123,0.00020712496758545917,0.0041049946599516505,54.38676366405202,0.007190375567967644,0.0,0.0,1
2016-02-03,0.0022717767915581,1.0018087257654427,0.006496408486945319,0.0008300861950405469,0.01574753303565679,53.052126823691474,0.007190375567967644,0.0,0.0,1
2016-02-04,0.015471940292968833,1.0037344899206897,0.009239549905232836,0.019675481954780194,0.014966855030054843,65.85044160175079,0.007190375567967644,0.0,0.0,1
2016-02-05,0.009822411750006088,1.0072960365394177,0.009648403709297199,0.03111346558945982,0.00955806101640506,67.94643321116453,0.007190375567967644,-0.09999999999999964,0.0,0
2016-02-08,-0.004903881349764272,1.0122010264598753,0.007703300221305153,0.03204195135068666,0.00915218066093366,65.4347954077127,0.007190375567967644,-0.09999999999999964,0.0,1
2016-02-09,0.004017161796092905,1.0160158436929196,0.007727372517225845,0.03102931197234504,0.013404398459734762,66.54262169894116,0.006614921027238374,-0.09999999999999964,0.0,1
2016-02-10,0.008952991441609548,1.0206644577288206,0.007642253596714196,0.03911988648906517,0.012639252670384364,72.91945633822198,0.006614921027238374,-0.09999999999999964,0.0,0
2016-02-11,-0.000800888294402502,1.0222889029737559,0.006306035633587297,0.03419262608115581,0.008155213449561029,73.4051891209343,0.006614921027238374,-0.09999999999999964,0.0,1
2016-02-12,0.003282205532217697,1.0223015899503847,0.005232247721695831,0.034836738315234816,0.009167483041504564,79.85906392878846,0.006614921027238374,-0.09999999999999964,0.0,0
2016-02-15,-0.0081276913116195,1.0223514921129466,0.0063843511352761305,0.036955963983645645,0.009753804883337583,70.5595899188381,0.01350792791794686,-0.09999999999999964,0.0,0
2016-02-16,-0.004626080607256444,1.0207724867409178,0.00668360198850719,0.025398567359598445,0.005549487015440052,66.31994753266306,0.01350792791794686,-0.09999999999999964,0.0,0
2016-02-17,-0.00241884576687057,1.0171006436045835,0.004257677667743379,0.02059971163721741,0.006459443175272805,62.838243598132095,0.01350792791794686,-0.09999999999999964,-0.010000000000000009,0
2016-02-18,-0.0021578888493676285,1.0131103178315068,0.0041614062501170515,0.0028808581416783774,0.007012496908032343,60.04271138790127,0.01350792791794686,-0.09999999999999964,0.010000000000000009,0
2016-02-19,-0.0010777409623446976,1.008229191145289,0.0027998257699499997,-0.00794436655014985,0.0073805556139687565,67.23590666136202,0.014615833677778411,-0.09999999999999964,0.0,1
2016-02-22,0.001168061359324346,1.004909587450739,0.0021110602456682584,-0.0018909764729111433,0.010693290298976827,64.74658237507484,0.014615833677778411,-0.09999999999999964,0.0,0
2016-02-23,-0.00862394615890183,1.0014833942509973,0.00364106198635,-0.01445769783720463,0.005440717934360503,56.310924930407,0.014615833677778411,-0.09999999999999964,0.0,0
2016-02-24,-8.82068233815092e-05,0.9985900691038321,0.003818446220676041,-0.023289113599854083,0.007256299857872867,45.239159985377476,0.014615833677778411,-0.09999999999999964,0.0,0
2016-02-25,-0.001189491781177221,0.9961496815013604,0.0038428047780561803,-0.02366897107928867,0.005266925607787543,33.85065334246819,0.014615833677778411,-0.09999999999999964,-0.010000000000000009,1
2016-02-26,0.0010032290793346998,0.9942066587863847,0.004068607833773664,-0.025886727372443574,0.013061561226304775,38.71869727800469,0.014615833677778411,-0.09999999999999964,0.0,0
2016-02-29,-0.009165226332887633,0.9901683330164621,0.0048873287240505945,-0.02690568578692909,0.00897118632914691,27.405406719699144,0.014615833677778411,-0.09999999999999964,-0.08000000000000002,0
2016-03-01,-0.0032013371060571894,0.9877026018702129,0.004022434892146285,-0.025512832535283803,0.005142793646171286,11.671007745578606,0.014615833677778411,-0.09999999999999964,0.07,0
2016-03-02,-0.0011963651431659006,0.9851872171670295,0.0038824776124920662,-0.02431865231724406,0.004964483114696078,11.582770583525942,0.014615833677778411,-0.09999999999999964,0.010000000000000009,0
2016-03-03,-0.0006413174376633801,0.9835604045128479,0.003944794340157827,-0.022835761965861234,0.007544785027917569,4.833978871128281,0.014615833677778411,-0.09999999999999964,0.0,1
2016-03-04,0.0073577831603117705,0.9833019764803899,0.005934110567479006,-0.014583976176569369,0.012055669894990996,21.441246153694905,0.014615833677778411,-0.09999999999999964,-0.010000000000000009,1
2016-03-07,0.004111755701719844,0.9852363874590114,0.004326208775898674,-0.011686596919088466,0.0051888845492163325,31.16695962202526,0.014615833677778411,0.0,0.0,1
2016-03-08,0.0020048998059725154,0.9883048061111988,0.0035292665803932518,-0.0010905865699706307,0.0049017974014641,36.15401282936342,0.014615833677778411,0.0,0.0,0
2016-03-09,-0.0010893965260511118,0.9918995822480892,0.003502791389647841,-0.002090772611830105,0.006104218808516548,37.099105201517105,0.014615833677778411,0.0,0.0,0
2016-03-10,-0.0013627161764127038,0.9953852276865697,0.003667716505098016,-0.0022638406973096714,0.030242725029154125,36.85867962621432,0.012419956970227686,0.0,0.0,1
2016-03-11,0.017237219645811264,1.0001741085579174,0.007643869189700881,0.013917165444748303,0.011292987088716856,54.25143861059621,0.012419956970227686,0.0,0.0,0
2016-03-14,-0.000938131821971,1.0035914799158905,0.007981366551087585,0.022335917559676677,0.0064478803631375856,62.60235757988347,0.012419956970227686,0.0,0.0,0
2016-03-15,-0.0059062695138417665,1.0054786938560354,0.008990532118050398,0.019561686756616625,0.0050434778500374425,56.04127936819805,0.012419956970227686,0.0,0.010000000000000009,1
2016-03-16,0.0006331996781279159,1.0075567545847746,0.008894772465224236,0.021429275269644332,0.004770190521106802,57.74176450373454,0.01071917546112422,0.0,0.10000000000000003,1
2016-03-17,0.009895143372377513,1.0112873327211027,0.009269056824473843,0.0321984312462682,0.012126390388738776,63.60301003344482,0.01071917546112422,0.0,0.0,1
2016-03-18,0.008828060656284942,1.0128671898096433,0.006721300643524719,0.033704964625182354,0.007158784897193647,77.71491050077307,0.01071917546112422,0.0,0.0,0
2016-03-21,-0.003440202338077847,1.0141674398854235,0.0071226526605707675,0.025930435073016733,0.004609816978132646,77.28385508735182,0.01071917546112422,0.0,0.0,0
2016-03-22,-0.003820199804535185,1.0156368957968642,0.006584370263143859,0.01996624569738703,0.006234853431185216,74.16497429028216,0.01071917546112422,0.0,0.0,0
2016-03-23,-0.0011559188669088005,1.016797106878874,0.006752170334367557,0.019898321158370535,0.005076102232437663,73.57109405386527,0.01071917546112422,0.0,0.0,0
2016-03-24,-0.003734555617198043,1.015346175699414,0.005418450113147344,0.01747598513817694,0.0036097391844294507,66.28042121880534,0.01071917546112422,0.0,0.0,0
2016-03-25,-0.001172576174804485,1.0119843525047716,0.0013769557666392675,-0.000938131821971,0.0018200643656567058,62.7749417029054,0.01071917546112422,0.0,0.0,0
2016-03-28,-0.0007142132819546454,1.0087618893082024,0.0015248580722644195,-0.0007142132819546454,0.005617914517074377,60.79372485087046,0.01071917546112422,0.0,0.0,1
2016-03-29,0.0038312653772156757,1.0067396670766349,0.002743670099788489,0.009074179820118378,0.004820098396109785,64.24242113555235,0.01071917546112422,0.0,0.0,1
2016-03-30,0.007972204599380639,1.0060991295511859,0.004648194489757384,0.016475093935291785,0.0065569132362341504,69.62735096586688,0.01071917546112422,0.0,0.0,1
2016-03-31,0.0037744214930781617,1.0067529534975306,0.0037708314336716287,0.010314492621340765,0.008646328147562766,62.49511354686895,0.01071917546112422,0.0,-0.12,1
2016-04-01,0.003971520155554131,1.0086016223241914,0.003074533777844813,0.005450796374927069,0.00843728655892126,66.04791696031978,0.01071917546112422,0.09999999999999964,0.12,1
2016-04-04,0.0009111707989557516,1.0109271873706716,0.0025177875265751546,0.009840991119105524,0.0045664638127288285,73.84260172869716,0.01071917546112422,0.09999999999999964,0.0,0
2016-04-05,-9.10550644512842e-05,1.0125678760286163,0.0031508323303895656,0.013621275782189413,0.005888031009270878,73.40710725055959,0.008343938237040716,0.09999999999999964,0.0,0
2016-04-06,-0.0006146253192974571,1.0124660781935306,0.0021558329662194164,0.014170577386580119,0.008482898257588358,66.46580302523274,0.008343938237040716,0.09999999999999964,0.0,1
2016-04-07,0.0020186604071505965,1.0118448055260805,0.0018294112403177275,0.020027191655539456,0.009911896805645127,60.37944619060487,0.008343938237040716,0.09999999999999964,0.0,0
2016-04-08,-0.002718353037830301,1.0108655368048522,0.0017770673485031157,0.018448606211339147,0.006153744247437661,61.54446087385114,0.008343938237040716,0.09999999999999964,0.0,1
2016-04-11,0.0025542954159876174,1.0100422774540505,0.0021278456781874512,0.02177979351736692,0.006633489288754211,71.03525286969887,0.008343938237040716,0.09999999999999964,0.0,1
2016-04-12,0.0008672785705876596,1.0090753180673504,0.0021348705435674255,0.018762810552479525,0.009720645299435442,74.10365556654777,0.008343938237040716,0.09999999999999964,0.0,0
2016-04-13,-0.0024477091243334526,1.0078965724912496,0.0024858236131931736,0.008231348928391835,0.010454937250900903,76.82897757926301,0.008343938237040716,0.09999999999999964,0.0,0
2016-04-14,-0.00930524911166175,1.0054017003524194,0.004550429721284061,-0.004906397616036173,0.005141653896556239,61.7470373068672,0.009247476032917534,0.09999999999999964,0.0,0
2016-04-15,-0.0008001862697506468,1.0037761362350874,0.004577628212719177,-0.009635908803305226,0.006248587895717104,61.61036112515501,0.009247476032917534,0.09999999999999964,0.0,1
2016-04-18,0.002655602256659062,1.0018602374398762,0.004602024068212826,-0.007909859253989016,0.005046269248435661,60.54234466212687,0.009247476032917534,0.09999999999999964,0.0,1
2016-04-19,0.0008029258529465011,0.9996997110070158,0.004592759052193604,-0.007022868834853813,0.007159291441179766,52.22977583303599,0.009247476032917534,0.09999999999999964,0.0,1
2016-04-20,0.004475637611547123,0.9986482725657888,0.005338851047033699,-0.0019652456096178605,0.0056332399777021085,53.211833231146535,0.009247476032917534,0.09999999999999964,0.0,0
2016-04-21,-0.004804624797673518,0.9985609295447678,0.0035485132165786176,-0.008761402250817674,0.010260700628721779,40.63616398681117,0.009247476032917534,0.09999999999999964,0.0,0
2016-04-22,-0.00115180598285336,0.9984027593444069,0.0035831911290868487,-0.007204347720822457,0.0061125717805698525,37.78217668756149,0.009247476032917534,0.09999999999999964,0.0,0
2016-04-25,-0.005133943770589289,0.9969139358277672,0.004021475085152928,-0.014817751277134583,0.004632731503401913,33.08546412359972,0.009247476032917534,0.09999999999999964,0.0,1
2016-04-26,0.0031102056980327752,0.9959166796298681,0.00441635649539034,-0.012609974043879979,0.007193283405570476,38.37324541391305,0.009247476032917534,0.09999999999999964,0.0,1
2016-04-27,0.002666631687048726,0.9948172595014149,0.003934019055101195,-0.007547734046349341,0.004248743344293067,39.25745925818463,0.009247476032917534,0.09999999999999964,0.0,1
2016-04-28,0.0026509938668533017,0.9952645099271572,0.0035559248288244893,0.004429719579683855,0.005909427293788504,45.42960988611582,0.009247476032917534,0.09999999999999964,0.0,1
2016-04-29,0.0023733463784081366,0.996495428438078,0.0035134995470249134,0.0076198627963515175,0.00898623495619469,45.1884230099006,0.009247476032917534,0.09999999999999964,-0.07,1
2016-05-02,0.00943406129783142,1.0002126592919902,0.003022969534564184,0.01443188274982754,0.006790432038326589,54.26768225449126,0.009247476032917534,0.0,0.07,1
2016-05-03,0.0054052238364381555,1.0041250523417908,0.003019392598866695,0.019096854931428764,0.00954440895341978,61.27094293847013,0.009247476032917534,0.0,0.0,0
2016-05-04,-0.0018176723512414172,1.0071963134055892,0.004154851003461053,0.012711939110636505,0.005042337605331075,70.98485000100067,0.009247476032917534,0.0,0.0,0
2016-05-05,-0.0009538577405892035,1.0096945945624554,0.0046463810014204,0.016630484022132297,0.009222617256301446,70.72785967026856,0.009247476032917534,0.0,0.0,0
2016-05-06,-0.007573632043958556,1.0104347165599916,0.006628578442832944,0.010094331505751786,0.006886869369484711,58.91148505054593,0.009247476032917534,0.0,0.0,0
2016-05-09,-0.0015828700124570494,1.0091801096536215,0.004603971010085445,0.013699761052160087,0.004741901898456576,56.533861633085564,0.009247476032917534,0.0,0.0,0
2016-05-10,0.0,1.0068781476903514,0.002984274073934428,0.010556721777901235,0.0038635315408339106,52.55920434868755,0.008212490783195303,0.0,0.0,0
2016-05-11,-0.0011943994494666432,1.0046416654528454,0.0030266441037736097,0.00666530777778207,0.006331703542039686,56.76125130829166,0.008212490783195303,0.0,0.0,1
2016-05-12,0.004627989621766249,1.0028251078546448,0.004363482373947148,0.008650218830848821,0.0044682341320884745,62.22200632576616,0.008212490783195303,0.0,0.0,0
2016-05-13,-0.004380185998552388,1.0018422131334892,0.003288493019471822,0.0018543957630128283,0.008443808724078,63.12751757235385,0.008212490783195303,0.0,0.0,0
2016-05-16,-0.00527364761534832,1.0005182638863797,0.003940303949008135,-0.012742875511276508,0.0034111249886631155,54.211503870709706,0.008212490783195303,0.0,0.0,0
2016-05-17,-7.921335242178085e-05,0.9992225469814615,0.003934206086114529,-0.01812831569016471,0.0038881878162530235,51.574138444731354,0.012322973786136115,0.0,0.0,0
2016-05-18,0.0,0.9983883313613537,0.0039752241807509085,-0.016340344731751943,0.005033606714790483,48.73100953787344,0.012322973786136115,0.0,0.0,0
2016-05-19,-0.008226410538654472,0.9951582182794169,0.003541506419726023,-0.023500891653124745,0.004368683352192526,38.46907942495858,0.012322973786136115,0.0,0.0,0
2016-05-20,-0.0015128779446443863,0.9925253013519277,0.0036133664684492675,-0.017537405428873165,0.0036619184312270377,23.568782530455735,0.012322973786136115,0.0,0.0,1
2016-05-23,0.0014028329417130614,0.9909023912920232,0.0038003995992759616,-0.014599413498577074,0.004725578324038655,15.536524175151314,0.012322973786136115,0.0,0.0,0
2016-05-24,-0.000504809553903196,0.98937218046119,0.0037600468506452326,-0.015096853129064836,0.007489345763957376,16.09562222652599,0.012322973786136115,0.0,0.0,0
2016-05-25,-0.006961217486073257,0.986935921878619,0.004204172353574098,-0.02078340237203591,0.0036816068322608423,13.899526865874236,0.012322973786136115,0.0,0.0,1
2016-05-26,0.0018858629101818902,0.9865471837189075,0.003537333191580419,-0.023456168825410795,0.005647153033445884,20.988604866030173,0.012322973786136115,0.0,0.0,1
2016-05-27,0.002965871697392375,0.9870145911276574,0.0039604503802706335,-0.0162508609101375,0.006790692442930171,27.780241651973554,0.012322973786136115,0.0,0.0,0
2016-05-30,-0.007332520573385626,0.9865798141995157,0.004874533197656091,-0.018287013360617,0.00449947981403781,23.42019469712514,0.012322973786136115,0.0,0.0,1
2016-05-31,0.0034559962162050706,0.9870266499866935,0.005462479611179742,-0.014816177280042586,0.004843480286951827,29.370588273704968,0.012322973786136115,0.0,-0.08000000000000002,0
2016-06-01,-0.0011136711230264051,0.9886020794225403,0.004452501283956584,-0.015913348054278464,0.006551811917909021,21.32534309326593,0.012322973786136115,0.0,0.08000000000000002,1
2016-06-02,0.004766559853420338,0.9904706868397903,0.004923478120293692,-0.0030210822510409185,0.006255656656969667,31.596867074862345,0.012322973786136115,0.0,0.0,0
2016-06-03,-0.0033121441200332224,0.9908766411985922,0.00495328363311405,-0.004817630653777383,0.01901009484042558,33.08344580717093,0.012322973786136115,-0.2999999999999998,0.0,1
2016-06-06,0.017843763806153712,0.9953246451426824,0.008240330444570083,0.011521173265787388,0.004118818660761686,52.54781278253009,0.007842855997738596,-0.2999999999999998,0.0,1
2016-06-07,0.001147774526210954,0.9992650881856815,0.00836511379563455,0.01319364133128298,0.0035146945808560183,53.43266978223444,0.007842855997738596,-0.2999999999999998,0.0,0
2016-06-08,-0.0005451684147652625,1.0032839594061027,0.008283970052699258,0.01973991146291043,0.0055871146224399605,61.02210461500089,0.007842855997738596,-0.2999999999999998,0.0,1
2016-06-09,0.004334757925811061,1.0072502610486753,0.008275969146213216,0.022232446869254963,0.009552158196882266,65.61055653554908,0.007842855997738596,-0.2999999999999998,0.0,0
2016-06-10,-0.008067667286345337,1.0104281211369743,0.009494665596256559,0.010986957993461388,0.004419527804075503,56.47786980877594,0.007842855997738596,-0.2999999999999998,0.0,0
2016-06-13,-0.006631662188737231,1.008798650405978,0.005253849213331063,0.011700750578556685,0.005786107064404433,51.516546684398584,0.007842855997738596,-0.2999999999999998,0.0,1
2016-06-14,0.004539075631321499,1.0076115914378032,0.005929579843533411,0.012792728962602862,0.009737435847624317,60.03398143994398,0.007842855997738596,-0.2999999999999998,0.0,0
2016-06-15,-0.0069072880054985575,1.0054952356909532,0.006398152135452415,0.006918453899133148,0.0061593633198304895,53.29743849299847,0.007842855997738596,-0.2999999999999998,0.0,1
2016-06-16,0.004426245036899701,1.0027466283911879,0.006422834306470244,0.006577410235279579,0.014916063536901338,54.22098982799547,0.010036661871231978,-0.2999999999999998,0.010000000000000009,0
2016-06-17,-0.0009451934899983305,1.0014194454181717,0.005627751170029522,0.008967846740831176,0.006220977063888255,59.2847021852685,0.010036661871231978,-0.2999999999999998,0.0,1
2016-06-20,0.00862529003733603,1.0027925455319568,0.006004753682786768,-0.00017023904355273345,0.006696754004397348,62.1850600888629,0.010036661871231978,-0.2999999999999998,0.0,0
2016-06-21,-0.0022985658831186084,1.002884179522017,0.006045496899011324,-0.003612042337042709,0.009361575701004833,61.16947571543517,0.010036661871231978,-0.2999999999999998,0.0,0
2016-06-22,-0.006390338752806923,1.0030503450527586,0.0058877993241086115,-0.009439276496365223,0.008661323629277167,53.594128898082595,0.010036661871231978,-0.2999999999999998,0.0,1
2016-06-23,0.0068989244522741355,1.0034611927565615,0.006365243866086093,-0.00691027644972475,0.009007648577321262,59.82445227728247,0.010036661871231978,-0.2999999999999998,0.010000000000000009,0
2016-06-24,-0.0003736788254172785,1.0041515160100387,0.006322573093220752,0.0007926893894458775,0.03674601247970632,48.07787970003956,0.010036661871231978,-0.2999999999999998,0.010000000000000009,0
2016-06-27,-0.025437870857757172,0.9989222056562876,0.012130241264454264,-0.01815407530466262,0.00978005040387806,33.21304879819158,0.010036661871231978,-0.2999999999999998,0.009999999999999953,0
2016-06-28,-0.0018946552251383197,0.99404316665131,0.0121583728137297,-0.02444246425362584,0.008533258528794283,32.720361125199204,0.010036661871231978,-0.2999999999999998,0.0,1
2016-06-29,0.005348762635305926,0.991177668239676,0.01303098129216365,-0.01240282040495344,0.006907580856846608,33.37082489773134,0.010036661871231978,-0.2999999999999998,0.0,1
2016-06-30,0.004885190856261046,0.9878880692790755,0.012671158841830269,-0.011951564178796725,0.008986720243473809,40.29820466097869,0.010036661871231978,-0.2999999999999998,-0.10999999999999999,0
2016-07-01,-0.0019768856284785308,0.9842149229692996,0.012592485846308975,-0.012971890388161933,0.008643868021992542,42.64536660910956,0.010036661871231978,-0.2999999999999998,0.10999999999999999,1
2016-07-04,0.002248500525576791,0.9868701794657,0.0035425392077123373,-0.019212136948855707,0.004492052855517592,40.956485528193646,0.010036661871231978,0.0,0.0,1
2016-07-05,0.0013486654017149657,0.9901617792552428,0.002964477586646493,-0.015626735489478683,0.009331150938206018,45.92316587807005,0.0068296703758841115,0.0,-0.009999999999999953,0
2016-07-06,-0.007269647438516436,0.9912951362334321,0.004673831412004615,-0.01649787029746541,0.005061624104543837,38.41427964490955,0.0068296703758841115,0.0,0.0,1
2016-07-07,0.0030743370960637506,0.9921402182847859,0.0042354426062339474,-0.020233587675565157,0.004505432930452883,41.27148224424669,0.0068296703758841115,0.0,0.0,0
2016-07-08,-0.0029987529183332917,0.9925250853821925,0.004346808036350475,-0.02280650854771671,0.008856015496491992,32.56676089893773,0.0068296703758841115,0.20000000000000018,0.0,0
2016-07-11,-0.0019658249392385807,0.9918378635371727,0.00402405787925294,0.0007289129680292383,0.004708685502488081,32.74135932296383,0.0068296703758841115,0.20000000000000018,0.0,1
2016-07-12,0.001271646239479507,0.9912962347003437,0.004010253144449102,0.0039035372092517395,0.006330535836527007,37.15992923189905,0.0068296703758841115,0.20000000000000018,0.0,1
2016-07-13,0.0004425327317907346,0.9919257908249041,0.002455364288830574,-0.0009956398102632935,0.0068692077965530045,30.411799497264525,0.0068296703758841115,0.20000000000000018,0.0,1
2016-07-14,0.002895717843960144,0.9925989646031749,0.0023994753716953645,-0.0029734699463357384,0.007030740310007556,33.75638723466135,0.0068296703758841115,0.20000000000000018,0.0,1
2016-07-15,0.000999556468977314,0.9939728787999544,0.0017611414290212004,0.0,0.008845340023448894,58.18907417928238,0.009003894257862077,0.20000000000000018,0.0,0
2016-07-18,-0.004763841432411153,0.9954593537512558,0.002904668124586557,-0.006996610076553611,0.004681489496011076,54.14181250939319,0.009003894257862077,0.20000000000000018,0.0,1
2016-07-19,0.0016939082181295362,0.9968330007212906,0.002950514345830853,-0.006654244526079878,0.007108606977681905,49.751704282497776,0.009003894257862077,0.20000000000000018,0.0,0
2016-07-20,-0.005264458418638318,0.9970082165478901,0.0038314871504597507,-0.0046478124706084145,0.0041768140225092705,36.50253714349971,0.009003894257862077,0.20000000000000018,0.0,1
2016-07-21,0.0005400016885199754,0.9970354938956638,0.00336655592752804,-0.0071626373430447865,0.006532992912367998,39.39634769905041,0.009003894257862077,0.20000000000000018,0.0,1
2016-07-22,0.0012135637438472902,0.9970248075268712,0.0034051768226397486,-0.0029679130357311845,0.006525722612272823,37.62300012029351,0.009003894257862077,0.20000000000000018,0.0,0
2016-07-25,-0.005660682953456786,0.9958254436876715,0.0036472049183457,-0.006659061183767578,0.004045561959851465,30.219141215684488,0.009003894257862077,0.20000000000000018,0.0,1
2016-07-26,0.001890428187363291,0.994474642613409,0.0036909649462682896,-0.006045180381947235,0.0040031132071174265,40.376325203656336,0.009003894257862077,0.20000000000000018,0.0,0
2016-07-27,-0.00030758972216493596,0.9943958622667407,0.003016436052129927,-0.00679043840928939,0.0024706967531922253,34.24232290579408,0.009003894257862077,0.20000000000000018,0.0,1
2016-07-28,0.007795610789262497,0.9956166030587205,0.004824218667413889,-0.0019378695554632674,0.005341426266420873,50.952270300637984,0.009003894257862077,0.20000000000000018,0.0,1
2016-07-29,0.0009865334523546654,0.996645275108591,0.004822612628666468,-0.0019508543561370661,0.01100647261163814,55.120537454705904,0.009003894257862077,0.20000000000000018,-0.10000000000000003,1
2016-08-01,0.007549695340717699,1.0000518853904967,0.0038152289520855917,0.010397486035718773,0.00250809765324165,61.85491804752498,0.009003894257862077,0.20000000000000018,0.10000000000000003,0
2016-08-02,0.0,1.0031504734191585,0.004107371126671941,0.008688859686759587,0.006126837349381515,61.44841980654506,0.009003894257862077,0.20000000000000018,0.0,1
2016-08-03,0.004566067724080414,1.0066308242936295,0.0036141099897245466,0.018657280227214246,0.004990738725811881,62.97698885592481,0.009003894257862077,0.20000000000000018,0.0,0
2016-08-04,-0.006021740830530975,1.0078020315074996,0.005124808077259067,0.011976720952495024,0.0033922493414976227,54.25092367758579,0.009003894257862077,0.20000000000000018,0.0,0
2016-08-05,-0.0015032240960558552,1.0083974459192588,0.0052951117552516485,0.009230727341033917,0.010089933106350433,58.18456615784905,0.007677478695836681,0.20000000000000018,0.0,0
2016-08-08,-0.004058777165842797,1.0067724265591556,0.004061838904605044,0.010856623567251145,0.0029123081568600217,51.68406136741423,0.007677478695836681,0.0,0.0,0
2016-08-09,-0.000532002549398336,1.0051320435536346,0.0040226606324664585,0.008412513825810874,0.004510715517209855,57.41363913848513,0.007677478695836681,0.0,0.0,1
2016-08-10,0.002901274495737516,1.0030286174578338,0.003417376398370007,0.011649368281474448,0.007363201025072033,59.65143736675558,0.007677478695836681,0.0,0.0,1
2016-08-11,0.006353936619138967,1.0032449618990738,0.004056095395016453,0.01020218122503258,0.004732273847619865,63.806240539926335,0.007677478695836681,0.0,0.0,0
2016-08-12,-0.004232905836947021,1.0031738359628686,0.00456691504235578,0.004934688827668232,0.00784277632826563,65.58769407071944,0.007677478695836681,0.0,0.0,1
2016-08-15,0.0025013537896478866,1.0040546664286794,0.0039834200570619226,-0.00010055019744448224,0.004500127194912887,66.03500666679719,0.007677478695836681,0.0,0.0,1
2016-08-16,0.0015322103102499707,1.0053565230421901,0.0038376451523775552,0.0014315060487561926,0.01290382957931823,67.46686528398456,0.0072616852653728525,0.0,0.0,1
2016-08-17,0.008220219730275424,1.00705254175523,0.004825437674096017,0.005074255952886908,0.0033992012041035684,67.82645191752795,0.0072616852653728525,0.0,0.0,1
2016-08-18,0.002033833009813746,1.007810193311298,0.004416191161373013,0.01321975592652147,0.003922886405418736,68.4925369760316,0.0072616852653728525,0.0,0.0,1
2016-08-19,0.004471617839838071,1.0101546844329774,0.002735256719790437,0.01928269777478664,0.004055308232415409,66.5822404055948,0.0072616852653728525,0.0,0.0,0
2016-08-22,-0.004519249190807928,1.0110231388525592,0.004661438674919204,0.01881143385168027,0.005201959740364156,60.87336018285842,0.0072616852653728525,0.0,0.0,1
2016-08-23,0.0018677759791474458,1.0119588529357342,0.0046491614074661205,0.021257657052253576,0.004168069117258631,58.8153981046034,0.0072616852653728525,0.0,0.0,0
2016-08-24,-0.0016274394741642162,1.0109875408964697,0.0035249506371481244,0.01664605276379838,0.005972680314659618,64.38193862438722,0.0072616852653728525,0.0,0.0,0
2016-08-25,-0.0032776955622942916,1.0095012132592915,0.0037214238115188523,0.006915916593393634,0.0034951679897857486,61.96188055908513,0.0072616852653728525,0.0,0.0,1
2016-08-26,0.002370999196825707,1.0075215183388557,0.003063803875202118,0.013593760367460295,0.009366115794450566,69.28700714159861,0.0072616852653728525,0.0,0.0,0
2016-08-29,-0.00806363569749946,1.0056198866923352,0.004250933071522871,0.002911872126571957,0.00440158854003123,59.55392966721737,0.0072616852653728525,0.0,0.0,0
2016-08-30,-0.0005932011253045877,1.003253632745176,0.003851623652541061,0.0007835328281176057,0.004640642558373078,56.632336696520596,0.0072616852653728525,0.0,0.0,0
2016-08-31,-0.003535651588412514,1.00091483525609,0.003870469526406478,-0.01088562654753622,0.0034525364417775936,46.98028360886532,0.0072616852653728525,0.0,-0.10000000000000003,1
2016-09-01,0.0006696223394135892,0.9990345896577494,0.004098586286788704,-0.012232248126627043,0.006272614003953095,52.12206834124309,0.0072616852653728525,0.0,0.10000000000000003,1
2016-09-02,0.0035843813769822486,0.9971392724182749,0.004431907503400747,-0.013104730286133015,0.008670962254264997,53.23611656873407,0.007972899706217396,0.0,0.0,0
2016-09-05,-0.003460253646213496,0.9961487591725355,0.002995733509106901,-0.012054868003252284,0.003862621112080733,47.9670962434878,0.007972899706217396,0.0,0.0,0
2016-09-06,-0.0007808118713308332,0.9951344419307828,0.002995752686608006,-0.014666649254514108,0.009813681458568922,36.6645513061272,0.007972899706217396,0.0,0.0,1
2016-09-07,0.009002973486589294,0.996312213649908,0.0047611817152868555,-0.004175074429069503,0.0028672963391231506,45.7906837021321,0.007972899706217396,0.0,0.0,0
2016-09-08,-0.0011240166046414535,0.997500108220653,0.0049324312602340515,-0.002023334492921247,0.008141031031828254,39.15217977185079,0.007972899706217396,0.0,0.0,1
2016-09-09,0.0027050870759555146,0.9981710764131353,0.004852081728284302,-0.001690711234798803,0.007158004596225824,47.208221639798,0.007972899706217396,0.0,0.0,0
2016-09-12,-0.002686684260607586,0.9992503841697612,0.004672615164952784,0.0037207856695040675,0.004258545246075557,41.99721591325372,0.007972899706217396,0.0,0.0,1
2016-09-13,0.0002136855011789507,1.0005921663542203,0.004575493524842407,0.004531155260337538,0.003558508320980568,43.93104597608274,0.007972899706217396,0.0,0.0,0
2016-09-14,-0.002210085688133967,1.0002249896866913,0.002168226454543856,0.005867452185865263,0.005410100355799584,45.09557937299931,0.007972899706217396,0.0,0.0,1
2016-09-15,0.0025530989757001077,1.0005670850713528,0.0025454898671821912,0.007760712262017133,0.00539112954895435,45.32572419720775,0.007972899706217396,0.0,0.0,0
2016-09-16,-0.00012368914152427468,1.0005744567594945,0.002101559902152414,0.0040372109240225384,0.008346498793272174,56.24327405964948,0.009977682605461169,0.0,0.0,0
2016-09-19,-0.007777373556463463,0.9997243058335854,0.003910350266160548,-0.00031238882829198733,0.005018906231204074,46.20928843406022,0.009977682605461169,0.0,0.0,1
2016-09-20,0.0019900846181244436,0.99922123177351,0.004173296717546993,0.0024598066271770413,0.00422858047001429,53.14870352330812,0.009977682605461169,0.0,0.0,0
2016-09-21,-0.002386919591079395,0.9987215609458341,0.0041856430907334305,-0.008856225448218957,0.003895091906320715,49.26121800751624,0.009977682605461169,0.0,0.0,1
2016-09-22,0.003514613728614613,0.9980701441659332,0.004414102654244939,-0.004253502333757986,0.006849755664073566,49.1715695154384,0.009977682605461169,0.0,0.0,1
2016-09-23,0.0015133874616966025,0.9977890075317231,0.0045499584752169645,-0.005436931771249709,0.0030327288860115473,55.57240919031768,0.009977682605461169,0.0,0.0,1
2016-09-26,0.002596306874433685,0.99905338337971,0.0022690421503285493,-0.0001685093108552138,0.005075647340195969,59.49913485013287,0.009977682605461169,0.0,0.0,1
2016-09-27,0.0009449354736030813,1.0000335488266268,0.0022544247028102194,0.0005624612413313024,0.005867501615438527,49.47664104080426,0.009977682605461169,0.0,0.0,0
2016-09-28,-0.0026926801190115812,1.0009074801389244,0.0023780396551100107,7.85258310667114e-05,0.004742736532522707,47.18246757315622,0.009977682605461169,0.0,0.0,1
2016-09-29,0.0004826993764646126,1.0011875662703797,0.0019867796363074283,-0.0019867634600442274,0.004502135575313943,43.46930905554717,0.009977682605461169,0.0,0.0,0
2016-09-30,-0.00048246649019068055,1.0012716413769913,0.001949738484480523,-0.002344872297158629,0.008555987230726158,46.738656234789346,0.009977682605461169,0.0,-0.11000000000000004,1
2016-10-03,0.001348115713973863,1.0008660669707992,0.0016120417498363961,0.0068305797846803795,0.0033409225449455736,48.71227797297485,0.011529427611695287,0.0,0.11000000000000004,0
2016-10-04,-0.0021635460424137554,0.9999078223398499,0.0017141765723349808,0.002656883427440304,0.009812150273400983,48.78935087786405,0.011529427611695287,0.0,0.0,1
2016-10-05,3.3602890188833e-05,0.9999420087656803,0.001307963226125246,0.005089643758068529,0.004280821826768247,44.187491946547816,0.011529427611695287,0.0,0.0,0
2016-10-06,-0.00022415352006621703,0.9997896933081335,0.0012589082734104048,0.0013450084626156489,0.005576590317906703,44.03046793276511,0.011529427611695287,0.0,0.0,0
2016-10-07,-0.005683693355176489,0.9990171630056391,0.0027342157505505695,-0.005850862348201424,0.008611337464094022,47.6142637786272,0.011529427611695287,0.09999999999999964,0.0,1
2016-10-10,0.004702674868286794,0.9985407505683889,0.0037725067223237795,-0.003762241125174315,0.004573878015298286,52.526202036949314,0.011529427611695287,0.09999999999999964,0.0,0
2016-10-11,-0.00501336891279025,0.997756764953332,0.004241287280917978,-0.009692525197979918,0.007835989503934312,48.12654708216066,0.011529427611695287,0.09999999999999964,0.009999999999999953,0
2016-10-12,-0.007079590528031532,0.9957970867176791,0.004856855355394296,-0.014048645004518301,0.005057312762825836,33.22638243933355,0.011529427611695287,0.09999999999999964,0.0,0
2016-10-13,-0.004525922593985765,0.9933340835650295,0.004695920213995034,-0.018984520079123213,0.005675492636701353,26.64084095557004,0.011529427611695287,0.09999999999999964,0.0,1
2016-10-14,0.003436451413574071,0.9925091894948697,0.005368462138634494,-0.015138145204005027,0.006596376378493027,28.120725010665964,0.011529427611695287,0.09999999999999964,0.0,0
2016-10-17,-0.007414140193630958,0.9892522295223146,0.004406624912826907,-0.023756138756834244,0.004260766611919386,22.039898940959873,0.011529427611695287,0.09999999999999964,0.0,1
2016-10-18,0.0043620659278120755,0.987740121070399,0.0057277415083958685,-0.01737173718328877,0.005175210673777323,30.4649404692571,0.01446334913245173,0.09999999999999964,0.0,0
2016-10-19,-0.0035125462768069715,0.9869996233460042,0.005169894218931425,-0.020856166492047357,0.004439662680769564,27.663626448183166,0.01446334913245173,0.09999999999999964,0.0,0
2016-10-20,-0.00016463708382985498,0.987306025632544,0.004899052573003263,-0.02079787827500512,0.010296074040668145,27.844591542782055,0.01446334913245173,0.09999999999999964,0.0,0
2016-10-21,-0.004077068056276056,0.9864020438734497,0.0044617633753011665,-0.019215674613064726,0.006300741186683942,23.823314061163686,0.01446334913245173,0.09999999999999964,0.0,0
2016-10-24,-0.004374811867711936,0.9864512105373651,0.003711095495264203,-0.02807705910748004,0.0038156562511399155,22.89710230632761,0.01446334913245173,0.09999999999999964,0.0,0
2016-10-25,-0.0006525382335154095,0.9855883167335792,0.001992391038547877,-0.02381731204544768,0.0042848796614275335,22.583688962278316,0.01446334913245173,0.09999999999999964,0.0,1
2016-10-26,0.0010887853899097522,0.9854480133667246,0.002450329824013361,-0.015786630951844738,0.006562397246977234,24.151730335697806,0.01446334913245173,0.09999999999999964,0.0,1
2016-10-27,0.0022696955406378283,0.9857010271183863,0.0029967099254355205,-0.009067884205097632,0.004413310854922484,30.017661907649938,0.01446334913245173,0.09999999999999964,0.0,0
2016-10-28,-0.0010682051967778605,0.9865821013705239,0.0025270785316426365,-0.013516405981974677,0.005080876921801587,22.592151937779548,0.01446334913245173,0.09999999999999964,0.0,1
2016-10-31,0.007733138638746251,0.9895521538387064,0.0035405723140706567,0.0015377497009116947,0.0040911140520944736,36.283330401347044,0.01446334913245173,0.09999999999999964,-0.09999999999999998,0
2016-11-01,-0.001031514644415088,0.9923936949616033,0.0036115314389657408,-0.003840663853714954,0.008124843836568859,41.168251614650906,0.01446334913245173,0.09999999999999964,0.09999999999999998,1
2016-11-02,0.007629466274130747,0.996170580763195,0.00439074536353904,0.0072976799203139375,0.006168405868039196,54.2192016318314,0.01446334913245173,0.09999999999999964,0.0,1
2016-11-03,0.0036621877604354758,1.0000442019183287,0.004368503026106195,0.011153066446998539,0.006089288365245156,54.44481375612134,0.012434780416901159,0.09999999999999964,0.0,1
2016-11-04,0.00044407215237929343,1.0039100683573394,0.00402168665560847,0.015743346115422607,0.0037765884799502484,64.60753915816096,0.012434780416901159,0.0,0.0,0
2016-11-07,-0.00011102244586103094,1.0064675359765127,0.003551436057950959,0.02009329204498167,0.007068748565084954,60.32905449335734,0.012434780416901159,-0.09999999999999964,0.0,0
2016-11-08,-0.004420880636759716,1.008307961911486,0.004499863137406778,0.016246721202760828,0.0033912440303221934,58.85415351109839,0.012434780416901159,-0.09999999999999964,0.0,0
2016-11-09,-0.002997121525096569,1.0078129436406487,0.0031545603759483725,0.012098947732401166,0.03339740758907775,54.81279928068084,0.012434780416901159,-0.09999999999999964,0.0,0
2016-11-10,-0.008933144168590035,1.0050099020934433,0.003782248998505373,0.000786241849172642,0.008167893242442393,49.03992086450385,0.012434780416901159,-0.09999999999999964,0.0,0
2016-11-11,-0.002831281617497239,1.0018652605918121,0.0032368589612036644,-0.0009801075996724862,0.0062795212925503986,50.72137769231699,0.012434780416901159,-0.09999999999999964,0.0,0
2016-11-14,-0.005953629430410667,0.9974785750772769,0.002521188740659911,-0.014548534636047883,0.015103386954925397,45.40307529759198,0.012434780416901159,-0.09999999999999964,0.0,0
2016-11-15,-0.006880313144165595,0.9931768550814926,0.0026116162486086816,-0.020318193175522303,0.008646973093685577,38.83456644207629,0.012434780416901159,-0.09999999999999964,0.0,0
2016-11-16,-0.0021454703883946324,0.9889779553278548,0.0028354053357130976,-0.029822011723572128,0.008349519892882556,34.89865253383283,0.012434780416901159,-0.09999999999999964,0.0,0
2016-11-17,-0.0019271627601300523,0.9862773876310897,0.002302225280350694,-0.035224890211914994,0.007796130193370083,34.39159740376988,0.01605178918006067,-0.09999999999999964,0.0,0
2016-11-18,-0.0078079323898924136,0.9827799475328605,0.002734220080736672,-0.043182684965112794,0.006301134082939851,20.832435925048458,0.01605178918006067,-0.09999999999999964,0.0,0
2016-11-21,-0.0036515628049164084,0.9797099558256329,0.0027152311545492946,-0.04657071143222191,0.006200560824524906,19.948770925750992,0.01605178918006067,-0.09999999999999964,0.0,1
2016-11-22,0.005159869454052668,0.97872610074858,0.004683007060225563,-0.03739558153509093,0.006714194120785799,16.180003624906973,0.01605178918006067,-0.09999999999999964,0.0,0
2016-11-23,-0.0004785688337957117,0.9781467653709464,0.004735723468332092,-0.03496392361200518,0.01085708872672362,10.215426527344007,0.01605178918006067,-0.09999999999999964,0.0,0
2016-11-24,-0.008330703550515128,0.9768250640726801,0.005587840843535807,-0.034377306345063974,0.006169834013174175,8.193842053960267,0.01605178918006067,-0.09999999999999964,0.0,1
2016-11-25,0.0015843421102759159,0.9772219397033095,0.005137168389905848,-0.030101373496814188,0.008241799791827455,10.457685423425445,0.01605178918006067,-0.09999999999999964,0.0,1
2016-11-28,0.004775530538632333,0.9794221640816283,0.005479516520340979,-0.01963285027133832,0.011065381196636498,17.81790460506805,0.01605178918006067,-0.09999999999999964,0.0,1
2016-11-29,0.0008496710220731174,0.980693424768263,0.004877386494772004,-0.012002125954015175,0.006158252348837515,19.837255770639132,0.01605178918006067,-0.09999999999999964,0.0,1
2016-11-30,0.0025556034551939,0.9828243341864956,0.005038798906633293,-0.007347488604213859,0.007700331023331049,26.85924105658418,0.01605178918006067,-0.09999999999999964,-0.09999999999999998,0
2016-12-01,-0.005295992668654326,0.9860053706425639,0.0037623713183026364,-0.010698023098680065,0.004678403510699024,25.74380759529093,0.015757356862975636,-0.09999999999999964,0.09999999999999998,1
2016-12-02,0.006707148529435658,0.9899090272510179,0.004601385086083975,0.0037747778006078647,0.005979390917116821,36.9510053079026,0.015757356862975636,-0.40000000000000036,0.0,0
2016-12-05,-0.00760847728608427,0.9917424303765927,0.005844147734895592,-0.00021162977111655046,0.01883261532208443,36.55854624636685,0.015757356862975636,-0.3000000000000007,0.0,1
2016-12-06,0.016566266756818937,0.9956520780077283,0.009727355978957922,0.011133812596881842,0.0054994021425349825,51.92694911335382,0.015757356862975636,-0.3000000000000007,0.0,0
2016-12-07,-0.003430560434579788,0.998390830309449,0.010093364262140015,0.00814752493062132,0.0051753971702002,50.866514472906616,0.015757356862975636,-0.3000000000000007,0.0,1
2016-12-08,0.003874264380708814,1.0023159372731123,0.009383455687844452,0.020555298626726337,0.022912624972667682,59.22706201527061,0.015757356862975636,-0.3000000000000007,0.0,0
2016-12-09,-0.013064239313035575,1.0027934324071501,0.01147932922241261,0.005629259190619296,0.00876582086330911,52.170728644968676,0.015757356862975636,-0.3000000000000007,0.0,0
2016-12-12,-0.006961185467786013,1.0034501786110808,0.011385667777199448,-0.0061174291632840605,0.009440076131833753,44.767127772775645,0.015757356862975636,-0.3000000000000007,0.0,1
2016-12-13,0.008938935171528328,1.0017892611323953,0.008705772596364939,0.0019155241181287863,0.004353358948795214,50.411282446130976,0.015757356862975636,-0.3000000000000007,0.0,0
2016-12-14,-0.0011692748882591308,1.0005367186760652,0.008679922715096103,-0.0018069760852463812,0.004860672315992599,54.739403063316146,0.015757356862975636,-0.3000000000000007,0.0,0
2016-12-15,-0.010829519600935922,0.996778526651027,0.008818965984112555,-0.007359912376582622,0.011560220460524443,47.57674126539151,0.01779422202250225,-0.3000000000000007,0.25000000000000006,0
2016-12-16,-0.009064387457410228,0.9939216643266625,0.008005009976067018,-0.022911067334414725,0.006587906526739157,40.60836871504502,0.01779422202250225,-0.3000000000000007,0.0,1
2016-12-19,0.0029886884988181706,0.9927136972974808,0.00826065909097727,-0.012477308914417007,0.006559720285304427,41.856953180228025,0.01779422202250225,-0.3000000000000007,0.0,0
2016-12-20,-0.0042248098493339326,0.989353456746789,0.005659909677459733,-0.032674378787861946,0.0062215318064758555,38.65272935853971,0.01779422202250225,-0.3000000000000007,0.0,0
2016-12-21,-0.001475419977454595,0.9859786288966492,0.0056169052139875665,-0.030776610923266112,0.006372186103492122,40.19553853092201,0.01779422202250225,-0.3000000000000007,0.0,1
2016-12-22,0.003670882169340306,0.9849049035620894,0.005278690203673999,-0.03097297296099788,0.006717757808873343,38.218702616469166,0.01779422202250225,-0.3000000000000007,0.0,1
2016-12-23,0.0008663539074573734,0.9858395292632756,0.0032602704660359325,-0.01729516142446219,0.0036609143994291286,42.18181865135113,0.01779422202250225,-0.3000000000000007,0.0,1
2016-12-26,0.001641438252592442,0.986665648537921,0.003037283534496553,-0.008782060193426422,0.0023056728605850693,30.22827137025149,0.01779422202250225,-0.3000000000000007,0.0,1
2016-12-27,0.00020911943159651614,0.9884028383595245,0.0018917304472311368,-0.01735854551972127,0.0024846265513383467,31.96454133389483,0.01779422202250225,-0.3000000000000007,0.0,1
2016-12-28,0.0005126572884317504,0.990637783692547,0.0013877651121657923,-0.015703874473978585,0.0090542417032694,28.419252189114786,0.01779422202250225,-0.3000000000000007,0.0,0
2016-12-29,-0.004333534363994307,0.9912402228231221,0.0023604665422361404,-0.009239899631526494,0.007029542916637199,32.93936167036554,0.01779422202250225,-0.3000000000000007,0.0,1
2016-12-30,0.015196821937547789,0.9942669921815553,0.007377935197834449,0.015017012675352825,0.0076573614263320796,52.04055284745751,0.01779422202250225,-0.3000000000000007,-0.10999999999999999,0
2017-01-02,-0.004568828440610462,0.995897914388364,0.008078646943150835,0.00736886234717371,0.0071259590579243635,41.00022632940468,0.01779422202250225,0.0,0.0,0
2017-01-03,-0.006359652624358891,0.9973638329056426,0.008821352853065408,0.005209163894311475,0.013804529961840608,37.770035203440735,0.01779422202250225,0.0,0.10999999999999999,0
2017-01-04,-0.0038345156784235224,0.9979831357667031,0.008981985527625507,0.002834275319145707,0.008401914455834748,42.36257938333211,0.01779422202250225,0.0,0.0,1
2017-01-05,0.0077706268201145345,1.0008251014895746,0.009405933192916539,0.006930602640076167,0.011653817943378584,56.8097411758188,0.01779422202250225,0.0,0.0,1
2017-01-06,0.010001377034090986,1.0014826707014801,0.007658691864594941,0.01612097486721842,0.006536443589763475,61.527723924001556,0.01892393008951143,0.10000000000000053,0.0,0
2017-01-09,-0.0069826670834416404,1.0016499750157684,0.008127817515225528,0.007372201117705757,0.0044910089834894265,58.92223896946506,0.01892393008951143,0.10000000000000053,0.0,1
2017-01-10,0.0053896182614066035,1.0043566136231596,0.007457249530721584,0.012589800525356853,0.006041399494437245,63.25067043363743,0.01892393008951143,0.10000000000000053,0.0,0
2017-01-11,-0.00341890387699062,1.0072533501471173,0.00737124363626859,0.008610781662129696,0.01047185775074161,58.30064356483125,0.01892393008951143,0.10000000000000053,0.0,1
2017-01-12,0.004292019067757558,1.008698859241997,0.006904970315831058,0.01734847293659736,0.010450051541034178,60.233966267881314,0.01892393008951143,0.10000000000000053,0.0,1
2017-01-13,0.001804836083313388,1.0079554098864356,0.005266355158491722,0.003928103542225836,0.0063862213199141395,60.33512502565896,0.01892393008951143,0.10000000000000053,0.0,1
2017-01-16,0.0011160953639486326,1.0089417175145352,0.003420287939406705,0.009661553465189598,0.004901419236833962,60.818059062350265,0.01892393008951143,0.10000000000000053,0.0,0
2017-01-17,-0.002417566912655489,1.0082689885598113,0.003165403767192849,0.013667200371621835,0.010995078495157759,58.64015734539687,0.01892393008951143,0.10000000000000053,0.0,1
2017-01-18,0.00884631894508403,1.0095447633387107,0.00417753841405883,0.02657082565627089,0.005146483657796951,66.22099604826124,0.021799728396826534,0.10000000000000053,0.0,0
2017-01-19,-0.00645104705533206,1.009161500547193,0.005668789118726088,0.01208384309894206,0.008191711465468477,53.39431887740549,0.021799728396826534,0.10000000000000053,0.0,1
2017-01-20,0.003005979317866281,1.008912459514766,0.00575842727304856,0.005074021958467068,0.006418564911994256,58.770676567370835,0.021799728396826534,0.10000000000000053,0.0,1
2017-01-23,0.005067641240300125,1.0092863293750534,0.0060718639557859515,0.017270638725679355,0.0044614955807304605,67.05422505416736,0.021799728396826534,0.10000000000000053,0.0,1
2017-01-24,0.004390395606266306,1.0108204861611052,0.00569443042964252,0.016259607927110453,0.004188526103870883,72.7005544582124,0.021799728396826534,0.10000000000000053,0.0,0
2017-01-25,-0.002982562043283732,1.0101518356196322,0.005066248218222608,0.01670456577607049,0.005279292612790393,66.22718896748499,0.021799728396826534,0.10000000000000053,0.0,1
2017-01-26,0.0021718067352010095,1.0108986627196455,0.0031798268859803604,0.014558148680247962,0.008922075528974904,61.77691152924262,0.021799728396826534,0.10000000000000053,0.0,0
2017-01-27,-0.006420364222734398,1.0108236943331947,0.004969864856395314,0.006228238807129749,0.006014717595835884,62.281628184134796,0.021799728396826534,0.10000000000000053,0.0,1
2017-01-30,0.002903525942814511,1.009938259936404,0.004542541833904128,0.008024796800444767,0.011147324217154909,60.6341732751664,0.021799728396826534,0.10000000000000053,0.0,0
2017-01-31,-0.0005033636575444422,1.0077763087561702,0.0038356780978182022,0.009959037303554075,0.011607462706837594,63.97827548309307,0.021799728396826534,0.10000000000000053,-0.09999999999999998,1
2017-02-01,0.008891559113678227,1.007370702259681,0.005562379234989652,0.010004327370299437,0.0063927752823134615,66.93354228904451,0.021799728396826534,0.10000000000000053,0.09999999999999998,0
2017-02-02,-0.0033702284934149507,1.0064010317894279,0.00591338525572038,0.013136171121084894,0.005403027763671065,62.028595701882374,0.021799728396826534,0.10000000000000053,0.0,0
2017-02-03,-0.000527327184098314,1.0071420849640358,0.004702271739756792,0.009567178817337929,0.006340126589850214,60.7340942714175,0.021799728396826534,0.20000000000000018,0.0,1
2017-02-06,0.001973286307072275,1.0072496595353753,0.004649922130049397,0.006458970919665408,0.007627307334539546,64.62631962422682,0.021799728396826534,0.09999999999999964,0.0,0
2017-02-07,-0.0036848588353365352,1.007169250515352,0.005148143123543313,-0.0016329147761394713,0.008067298242366926,54.13699479927937,0.020683978211476495,0.09999999999999964,0.0,0
2017-02-08,-0.0060652039383213285,1.0042279369336027,0.003107943458069146,-0.004719729596394662,0.006114718741581684,54.51058659444936,0.020683978211476495,0.09999999999999964,0.0,1
2017-02-09,0.0013258307123169555,1.0023803285351431,0.003411575321453248,-0.005559888179136885,0.004931946034904255,53.01057330048282,0.020683978211476495,0.09999999999999964,0.0,0
2017-02-10,-0.003144288409358209,1.0002589027192554,0.0034456282173006237,-0.002280975165145027,0.0055437393056787234,44.687237335856445,0.020683978211476495,0.09999999999999964,0.0,0
2017-02-13,-0.0036637644435899563,0.9972495066580159,0.0026938786760365902,-0.008814316000666733,0.006081394256312555,36.18236608496485,0.019797821987593833,0.09999999999999964,0.0,0
2017-02-14,-0.0019818553870826205,0.994567316936876,0.002700634405484411,-0.010280513867617302,0.006739316658463305,36.98179148171281,0.019797821987593833,0.09999999999999964,0.0,0
2017-02-15,-0.0019041322447906905,0.9932538198021051,0.0019408983802403493,-0.020871053561629993,0.006224211112907925,32.525062551426515,0.02541294460053667,0.09999999999999964,0.0,1
2017-02-16,0.0027473211674677867,0.9917629056163615,0.002538744468026546,-0.014860928111343874,0.00699811218422241,41.729797979797986,0.02541294460053667,0.09999999999999964,0.0,1
2017-02-17,0.006115228463020372,0.9919600376323732,0.004048942625770235,-0.008313634440237583,0.004783676744713895,45.748344756899066,0.02541294460053667,0.09999999999999964,0.0,0
2017-02-20,-0.004271977702834273,0.9924968063762903,0.0042026113554741035,-0.014494780437424803,0.002472212291218486,42.2850959606504,0.02541294460053667,0.09999999999999964,0.0,0
2017-02-21,-0.0016232376737422838,0.9934036649621685,0.004160172072592664,-0.012455527663310817,0.008097473508713048,28.54515314177455,0.02541294460053667,0.09999999999999964,0.0,0
2017-02-22,-0.006346313119163338,0.9935928785925194,0.005094621609187694,-0.012734829503596057,0.00563384932285704,26.72146451646276,0.02541294460053667,0.09999999999999964,0.0,1
2017-02-23,0.0011398418605113037,0.9935154676138267,0.004870387300992941,-0.012918206691976075,0.005310946785261998,28.826824607215286,0.02541294460053667,0.09999999999999964,0.0,1
2017-02-24,0.002879003032955074,0.9923282729605416,0.003782386054183919,-0.006953972099781769,0.004897115082148117,30.130630189823123,0.02541294460053667,0.09999999999999964,0.0,0
2017-02-27,-0.002996992533197518,0.9916920266059897,0.003599526018259745,-0.006289402074622585,0.005848768414865711,30.621858687003936,0.02541294460053667,0.09999999999999964,0.0,1
2017-02-28,0.0029847640571236678,0.9917985476372208,0.004082264467384306,-0.0013442190594538106,0.00475755889395231,39.75417306840967,0.02541294460053667,0.09999999999999964,-0.09000000000000008,0
2017-03-01,-0.0014268959926961866,0.9934012599817199,0.0026544170420036753,-0.0008667150867137652,0.006889205602859629,36.58599335244268,0.02541294460053667,0.09999999999999964,0.09000000000000008,0
2017-03-02,-0.003150221226062011,0.9941402086680821,0.0030640786024263306,-0.006743001944007454,0.004245928486552674,36.61187264485828,0.02541294460053667,0.09999999999999964,0.0,0
2017-03-03,-0.0024802802950946168,0.9939117637321495,0.0025498320867547073,-0.015228659435636449,0.006678619671778964,37.673604606977904,0.027138451959765497,0.09999999999999964,0.0,1
2017-03-06,0.010535499846702434,0.9959495340559864,0.005693495441970631,-0.000584118767600228,0.0056369482087704715,52.05069032036746,0.027138451959765497,0.0,0.0,0
2017-03-07,-0.003882557517749352,0.9966250182625809,0.0060031243821135885,-0.002845790130646564,0.004085983120599886,50.08047871439808,0.027138451959765497,0.0,0.0,0
2017-03-08,-0.0008561622611157338,0.9971515923268129,0.005976499354141063,0.0026637018716475502,0.0035950606345766405,46.528917167998365,0.027138451959765497,0.0,0.0,0
2017-03-09,-0.0021516004262148725,0.9980519503882441,0.005859048565139643,-0.0006327504017660246,0.008378344471682822,37.36711817133372,0.027138451959765497,0.0,0.0,1
2017-03-10,0.0029407277055000236,0.9997285685603492,0.00573163267382978,-0.0005712418687853216,0.008292136348356498,44.97141010342084,0.027138451959765497,-0.09999999999999964,0.0,1
2017-03-13,0.010551025943817516,1.000710585966214,0.005737876224948838,0.01300973951263007,0.005512153557022911,57.025787394214355,0.027138451959765497,-0.09999999999999964,0.0,0
2017-03-14,-0.0036107226385362345,1.001824762570356,0.005677221604791557,0.006348329988817181,0.0032551478565715935,60.03135824498793,0.027138451959765497,-0.09999999999999964,0.0,0
2017-03-15,-0.003661411797412417,1.0024620146286298,0.006077312548553484,0.00409641549263684,0.0028714847956660496,55.099795595616875,0.028392096151985458,-0.09999999999999964,0.0,1
2017-03-16,0.011822479042923772,1.0054400926565685,0.007434427198010798,0.019177960365752256,0.0036002886891985013,61.49832943236435,0.028392096151985458,-0.09999999999999964,0.25,1
2017-03-17,0.003426324693639682,1.0086569656908073,0.007426691999172177,0.02521281010976062,0.004933133624105131,66.5072533926301,0.028392096151985458,-0.09999999999999964,0.0,0
2017-03-20,-0.002943527856582917,1.0091021017920514,0.006737058327501452,0.011538009104423486,0.003230739372709479,61.801973318017616,0.028392096151985458,-0.09999999999999964,0.0,0
2017-03-21,-0.0004939042056647525,1.0101172992934737,0.006335230390140941,0.01497912104430621,0.007659131617961995,62.71559322765638,0.028392096151985458,-0.09999999999999964,0.0,1
2017-03-22,0.0069631497061644065,1.012596316920221,0.0058823450351601645,0.022922360133566633,0.004087479154120919,69.63981594655814,0.028392096151985458,-0.09999999999999964,0.0,0
2017-03-23,-0.002060828622453159,1.0124552002947727,0.004141125228524922,0.023015412853576223,0.0031924180954070766,70.02258842594247,0.028392096151985458,-0.09999999999999964,0.0,0
2017-03-24,-0.0005823378938569768,1.0116796921292592,0.003931415272280258,0.019421830193031564,0.004671919347127377,63.713822153135794,0.028392096151985458,-0.09999999999999964,0.0,1
2017-03-27,0.006086550392845558,1.01227000102515,0.004204449389632343,0.014918164648015653,0.006068077574087473,71.78908647831076,0.028392096151985458,-0.09999999999999964,0.0,1
2017-03-28,0.0010534834008790739,1.0132673187087509,0.004029922796158196,0.01966910641406816,0.0025195308919951577,73.35124072163073,0.028392096151985458,-0.09999999999999964,0.0,0
2017-03-29,-0.0039808697853092045,1.0121878024045101,0.0038254453518356338,0.019342167916540864,0.007911793791738966,71.01396086805015,0.028392096151985458,-0.09999999999999964,0.0,0
2017-03-30,-0.005369189494051185,1.0105588234170324,0.00451694315342733,0.002022733885821637,0.004377214685273855,63.5182102125177,0.028392096151985458,-0.09999999999999964,0.0,0
2017-03-31,-0.006743423403340887,1.0079143445499144,0.005297932446398375,-0.008132788787133749,0.0026822187613427645,49.764755434423336,0.028392096151985458,-0.09999999999999964,-0.09000000000000008,0
2017-04-03,-0.0017069780298106796,1.004313370806306,0.003085475276284208,-0.006902674683797572,0.0037518731152223275,51.42327952487739,0.027471418964357674,-0.09999999999999964,0.09000000000000008,1
2017-04-04,0.00011732285338572623,1.0003257262848844,0.0027630664579656725,-0.006295366774363043,0.003543628312068547,55.02904049859791,0.027471418964357674,-0.09999999999999964,0.0,1
2017-04-05,0.0009612642031981977,0.9972494781312639,0.003379603771452005,-0.012218226448153291,0.0032840673011123502,43.71276662222962,0.027471418964357674,-0.09999999999999964,0.0,0
2017-04-06,-0.000736440065688071,0.9950435628992106,0.003029806621779868,-0.010907318013055556,0.004874608484863648,38.08292963571327,0.027471418964357674,-0.09999999999999964,0.0,0
2017-04-07,-0.0026079227997661825,0.9939458745728391,0.0014176228519832382,-0.012911976608898201,0.004580389816931115,38.430816004846555,0.027471418964357674,-0.2999999999999998,0.0,0
2017-04-10,-0.005883617110320483,0.9928276579412809,0.0027210213216152528,-0.024656104363858344,0.0035389869856752984,33.86369702541593,0.027471418964357674,-0.20000000000000018,0.0,1
2017-04-11,0.0014730477104787365,0.9917251324647652,0.002992643851130524,-0.02424731552791659,0.00474313013292598,24.614630518558585,0.027471418964357674,-0.20000000000000018,0.0,1
2017-04-12,0.00129461378124196,0.9904431449790547,0.0030602004434995824,-0.019079174579819558,0.002567455817999355,28.432063162555593,0.027471418964357674,-0.20000000000000018,0.0,1
2017-04-13,0.0055913557153077775,0.9907198305564817,0.004373895640960458,-0.008269709459439278,0.006212134922842661,37.893862110981104,0.027471418964357674,-0.20000000000000018,0.0,0
2017-04-14,-0.005085245648902559,0.9909244169219711,0.00485344125297445,-0.0066140797410720875,0.0023050480980040693,24.453443411014746,0.02451244115669149,-0.20000000000000018,0.0,0
2017-04-17,-0.0005516709521382612,0.9920701603240495,0.0038662401290631347,-0.005464451566500328,0.005665247836195524,22.219871192985707,0.02451244115669149,-0.20000000000000018,0.0,1
2017-04-18,0.0032038844332133998,0.9933789534090539,0.004043590391516894,-0.0023951164560856997,0.006635253142052406,30.385355882408533,0.02451244115669149,-0.20000000000000018,0.0,1
2017-04-19,0.007907136917610913,0.9959622949015654,0.005141160606286804,0.004527465653910934,0.003255598963541736,46.691737949848935,0.02451244115669149,-0.20000000000000018,0.0,0
2017-04-20,-0.0012751281128192682,0.9971419670443198,0.004925734071914645,0.003985939913896619,0.006302676203695339,53.4183521669885,0.02451244115669149,-0.20000000000000018,0.0,0
2017-04-21,-1.0680427804499182e-05,0.9993067163816644,0.0037920436637665055,0.006600352925194786,0.004712232825132383,55.89785696189781,0.02451244115669149,-0.20000000000000018,0.0,1
2017-04-24,0.014842949307033004,1.0041200843655465,0.006576915218276521,0.02758720057173547,0.005177970253639637,68.58855346513559,0.02451244115669149,-0.20000000000000018,0.0,0
2017-04-25,-0.000836684217813688,1.008223098797498,0.007072173325427392,0.02521724066947817,0.008185019918063122,66.85932768349274,0.02451244115669149,-0.20000000000000018,0.0,1
2017-04-26,0.005835799935681951,1.0114331681429949,0.00685253384403108,0.029866923464674455,0.008238542371960617,71.21815664556962,0.02451244115669149,-0.20000000000000018,0.0,0
2017-04-27,-0.0017672641505214193,1.0143509451931028,0.006944972869787964,0.02233066218011226,0.007166151827391664,72.23930842025226,0.02451244115669149,-0.20000000000000018,0.0,0
2017-04-28,-0.004095802504536117,1.016300337168125,0.007679291750380486,0.023347370456420435,0.008272147270094841,74.48929141057971,0.02451244115669149,-0.20000000000000018,-0.08000000000000007,1
2017-05-01,0.0039811951266213175,1.0157954474124506,0.0041401055080890654,0.027988627485434403,0.0036635461150410966,75.657910320487,0.02451244115669149,-0.20000000000000018,0.08000000000000007,1
2017-05-02,0.0001309307074914834,1.0154869136179456,0.004076923604635076,0.024839754627335342,0.0033261662344406277,75.1521782495421,0.02451244115669149,-0.20000000000000018,0.0,1
2017-05-03,0.0024495480094361977,1.0144188483991348,0.003227559188846807,0.019290479428614615,0.003109284883008564,73.70270696765884,0.02451244115669149,-0.20000000000000018,0.0,0
2017-05-04,-0.004268494483888996,1.0130274554116465,0.0037487696718918368,0.016235474061913502,0.008468815737544112,74.71637093147937,0.020352463476914107,-0.20000000000000018,0.0,1
2017-05-05,0.008499797741160053,1.0136204998333067,0.004717951854268259,0.024884216250711466,0.004246103577137368,79.06923742254386,0.020352463476914107,-0.2999999999999998,0.0,0
2017-05-08,-0.001491319722426554,1.0128898852514059,0.004823033430847664,0.008388329351445956,0.006997427876668105,75.83569633676834,0.020352463476914107,-0.09999999999999964,0.0,0
2017-05-09,-0.003409457703688168,1.0116919036694665,0.0052364490836416325,0.005791802120870271,0.005615653577074676,67.3491522606383,0.020352463476914107,-0.09999999999999964,0.0,0
2017-05-10,-0.003745114475203981,1.0095029851363662,0.005348906593886642,-0.0037886931964639103,0.0037620400446972888,64.29587312922135,0.020352463476914107,-0.09999999999999964,0.0,0
2017-05-11,-0.0014784487785168832,1.0082345918815265,0.005044275549063367,-0.0035004626778315506,0.004784383624465857,62.63040029678808,0.020352463476914107,-0.09999999999999964,0.0,0
2017-05-12,-0.0005324023584492021,1.004930767373554,0.0013811541736243958,6.506762699021174e-05,0.0070038054953441824,49.03170575577853,0.02205199045585826,-0.09999999999999964,0.0,1
2017-05-15,0.0057368796869232686,1.002768984410128,0.003830155140027594,0.001813903966807029,0.006110309579200292,56.04029167185533,0.02205199045585826,-0.09999999999999964,0.0,1
2017-05-16,0.004985776975336753,1.0022076723500388,0.004163271012286265,0.006676919741460008,0.00998949542545698,55.26807336349472,0.02205199045585826,-0.09999999999999964,0.0,1
2017-05-17,0.010217454571270101,1.0043288843636409,0.004821100082120607,0.014477583890627477,0.006048696893782299,65.3970829795507,0.02205199045585826,-0.09999999999999964,0.0,1
2017-05-18,0.005622856425677947,1.0075295129565114,0.003825834522873516,0.024555153713981426,0.006016265201210006,73.60995754668804,0.02205199045585826,-0.09999999999999964,0.0,0
2017-05-19,-0.003834215050707246,1.0102382138254817,0.005127490100359984,0.012024782959137337,0.008769196461085987,66.66936664333116,0.02205199045585826,-0.09999999999999964,0.0,1
2017-05-22,0.008213137179417185,1.0137784897824842,0.005384449481894318,0.0218606022001826,0.009010017324664901,70.89935240968927,0.02205199045585826,-0.09999999999999964,0.0,1
2017-05-23,0.0030345825164299622,1.016735290931615,0.005459634199021916,0.028468040802559047,0.0062629410621034155,71.19554800741999,0.02205199045585826,-0.09999999999999964,0.0,0
2017-05-24,-0.005298987392550969,1.017126789320304,0.005896776872045849,0.026863924568671704,0.0029548252958210923,69.93657519130586,0.02205199045585826,-0.09999999999999964,0.0,1
2017-05-25,0.004615861514984054,1.0169937550693438,0.005737842880232308,0.03313121782625661,0.004934950740714952,68.14497032695,0.02205199045585826,-0.09999999999999964,0.0,0
2017-05-26,-0.0017937266377162642,1.0171585272391228,0.005335765908468389,0.031827410187281524,0.0061179662130039026,67.77333034281672,0.02205199045585826,-0.09999999999999964,0.0,0
2017-05-29,-0.003095828075526108,1.0153991716945847,0.004186506727510703,0.022765566916399083,0.0024814523066551968,68.03709278218383,0.02205199045585826,-0.09999999999999964,0.0,0
2017-05-30,-0.004206650450045868,1.0123997262017312,0.0038973034435210736,0.013410510892267968,0.008163700763422885,67.44055487836283,0.02205199045585826,-0.09999999999999964,0.0,1
2017-05-31,0.0038318428032897422,1.0111816751745488,0.004074389551158685,0.0070047157291908135,0.007737403550555995,70.87232385434426,0.02205199045585826,-0.09999999999999964,-0.08000000000000007,1
2017-06-01,0.006431314550834566,1.0097914440712161,0.004644081862184585,0.00781428478313595,0.004811932787525044,74.05283894588712,0.02205199045585826,-0.09999999999999964,0.08000000000000007,0
2017-06-02,-0.0024675137548544335,1.0088155728033639,0.004726649642595339,0.00919696737453024,0.006706816228069803,69.17259638465451,0.02205199045585826,-0.20000000000000018,0.0,1
2017-06-05,0.005798381206417069,1.0092686149248369,0.004894538369869407,0.006779855044771299,0.003797193333813799,69.59898124204095,0.019832087214401994,-0.10000000000000053,0.0,0
2017-06-06,-0.0021275399601946576,1.0100734578279178,0.004300728025755008,0.00159845750441856,0.0033564868622582298,62.06769222071261,0.019832087214401994,-0.10000000000000053,0.0,1
2017-06-07,0.0012962107333662765,1.0101204434691498,0.004222742529589997,0.008239387981144208,0.0066273942377851475,59.176292746926784,0.019832087214401994,-0.10000000000000053,0.0,0
2017-06-08,-0.0014406964924613685,1.008589309878756,0.003455713186645514,0.002160984710176006,0.00654745784235961,61.79182534041227,0.019832087214401994,-0.10000000000000053,0.0,0
2017-06-09,-0.006252378455307017,1.0065915791680284,0.004458402618920986,-0.002315331473397908,0.004401707648125579,48.269860959398656,0.019832087214401994,-0.10000000000000053,0.0,1
2017-06-12,0.001534773000145373,1.003946750311398,0.003160655416614033,0.002318894994269405,0.0032961951793650988,46.721992228714775,0.019832087214401994,-0.10000000000000053,0.0,0
2017-06-13,-0.0005150637524415913,1.0019032504804637,0.003149843834261294,0.006034673073316066,0.003521380571131664,51.66020108884079,0.019832087214401994,-0.10000000000000053,0.0,1
2017-06-14,0.0011321271010444889,1.0002734889956382,0.003119667782532486,0.003329033056643116,0.008610303776962503,47.65614298542445,0.018528883505283922,-0.10000000000000053,0.0,1
2017-06-15,0.0006168448852073016,0.9993055713564208,0.003199532594721624,-0.0024675137548544335,0.008448753933682012,50.5506064631985,0.018528883505283922,-0.10000000000000053,0.2499999999999999,0
2017-06-16,-0.006141900802764444,0.9984809215405934,0.0031515968823553108,-0.006141900802764444,0.0054391638189303865,47.03092558190362,0.018528883505283922,-0.10000000000000053,0.0,1
2017-06-19,0.005503223180462813,0.9985778067536878,0.004179265814805235,-0.006433554875905689,0.004767414640102419,57.838779092813866,0.018528883505283922,-0.10000000000000053,0.0,0
2017-06-20,-0.005683693355176489,0.9980760986852584,0.004944486695284506,-0.009974362773166656,0.004049109600221292,47.42141242451561,0.018528883505283922,-0.10000000000000053,0.0,0
2017-06-21,-0.0006793441927142041,0.9969811453568862,0.004821863577342532,-0.011927680885832737,0.0023183622230373855,38.467651627352524,0.018528883505283922,-0.10000000000000053,0.0,1
2017-06-22,0.002713658021074039,0.996396991893635,0.0051103019129337965,-0.007816955880124099,0.0027783699411265683,44.76890265654795,0.018528883505283922,-0.10000000000000053,0.0,0
2017-06-23,-0.0015721002852027155,0.996717763970757,0.004268222913542705,-0.0031440464396730317,0.005591363451882156,34.27078390230237,0.018528883505283922,-0.10000000000000053,0.0,1
2017-06-26,0.004412276023639805,0.9964482773722937,0.003935051950243927,-0.0002799861017921401,0.00411878993394267,43.44316873748143,0.018528883505283922,-0.10000000000000053,0.0,0
2017-06-27,-0.0013643431779222226,0.9969023244780588,0.002700108061536584,-0.0011294652767684932,0.013377360656623653,40.08117870620091,0.018528883505283922,-0.10000000000000053,0.0,1
2017-06-28,0.013913098906810362,0.9997647410430112,0.006308696837136384,0.011622633868102472,0.00799886711188805,57.211385892320074,0.018528883505283922,-0.10000000000000053,0.0,1
2017-06-29,0.0038359027970225057,1.0029862660265199,0.006288297310942309,0.014877098211742323,0.005017982482827857,67.81172995853045,0.018528883505283922,-0.10000000000000053,0.0,1
2017-06-30,0.005183140022908317,1.0071787035646311,0.005511128945456207,0.026441651118814358,0.004553993300652743,70.06637057737412,0.018528883505283922,-0.10000000000000053,-0.09999999999999987,0
2017-07-03,-0.0016221172229486935,1.0105328735954482,0.006326137601994019,0.019167933839890683,0.006043383163328613,68.59727498710193,0.018528883505283922,0.0,0.09999999999999987,0
2017-07-04,-0.004525806268817711,1.0133597520730944,0.007105026429788267,0.020354760789763615,0.0036306691268792692,62.5197680548234,0.016334134966052183,0.0,0.0,0
2017-07-05,-0.0009883622131555692,1.0133333655582473,0.004029925012537248,0.020039238433155804,0.0047332596330270415,61.04764563456658,0.016334134966052183,0.0,0.0,0
2017-07-06,-0.0011686762854835608,1.012284413182534,0.0035486841508583634,0.01608982246806412,0.006904066713396974,66.72716176922249,0.016334134966052183,0.0,0.0,1
2017-07-07,0.006866245421522477,1.0109064664443783,0.004248181843681827,0.024677440255507443,0.004843379518195489,67.62446270727614,0.016334134966052183,0.10000000000000053,0.0,0
2017-07-10,-0.0018360141755821013,1.0096593756317536,0.0042660178872901845,0.01830308366892819,0.003008611144562192,72.67973937998465,0.016334134966052183,0.10000000000000053,0.0,1
2017-07-12,0.006150085802023142,1.0102343582436413,0.004312730648401802,0.025965504042180232,0.008380847416649965,76.56902664516105,0.016334134966052183,0.10000000000000053,0.0,0
2017-07-13,-0.004795927622542107,1.0103355808769996,0.005178460749176362,0.007034082943053299,0.00724458391795283,69.10013875747833,0.016334134966052183,0.10000000000000053,0.0,0
2017-07-14,-0.0013115312019776892,1.010504361562479,0.005194085274548882,0.0018702494297770933,0.0065294721050954095,69.37172061700076,0.016100730638902716,0.10000000000000053,0.0,1
2017-07-17,0.006265629708904763,1.009932460991898,0.0050292510454733215,0.0029491714376508327,0.004441809983029747,70.37627136508159,0.016100730638902716,0.10000000000000053,0.0,0
2017-07-18,-9.183217234198793e-05,1.0099914973777233,0.004849802915475744,0.004486463228711157,0.009798997898470833,71.88307971658081,0.016100730638902716,0.10000000000000053,0.0,1
2017-07-19,0.00657179795232854,1.0095246128090483,0.004958909691218747,0.015684536754484002,0.0036844226034893693,68.02362121175021,0.016100730638902716,0.10000000000000053,0.0,0
2017-07-20,-0.0018445336119830014,1.009713207061294,0.004158896360502785,0.014814076373734997,0.01473348983952342,62.970355412640096,0.016100730638902716,0.10000000000000053,0.0,1
2017-07-21,0.00869828494294711,1.0116130055379802,0.004601376510476097,0.024838923320272377,0.004725021619957035,65.50407050268733,0.016100730638902716,0.10000000000000053,0.0,1
2017-07-24,0.004555875441164092,1.0128689090602685,0.004444320065201094,0.022487312970924656,0.004280501969626866,70.27626726086217,0.016100730638902716,0.10000000000000053,0.0,0
2017-07-25,-0.003666275551012843,1.013796746706386,0.0053727058313390655,0.020612451663187814,0.006469780837416016,71.26757305994934,0.016100730638902716,0.10000000000000053,0.0,1
2017-07-26,0.0004890718808658878,1.0134127277272236,0.004998616706760643,0.014870066527508774,0.00337166669771992,72.81504191378555,0.016100730638902716,0.10000000000000053,0.0,1
2017-07-27,0.0071658282629512016,1.015171591176937,0.005049339007404353,0.0270681958642347,0.01023880169499123,77.48019232653567,0.016100730638902716,0.10000000000000053,0.0,0
2017-07-28,-0.003354691317881242,1.0148635393095085,0.004786778519695189,0.024966975273765124,0.007764891930870269,70.14636845678754,0.016100730638902716,0.10000000000000053,0.0,1
2017-07-31,0.005016134873488509,1.014656052474382,0.00487495567430265,0.0236942587024489,0.008591135908299519,74.79839230232979,0.016100730638902716,0.10000000000000053,-0.08999999999999986,1
2017-08-01,0.006538741344806143,1.0161033204215981,0.00448559480248629,0.030482562128507862,0.003930826962756904,75.03908401059061,0.016100730638902716,0.10000000000000053,0.08999999999999986,0
2017-08-02,-0.0010866257920078004,1.0170539239007226,0.004767608699528369,0.022642215182583136,0.006150686314089625,79.85627043365616,0.016100730638902716,0.10000000000000053,0.0,1
2017-08-03,0.0033775736778360876,1.0170246228203021,0.0041757241113044375,0.027992431202645163,0.00513465570718199,82.78830085513114,0.016100730638902716,0.10000000000000053,0.0,1
2017-08-04,0.0028522959141332738,1.0180489376020743,0.0028668648624117295,0.022034621454952275,0.012961917771643041,81.7825577759564,0.016520172790499776,0.0,0.0,0
2017-08-07,-0.008963250192756678,1.017036660292439,0.005965338213110994,0.008280270116757027,0.002952899252959807,70.27812093085373,0.016520172790499776,0.0,0.0,1
2017-08-08,0.0019116520801309989,1.0149058378549691,0.005098780638538134,0.01392507992356351,0.008970894746895932,68.02240152719024,0.016520172790499776,-0.10000000000000053,0.0,0
2017-08-09,-0.003926016534221866,1.0127137937221076,0.005348907664891983,0.009450699343152014,0.005778825010785477,65.66429490238558,0.016520172790499776,-0.10000000000000053,0.0,1
2017-08-10,0.0005881051250842262,1.0096945349647777,0.004912418328759146,0.0028580538866860294,0.005104557634229148,60.56418163507985,0.016520172790499776,-0.10000000000000053,0.0,1
2017-08-11,0.0007415154707228755,1.0061534747996053,0.0045190382967530114,0.0069797950242316276,0.007015579023531141,57.57715479515496,0.01759594375969442,-0.10000000000000053,0.0,1
2017-08-14,0.004694742959430176,1.0054539335997248,0.003114013697416565,0.006657775155583634,0.00564045124819669,65.63792256151888,0.01759594375969442,-0.10000000000000053,0.0,0
2017-08-15,-0.00420395221710268,1.0037336628818472,0.003712695439599312,-0.00408618884302081,0.008785059860817424,60.24007173873408,0.01759594375969442,-0.10000000000000053,0.0,0
2017-08-16,-0.002935338331250592,1.0026873535293557,0.003499183376488502,-0.005929350020185686,0.006294488149963063,51.116705773355754,0.01759594375969442,-0.10000000000000053,0.0,1
2017-08-17,0.002814122331320279,1.0018557486209758,0.003760061908210975,-0.006487575020381775,0.010467684975016121,57.30938198518784,0.01759594375969442,-0.10000000000000053,0.0,0
2017-08-18,-0.004990802340272604,1.000555071616859,0.004384241109095469,-0.014257628095830421,0.004776511229766959,47.286130649993495,0.01759594375969442,-0.10000000000000053,0.0,1
2017-08-21,0.003479765051245698,0.9990608498864673,0.004012895579502496,-0.0018810866985026209,0.007894240779616611,43.82930918191854,0.01759594375969442,-0.10000000000000053,0.0,1
2017-08-22,0.004736625588263044,0.998940805091216,0.004302922405613483,0.0009331928661557853,0.006726994823176064,50.05885015844274,0.01759594375969442,-0.10000000000000053,0.0,0
2017-08-23,-0.0042108938864631185,0.9987983268202577,0.004594412161988456,0.0006469257790846505,0.006383793184073435,42.6176170232978,0.01759594375969442,-0.10000000000000053,0.0,1
2017-08-24,0.004620213054587374,0.9991409027276736,0.004896120410807282,0.0046792707404137435,0.002852675746697486,44.50991837554903,0.01759594375969442,-0.10000000000000053,0.0,0
2017-08-25,-0.0012155423160857826,1.0001306030675268,0.004003679852327024,0.0027145122491833984,0.009271949544659765,52.23943288664472,0.01759594375969442,-0.10000000000000053,0.0,1
2017-08-28,0.01268090306259384,1.0025790613375831,0.006492483528265608,0.010684931810651,0.0048722589242211085,61.470119233138846,0.01759594375969442,-0.10000000000000053,0.0,1
2017-08-29,0.001004992546837169,1.004559225621574,0.006503723146670837,0.015971759364616034,0.008687606373083516,66.7796532401911,0.01759594375969442,-0.10000000000000053,0.0,1
2017-08-30,0.0005506166238591348,1.0074078433368183,0.005538504663528007,0.01952381764625377,0.007468968675842477,66.76230590017559,0.01759594375969442,-0.10000000000000053,0.0,0
2017-08-31,-0.006434367134864782,1.0085288402245771,0.007005719939351632,0.010121222411450415,0.007044146619763823,58.907106274338766,0.01759594375969442,-0.10000000000000053,-0.08999999999999986,1
2017-09-01,0.0014291962983425943,1.0102520215082997,0.006865104530472307,0.01663872686062584,0.010703324277025921,56.50038868754995,0.01759594375969442,0.0,0.08999999999999986,0
2017-09-04,-0.0023170401538554763,1.0086382206638518,0.0032967714106496527,0.01076590623302498,0.003683269888930076,58.48029540367744,0.01759594375969442,0.10000000000000053,0.0,1
2017-09-05,0.0008919502269502111,1.007052692862264,0.00327860749374732,0.006898159525300596,0.005695435953483113,62.53426002277457,0.01759594375969442,0.10000000000000053,0.0,1
2017-09-06,0.0025756404571504188,1.00554782055648,0.003649323121852317,0.013760404651489422,0.0038171949325742534,62.385082393755425,0.015576038784045343,0.10000000000000053,0.0,1
2017-09-07,0.00031011834583960507,1.005421843915505,0.001821173066239269,0.009411096027943877,0.011839909811722976,69.30700369528634,0.015576038784045343,0.10000000000000053,0.0,1
2017-09-08,0.008492529534312121,1.0063255674903526,0.004037455064972158,0.019222457599941123,0.006186582132137593,72.35145652309808,0.015576038784045343,0.10000000000000053,0.0,0
2017-09-11,-0.0009493881946254223,1.0077829700902718,0.0037053251401611797,0.005504119561796861,0.00556792795727542,68.17124851507671,0.015576038784045343,0.10000000000000053,0.0,0
2017-09-12,-0.00484360432249209,1.0081152692262478,0.004923816861471678,-0.0003707644693050627,0.00418089570686682,67.16610255314114,0.015576038784045343,0.10000000000000053,0.0,1
2017-09-13,0.0012693001604815457,1.0079760375843079,0.004861334767311566,0.0003472572503022686,0.00921470250872222,64.76379881698973,0.015576038784045343,0.10000000000000053,0.0,0
2017-09-14,-0.007015506368619584,1.0068580891600458,0.006030275958483172,-0.0002378485739509273,0.005410462593699593,57.30757558439716,0.01966251222404858,0.10000000000000053,0.0,1
2017-09-15,0.002610841196752256,1.0041814075858047,0.004063978082057895,0.0009418292806815387,0.006976277935184921,46.894166327566175,0.01966251222404858,0.10000000000000053,0.0,1
2017-09-18,0.0013012212761127628,1.00206771792724,0.004297678445331315,0.004571909536925212,0.004361160970989706,47.27377159699084,0.01966251222404858,0.10000000000000053,0.0,1
2017-09-19,0.0018536756644800256,1.0014459869123835,0.003961507233346567,0.005537170931035229,0.003793891257931975,48.89517945814609,0.01966251222404858,0.10000000000000053,0.0,1
2017-09-20,0.002782246730022697,1.0007801543972523,0.0041362516375995214,0.005744387502770509,0.0027149851114681655,60.73767612908558,0.01966251222404858,0.10000000000000053,0.0,0
2017-09-21,-0.010043745126784076,1.0002373002901739,0.005479873066981819,-0.0046657242071671545,0.007359737388632712,46.609268393537526,0.01966251222404858,0.10000000000000053,0.0,1
2017-09-22,0.0061877381690282895,1.0000375121766696,0.006147537738028316,-0.0069404439271809615,0.005182984180207421,55.13491468802198,0.01966251222404858,0.10000000000000053,0.0,0
2017-09-25,-0.0015385191117365249,0.9999738510880468,0.006176444675257767,-0.007526041974068587,0.0072960637296909285,52.72852689220383,0.01966251222404858,0.10000000000000053,0.0,0
2017-09-26,-0.00599894575432236,0.9986903334083528,0.0065274338063332285,-0.00867826919051462,0.00831201911025348,44.813508228481794,0.01966251222404858,0.10000000000000053,0.0,0
2017-09-27,-0.005869543380414122,0.9959990861943219,0.006171882041707215,-0.015746188614194856,0.006450579926110031,40.233883344232765,0.01966251222404858,0.10000000000000053,0.0,0
2017-09-28,-0.0030901611562736964,0.9945446212113102,0.0049846327814260655,-0.011855356470253375,0.006876507853699016,28.851511804999177,0.01966251222404858,0.10000000000000053,0.0,1
2017-09-29,0.0027333756006684418,0.9923311635966623,0.003603399953373114,-0.011734590057301486,0.004977713813226659,32.68892609875546,0.01966251222404858,0.10000000000000053,-0.09999999999999987,1
2017-10-02,0.002172564253142495,0.9906327660847484,0.00424169676577435,-0.01087459098200072,0.006475697858920652,38.27805709917379,0.01966251222404858,0.0,0.09999999999999987,0
2017-10-03,-0.006230663267346004,0.9892491286194985,0.004297071275096697,-0.01885622068184578,0.006325198661263307,32.970471461928156,0.01966251222404858,0.0,0.0,1
2017-10-04,0.0011748437546192925,0.9893359190365758,0.0038678910042197426,-0.020428938423227128,0.0033473792629311766,38.77038379179707,0.01966251222404858,0.0,0.0,1
2017-10-05,0.0008229680123190697,0.9901737366178333,0.00363934976919556,-0.009676223166243503,0.0064729837767301705,36.643838269586844,0.01966251222404858,0.0,0.0,0
2017-10-06,-0.0038182300255964474,0.9903252857468416,0.003649185588766435,-0.019524433234288097,0.005755302250059975,32.5688912879117,0.01671355424436305,-0.20000000000000018,0.0,1
2017-10-09,0.002571595986453845,0.9903799924843865,0.00374385272942172,-0.015488356222298272,0.0025453049975264694,33.39431952014462,0.01671355424436305,-0.20000000000000018,0.0,0
2017-10-10,-7.045475703104653e-05,0.991423394341042,0.0024063357913625813,-0.009616462634324363,0.006452648478379678,29.777671885898087,0.01671355424436305,-0.20000000000000018,0.0,1
2017-10-11,0.006238223505342644,0.9932301649136731,0.0036807171840415854,0.0024456695718348964,0.005221246643768975,45.008006654881974,0.01671355424436305,-0.20000000000000018,0.0,1
2017-10-12,0.004283504773412883,0.9951653655930832,0.003921597836478361,0.009860281397370718,0.004122671660020593,42.724614451568186,0.01671355424436305,-0.20000000000000018,0.0,0
2017-10-13,-0.0028396050152021957,0.9975632000576652,0.003577900813758036,0.004247690942212223,0.0057585549880793735,41.56791921218392,0.02228612210687042,-0.20000000000000018,0.0,0
2017-10-16,-0.0015004181765808644,0.9992936586478902,0.003876659152774785,0.0005671031317984188,0.0033831328306462914,45.93663687301757,0.02228612210687042,-0.20000000000000018,0.0,0
2017-10-17,-0.0016513054394394766,1.0008860562142292,0.0040681802582503805,0.005177785537372692,0.0047896821257702666,50.91806943408305,0.02228612210687042,-0.20000000000000018,0.0,0
2017-10-18,-0.001918743283792046,1.0010934136148022,0.002847850596841598,0.00207182958169172,0.004038686816151345,52.485358721306156,0.02228612210687042,-0.20000000000000018,0.0,1
2017-10-19,0.0019815712255766282,1.0002286220592442,0.001845277569058525,0.003231878540174371,0.007394770459727366,51.5345449018586,0.02228612210687042,-0.20000000000000018,0.0,1
2017-10-20,0.004478521531023016,1.0009178682802566,0.002839771459533349,0.011587347291768246,0.007852600591636496,54.36365448555926,0.02228612210687042,-0.20000000000000018,0.0,0
2017-10-23,-0.007968911565727876,1.0006297927882346,0.004710008957778541,0.0009520528983248955,0.003823048456687855,52.03778089818924,0.02228612210687042,-0.20000000000000018,0.0,1
2017-10-24,0.00047040109147666875,1.0004391001576152,0.004733952468775863,0.0014934618150443946,0.002834562461496289,51.21114241063874,0.02228612210687042,-0.20000000000000018,0.0,0
2017-10-25,-1.1759566737046256e-05,1.0003352846102522,0.0046767556109121155,-0.004727050422442924,0.005421832277612573,50.19143955435715,0.02228612210687042,-0.20000000000000018,0.0,1
2017-10-26,0.005248376628478324,1.0004665220806708,0.005252258831009968,-0.0037708355164018936,0.012128321563087562,61.14503236749672,0.02228612210687042,-0.20000000000000018,0.0,0
2017-10-27,-0.015524057973586802,0.9974998101069702,0.008200591242047315,-0.016443442687944954,0.005860974789254856,41.776159480919276,0.02228612210687042,-0.20000000000000018,0.0,0
2017-10-30,-0.0028083304001996767,0.9958252123554746,0.00782256309772095,-0.017731781378662936,0.003851616905571901,39.79466133676038,0.02228612210687042,-0.20000000000000018,0.0,1
2017-10-31,0.004148392956145219,0.9943579497287631,0.008331067448946648,-0.012025499152211405,0.0028614845468990474,37.45650478239944,0.02228612210687042,-0.20000000000000018,-0.08999999999999986,0
2017-11-01,-8.163686205087117e-05,0.9929380736292603,0.00832739757724893,-0.010206995610730574,0.0042158957696580325,32.093199772293744,0.02228612210687042,-0.20000000000000018,0.08999999999999986,0
2017-11-02,-0.0019768373834866404,0.9902124706292397,0.007369586931923165,-0.014117252308339157,0.005025589254030497,32.676839474235464,0.02228612210687042,-0.20000000000000018,0.0,1
2017-11-03,0.0028454487786415683,0.9908436499796478,0.003008411365218294,-0.015720092207637593,0.006989631523537682,37.344817745080945,0.02228612210687042,-0.3000000000000007,0.0,0
2017-11-06,-0.004018754460072271,0.991558526746132,0.0033616456167236955,-0.011800799438439702,0.0037682231280737086,35.720175842674266,0.02228612210687042,-0.10000000000000053,0.0,0
2017-11-07,-0.00019736601049391567,0.9914208229618683,0.0025420789597405398,-0.012460376089191816,0.005271523711796544,36.91405331703418,0.018646919950550567,-0.10000000000000053,0.0,0
2017-11-08,-0.0009977009455318653,0.9914601893603531,0.002520567530168231,-0.013434043717514443,0.002445416139479352,33.7314500196761,0.018646919950550567,-0.10000000000000053,0.0,0
2017-11-09,-0.0003595474860088599,0.9920536784578019,0.0024455209790409708,-0.018937745235864112,0.0057046653546018585,27.08805919185373,0.018646919950550567,-0.10000000000000053,0.0,1
2017-11-10,0.004309337267471847,0.9925822591564665,0.0029818138277731563,0.0008268773660555784,0.004392892600894566,39.40020780425691,0.018646919950550567,-0.10000000000000053,0.0,1
2017-11-13,0.0012244501079825554,0.9940212078178728,0.002125237470169175,0.004874359155315089,0.00312296087236404,40.43290728134785,0.018646919950550567,-0.10000000000000053,0.0,1
2017-11-14,0.0003266182194900935,0.9954671433466057,0.00207637556193467,0.0010498214014613705,0.00950041378571725,40.8833563939508,0.018646919950550567,-0.10000000000000053,0.0,1
2017-11-15,0.01096731430075737,0.998659933422943,0.004646166755408932,0.012111275012026468,0.006222646154045215,47.605964820334755,0.01974671611614842,-0.10000000000000053,0.0,0
2017-11-17,-0.0013072429264127106,1.001825775032829,0.004847426409509926,0.012790321476152,0.0039947795689804205,66.92511368215045,0.01974671611614842,-0.10000000000000053,0.0,0
2017-11-20,-0.0038714957745441536,1.003779188354146,0.005652681432403647,0.006006767298742499,0.00695114869385895,64.90144964749618,0.01974671611614842,-0.10000000000000053,0.0,1
2017-11-21,0.0007983624272778211,1.0052039501753376,0.005660476053395437,0.010872373161547877,0.0035074744762343376,61.39706785196827,0.01974671611614842,-0.10000000000000053,0.0,0
2017-11-22,-0.000340330412908485,1.0065362651801308,0.005699309883457654,0.010727825868078966,0.00533196558973786,60.9194632098976,0.01974671611614842,-0.10000000000000053,0.0,1
2017-11-23,0.00660437339400155,1.0066707621561426,0.0038845424064704063,0.018419127556329684,0.003430759143999259,70.86084924577436,0.01974671611614842,-0.10000000000000053,0.0,1
2017-11-24,0.00331916513149233,1.007837264769956,0.003933830108654967,0.02216694636960792,0.008980852633926874,71.25578573971754,0.01974671611614842,-0.10000000000000053,0.0,1
2017-11-27,0.006118271224082594,1.0099187154967386,0.003097260869588015,0.024008044953480523,0.004382757196870538,82.61149517083032,0.01974671611614842,-0.10000000000000053,0.0,0
2017-11-28,-0.0018095565656847112,1.011418674273373,0.0037703137789945737,0.020904997238312628,0.004496644839657952,79.40489983711987,0.01974671611614842,-0.10000000000000053,0.0,0
2017-11-29,-0.004774818788897961,1.0124667528108475,0.005006311622168512,0.01569861520258331,0.005477784050565894,72.77700094099852,0.01974671611614842,-0.10000000000000053,0.0,1
2017-11-30,0.00033192898229006396,1.0122377313144735,0.0042604235113227595,0.0050134565557040656,0.009680480281371112,73.53465189734206,0.01974671611614842,-0.10000000000000053,-0.08999999999999986,1
2017-12-01,0.003902567768893972,1.011830473639787,0.00435909072095372,0.01025624000217018,0.007373931116127768,73.35165686999738,0.01974671611614842,-0.10000000000000053,0.08999999999999986,0
2017-12-04,-0.003225838124783831,1.0098448895042105,0.0033764593019918413,0.010911054784408014,0.0040054177524368574,67.66960326275893,0.01974671611614842,-0.10000000000000053,0.0,1
2017-12-05,0.0006646044362246251,1.008128914117433,0.0034301205367383617,0.010775945218987282,0.005933872786663141,67.90209716624751,0.01974671611614842,0.0,0.0,0
2017-12-06,-0.0029345920957166705,1.0069293755713544,0.002936051059090184,0.008152835190282204,0.005662404399198402,54.230573562818904,0.017705943519236822,0.0,0.0,0
2017-12-07,-0.002419865382143338,1.0052523714917538,0.003054681374953083,-0.0008852855928901393,0.0027098149977903795,52.75731961288743,0.017705943519236822,0.0,0.0,0
2017-12-08,-0.002719408871930007,1.0023689358659913,0.0015881926793903274,-0.0068985547005969705,0.0038496341956395118,54.262415297269094,0.017705943519236822,0.0,0.0,0
2017-12-11,-0.00018824889440482995,1.000323398645817,0.001642822757946385,-0.013123483144506398,0.003530913725968806,53.084837180264614,0.017705943519236822,0.0,0.0,1
2017-12-12,0.0006477021765123325,0.998303662811297,0.0016372127481868114,-0.010694076046429246,0.0062883106472221995,54.298328907213985,0.017705943519236822,0.0,0.010000000000000009,0
2017-12-13,-0.002970821153550296,0.9964467480814038,0.0016450837498403553,-0.008900807968871272,0.003386356850766298,41.55260064935972,0.021638305247000167,0.0,0.0,1
2017-12-14,0.007941802213491833,0.9967998788605441,0.0044237486725937905,-0.0013611713818670879,0.007454798185330336,48.11874121819034,0.021638305247000167,0.0,0.24,0
2017-12-15,-0.005145619656430234,0.9968573346567742,0.004970264938811329,-0.010361916655011183,0.004445333103856725,33.860273297729975,0.021638305247000167,0.0,0.0,0
2017-12-18,-0.0026658432506035945,0.9963611464114212,0.005122010937677208,-0.009805930880937619,0.007762999458544111,33.167251642368,0.021638305247000167,0.0,0.010000000000000009,1
2017-12-19,0.003464546211443098,0.9962925023827345,0.005417732731389513,-0.0070352865237685025,0.0047420687668254064,43.11056307390522,0.021638305247000167,0.0,0.0,1
2017-12-20,0.004843127424547955,0.9975236800832779,0.005428519492041245,0.000710445073891508,0.00600449561995179,48.966824775883644,0.021638305247000167,0.0,0.0,1
2017-12-21,0.0031120812336458137,0.9979717197744138,0.004362458624857773,0.006259750405770426,0.0035236368187229862,48.020096578359954,0.021638305247000167,0.0,0.0,0
2017-12-22,-0.0017548935748273875,0.9993502988638326,0.0033739122056437123,0.007232949855112247,0.0037475930340775,49.74125076747654,0.021638305247000167,0.0,0.0,0
2017-12-25,-0.00010666906881517946,1.0015505903899689,0.002736934203165655,0.007315135214792434,0.003028779589747818,48.7901502895884,0.021638305247000167,0.0,0.0,1
2017-12-26,0.0013891584109138044,1.0031810446583567,0.00259630753576496,0.008061531859073545,0.0025602932544370616,54.26639211678983,0.021638305247000167,0.0,0.0,0
2017-12-27,-0.0012333064843425001,1.0034195836279842,0.0019894289207562734,0.009818272520460747,0.0046202303922450744,55.952497557902205,0.021638305247000167,0.0,0.0,1
2017-12-28,0.0036178299996894037,1.003595044895272,0.0021736656596975817,0.005486250431705697,0.00476905493378316,63.94567847614321,0.021638305247000167,0.0,0.0,1
2017-12-29,0.003439208823703188,1.0048375141906793,0.0021377183039708557,0.014162823777151168,0.007103308987801679,67.18159333910509,0.021638305247000167,0.0,-0.08999999999999986,1
2018-01-01,0.00529426468468408,1.0067373919076805,0.0025055492587861953,0.022257247783979528,0.0013331044134047645,70.46679386937326,0.021638305247000167,0.0,0.0,1
2018-01-02,0.0005525059930118204,1.008474136618492,0.0026235600533926705,0.019290671405801874,0.006026869873421541,75.51635695804006,0.021638305247000167,0.0,0.08999999999999986,1
2018-01-03,0.004318758861985739,1.0109615773637166,0.0017733907188852034,0.0187587635192763,0.0051516078912134415,73.43025168007618,0.021638305247000167,0.0,0.0,0
2018-01-04,-0.004395843731925475,1.011931345863807,0.003910787354026589,0.011133728891925099,0.007239648340086799,74.64029719298333,0.021638305247000167,0.0,0.0,1
2018-01-05,0.0048636858782689085,1.0128079271718098,0.004103393208282749,0.01783776268012227,0.0052241799425271065,82.21574688243086,0.021638305247000167,0.0,0.0,0
2018-01-08,-0.0026000394900196344,1.012215728401589,0.00409864400142318,0.01529964537046058,0.0078324348166929,75.54922055427252,0.021638305247000167,0.0,0.0,0
2018-01-09,-0.0055662873149811,1.0107046826650101,0.004926708106748155,0.0082475802271742,0.004828837628305678,62.77360728849016,0.01876296125613086,0.0,0.0,0
2018-01-10,-0.0034356260046385367,1.0076606163164878,0.004114987370934255,0.00602435498183751,0.007699373481570189,55.01769189213208,0.01876296125613086,0.0,0.0,1
2018-01-11,0.002247715809897244,1.0062412202645272,0.004307607882454553,0.004650955463778361,0.010710260818516022,59.58035524405692,0.01876296125613086,0.0,0.0,1
2018-01-12,0.007189162495073287,1.004666498038409,0.0051319114393857624,0.008405437554729556,0.009529932996061533,65.49249772161852,0.020289509200434486,0.0,0.0,1
2018-01-15,0.012472721027119826,1.0053713781524103,0.007445979828745455,0.015606109699449311,0.009093202341889234,71.77839194837503,0.020289509200434486,0.0,0.0,1
2018-01-16,0.006244646858903913,1.0083147822073064,0.005935110723812995,0.0213838904816106,0.006886162844162391,75.80006922271284,0.020289509200434486,0.0,0.0,1
2018-01-17,0.00023310480835259106,1.0122078717506267,0.004748333035262151,0.017228814022429262,0.009970752601514664,74.51764924908058,0.020289509200434486,0.0,0.0,0
2018-01-18,-0.007115374172313782,1.0147122763128784,0.00749244331989599,0.014450215010806344,0.0071805524925880534,65.10388950164551,0.020289509200434486,0.0,0.0,1
2018-01-19,0.004319485371886866,1.0163459068772178,0.007275147926281038,0.013900822761423015,0.0060901273379633915,64.63673105399286,0.020289509200434486,0.0,0.0,1
2018-01-22,0.0015442078323903985,1.0157106665576352,0.0051297824167557135,0.01811363200173033,0.004242334223451196,65.17635959616337,0.020289509200434486,0.0,0.0,1
2018-01-23,6.128010640571446e-05,1.0138947773943505,0.0042292402176978385,0.023875205682948986,0.006804787453248818,62.81049603325476,0.020289509200434486,0.0,0.0,1
2018-01-24,0.004407034097177132,1.0126432411048987,0.00471771767463613,0.03193279376695313,0.008680591028935852,69.89687916288283,0.020289509200434486,0.0,0.0,1
2018-01-25,0.00656731096708385,1.0140129488730425,0.00257295635036369,0.036380328870483813,0.011573422237452618,70.76710350443238,0.020289509200434486,0.0,0.0,1
2018-01-26,9.918784301454764e-05,1.014696520514016,0.0028634847763819313,0.029084866870692894,0.008290165408904858,73.79291493898639,0.020289509200434486,0.0,0.0,1
2018-01-29,0.0028832806660605836,1.0157691061900134,0.0028096722970912275,0.019338087770003565,0.00755326666361643,82.02361169506344,0.020289509200434486,0.0,0.0,0
2018-01-30,-0.0037762496543305435,1.0162786962810988,0.004012665996864485,0.009186797503339728,0.009318168382332693,81.36251849449054,0.020289509200434486,0.0,0.0,1
2018-01-31,0.002295770848100842,1.0164649557536851,0.0038065936723114054,0.011267927716852366,0.006121673814671383,81.40409686501482,0.020289509200434486,0.0,-0.07999999999999985,1
2018-02-01,0.000732764144278919,1.0152179329973365,0.002616863065102113,0.019261374654596652,0.00815836696735866,79.18829662785132,0.020289509200434486,0.0,0.07999999999999985,1
2018-02-02,0.007355873169887062,1.015310992013873,0.004014731077605205,0.022342936693421578,0.008482721240278875,77.09905967332595,0.0211760926773219,0.0,0.0,0
2018-02-05,-0.005041091441751022,1.0139235721847146,0.004977396450643762,0.015620882742850783,0.006154145852595866,65.57329994300903,0.0211760926773219,0.0,0.0,0
2018-02-06,-0.006357090824531175,1.0120665012387489,0.005602143256339964,0.009102650630159248,0.009084540560380565,57.4318730438454,0.015584170905724948,0.0,0.0,1
2018-02-07,0.0010896513674667485,1.0097483375924243,0.005492558025529058,0.0057697590911085506,0.010073960761138138,67.14124457607986,0.015584170905724948,0.0,0.0,0
2018-02-08,-0.009139738824166632,1.0060263886318268,0.006622141492070843,-0.009924845246280678,0.006354034920518933,52.47810132797595,0.015584170905724948,0.0,0.0,0
2018-02-09,-0.0006008013016098879,1.0010920173726303,0.0041986689845179125,-0.010617818372461008,0.004814647402113723,50.421051827929894,0.015584170905724948,0.0,0.0,0
2018-02-12,-0.0006494849380261902,0.9976985001739856,0.004384242336830344,-0.014103024884457915,0.004961281398755623,49.72659139281778,0.015584170905724948,0.0,0.0,1
2018-02-13,0.004158724034000194,0.9965170586654863,0.004937424229956809,-0.0062503044948543085,0.006983822907900272,49.48209271327295,0.015584170905724948,0.0,0.0,1
2018-02-14,0.004064377397143604,0.9957378641014449,0.005412777851393231,-0.004496777970350863,0.0111434942117151,46.87643308038011,0.02083486922402722,0.0,0.0,1
2018-02-15,0.009188381801677359,0.9978199776647408,0.00408614869372733,0.003914653056781514,0.0049318689917976204,55.275619365116135,0.02083486922402722,0.0,0.0,1
2018-02-16,0.0029133778536047927,1.0006697837006358,0.003525834129577014,-0.0005126662877891208,0.010200046220836445,55.31282548425348,0.02083486922402722,0.0,0.0,0
2018-02-19,-0.0073354603053779055,1.002608362925615,0.006057894667916353,-0.002817477670785551,0.005395205994408671,52.033928791192146,0.02083486922402722,0.0,0.0,0
2018-02-20,-0.0010662864839592334,1.0035644593237496,0.006170941739390549,0.0024921738838761254,0.007029503879245446,49.26222434047815,0.02083486922402722,0.0,0.0,0
2018-02-21,-0.0051067549655630096,1.0031651652100573,0.006586790512462076,-0.0037129135891404985,0.0037516839621091615,44.756069384974985,0.02083486922402722,0.0,0.0,0
2018-02-22,-0.004335586347391951,1.0006119661161652,0.003991389132352708,0.0011175506663132495,0.00746149792720531,34.923870662833295,0.02083486922402722,0.0,0.0,1
2018-02-23,0.0036487320821019242,0.9980179910966083,0.004267136607568346,0.005374390633882786,0.004422674708561577,41.85547206056839,0.02083486922402722,0.0,0.0,0
2018-02-26,-0.0032069517189410313,0.9965694032382981,0.0035122188073759184,0.002801507978922313,0.005891034489717273,44.22686567164179,0.02083486922402722,0.0,0.0,1
2018-02-27,0.0023152774549177746,0.9954900438131885,0.004027901035292358,0.0009605529932843471,0.009949422382154306,45.3966122753666,0.02083486922402722,0.0,0.0,0
2018-02-28,-0.006922334724479118,0.9945124844971879,0.004506145432331866,-0.00999219634072357,0.004392595884200232,47.24372911224772,0.02083486922402722,0.0,-0.06999999999999984,0
2018-03-01,-0.003194101254276882,0.9939608568362116,0.004365982315176843,-0.022139338613792803,0.005233716579247381,45.15718025728258,0.02083486922402722,0.0,0.06999999999999984,1
2018-03-02,0.006528162810397475,0.9940195074649806,0.005300211641077052,-0.01861485077000402,0.006328636175212602,51.14308845341703,0.02083486922402722,0.0,0.0,1
2018-03-05,0.003632962028863096,0.995008955176535,0.005435598981109913,-0.007771059782347711,0.005907893049267128,50.74514593043883,0.02083486922402722,0.0,0.0,1
2018-03-06,0.0017148512838880414,0.9954754666693956,0.005391146498297328,-0.005008588816904691,0.007187996955349016,48.857994826746605,0.019590437542952532,0.0,0.0,1
2018-03-07,0.0064938961550604635,0.998355994284391,0.004033243191563591,0.006593206940339824,0.004393018943064047,46.48756673234436,0.019590437542952532,0.0,0.0,0
2018-03-08,-0.00016138874583759844,1.0013854827014348,0.0029429150853499658,0.010813222130736433,0.011151928388291982,43.51956559124095,0.019590437542952532,0.0,0.0,0
2018-03-09,-0.008700747242001095,1.0017795590198584,0.005750288961732077,-0.001624413257231505,0.0047364511749444374,42.510053448714686,0.019590437542952532,0.0,0.0,1
2018-03-12,0.00017222754338819257,1.0014443088017122,0.005495994228505881,0.0017601308911801006,0.004115122712784967,43.49994655411999,0.019590437542952532,0.0,0.0,1
2018-03-13,0.0025049078334542507,1.0013482534692566,0.005571913460799226,0.0019496562402356865,0.006805784917179603,50.32327742159573,0.02112036521909877,0.0,0.0,1
2018-03-14,0.004275448803297444,1.0007978083111155,0.0049895756163631354,0.013247478906699195,0.005333102463096835,58.39353531255829,0.02112036521909877,0.0,0.0,0
2018-03-15,-0.0013490517486015596,1.0005369071879273,0.0050046998742075246,0.015122961146958769,0.00535215489663944,53.88544478727812,0.02112036521909877,0.0,0.010000000000000009,0
2018-03-16,-0.005366700104590616,1.0013674857073274,0.0037146292134346047,0.0031265273551956962,0.005971597890779832,51.68047405988163,0.02112036521909877,0.0,0.0,0
2018-03-19,-0.002308799625633573,1.001446249674723,0.003856770344803097,-0.0028122360776019484,0.005860585338276383,47.35271170141346,0.02112036521909877,0.0,0.0,1
2018-03-20,0.004564607286908551,1.0016529589106407,0.004331866248742065,2.46409166189121e-05,0.0072342982285260185,58.4838950400559,0.02112036521909877,0.0,0.010000000000000009,0
2018-03-21,-0.006885565378181413,0.999711299738683,0.004428727219083372,-0.013268823918637818,0.0040155140704508175,54.50084671233192,0.02112036521909877,0.0,0.0,1
2018-03-22,0.007816095488087926,0.9989901819649654,0.006374151486330427,-0.0053959209203851,0.006996448821192649,55.567690117090834,0.02112036521909877,0.0,0.24,0
2018-03-23,-0.0018364604103372484,0.9992531343157394,0.005866785911212432,0.0014912502983468467,0.003261647438564101,50.71583839292407,0.02112036521909877,0.0,0.0,1
2018-03-26,0.0023843820845586006,1.0001748954704106,0.005724774037385627,0.003706322219241498,0.007816686075947168,51.318447690468886,0.02112036521909877,0.0,0.0,1
2018-03-27,0.008346521319475997,1.0015564294516845,0.00647917091260846,0.009554936367727196,0.00841542266728765,52.920016025777635,0.02112036521909877,0.0,0.0,0
2018-03-28,-0.003982928774167616,1.0033642569285548,0.005551552562695126,0.0012531444045231765,0.0068674792671396595,49.546206200837666,0.02112036521909877,0.0,0.0,0
2018-03-29,-0.00786628053268501,1.0022746199987846,0.006219289451904346,-0.0052810663968514415,0.0042971545041780934,50.246778284805934,0.02112036521909877,0.0,0.0,0
2018-03-30,-0.0006028120966424799,1.0017860213134282,0.006181883210051271,-0.0005167682383548922,0.002884875512287537,49.601901614894054,0.02112036521909877,0.0,-0.010000000000000009,1
2018-04-02,0.0009235128642599566,1.0011402245712289,0.006053878076828439,0.00272135006142582,0.005024537006964341,48.24328450587993,0.02112036521909877,0.0,0.010000000000000009,0
2018-04-03,-0.0017455142626162656,0.9986478898466119,0.003419255520046466,-0.0035771931614734243,0.006666197304932681,42.79099456568619,0.02112036521909877,0.0,0.010000000000000009,0
2018-04-04,-0.0011542031731180957,0.9971098663350024,0.0033783422760436384,0.0021732619887955273,0.004313700209340334,42.94822069233006,0.02112036521909877,0.0,0.0,1
2018-04-05,0.000675729861065566,0.9972464467726831,0.001154055257698755,-0.004927124226766888,0.005830637898719445,48.22438319584548,0.02406954609603207,0.0,0.0,0
2018-04-06,-0.0028668079178540973,0.9966375428764601,0.0016150720261427678,-0.005954281417633767,0.005057706307810177,47.709370942332946,0.02406954609603207,0.0,0.0,1
2018-04-09,0.0016198671529901176,0.9960944170923399,0.0018213116409972507,-0.0067124364808016646,0.005532427812070565,44.558485715305906,0.02406954609603207,0.0,0.0,1
2018-04-10,0.004152599457122541,0.9966456844641531,0.002678487890512267,-0.010843725021169703,0.006006415343422677,56.217790346828714,0.02406954609603207,0.0,0.0,1
2018-04-11,0.0033009309184357516,0.998136414129686,0.0027370664493960024,-0.0036100382409453013,0.0032076284203630505,51.50599112684421,0.023425448816830174,0.0,0.0,1
2018-04-12,0.0006928037696238842,0.9995292949679152,0.0027359840857863033,0.0049857644349771135,0.006412742541086811,54.68688629810225,0.023425448816830174,0.0,0.0,0
2018-04-13,-0.003390605609685071,1.000713725827301,0.0029415444990652825,0.0021823817271773294,0.0032422244479038227,47.5822502125751,0.023425448816830174,0.0,0.0,1
2018-04-16,0.00023436369242313404,1.0014955652008672,0.0029661057337397848,0.0014923658073591195,0.005487793856218892,34.77128438873514,0.023425448816830174,0.0,0.0,1
2018-04-17,0.004260379303768547,1.002317050096799,0.0029950136312912913,0.0075177397400822965,0.006187750243084344,47.246587639012766,0.023425448816830174,0.0,0.0,0
2018-04-18,-0.0009651184794344791,1.0019879867939205,0.0027827598487014005,0.007708466060205588,0.0042422609231330104,59.60810161245685,0.023425448816830174,0.0,0.0,1
2018-04-19,0.00048278455409289656,1.001981775267248,0.002774399540840952,0.007514164736089235,0.005778774317046503,61.70564524978237,0.023425448816830174,0.0,0.0,0
2018-04-20,-0.0027160017803659064,1.0021549907305598,0.00256957311900713,0.007666540888899176,0.007909095421109989,54.497365366640295,0.023425448816830174,0.0,0.010000000000000009,0
2018-04-23,-0.005842116657322816,1.0015241754268647,0.0037500846468888696,0.00015950986756019248,0.0063098333708248005,47.578779346091075,0.023425448816830174,0.0,0.0,0
2018-04-24,-0.00524987383052844,0.9996745997060895,0.0027106280640530455,-0.009205573766146391,0.004078356706089121,42.25505785909406,0.023425448816830174,0.0,0.0,1
2018-04-25,0.0026564143873653023,0.9982098218811671,0.0036603673332886405,-0.009842056168306246,0.005485824043652096,45.200371847421636,0.023425448816830174,0.0,0.0,0
2018-04-26,-0.00569636407493701,0.9953996767568746,0.003598702522704591,-0.016163961624141354,0.009054941972526664,42.12813817847113,0.023425448816830174,0.0,0.0,0
2018-04-27,-0.005098069250610404,0.992344420640936,0.0036478850353598644,-0.017849541023266302,0.005034118462736272,35.285688581344886,0.023425448816830174,0.0,0.0,1
2018-04-30,0.0010909323947758676,0.9906661021799681,0.0040001147794299355,-0.017008458798241533,0.005956517442337845,30.515986071541633,0.023425448816830174,0.0,-0.010000000000000009,0
2018-05-01,-0.0034309910205799765,0.9894382806849128,0.0037582982233163075,-0.024536936596326386,0.008366788449010773,22.533539036324854,0.023425448816830174,0.0,0.010000000000000009,0
2018-05-02,-0.007422782869638822,0.9865206827203328,0.0032395255265304426,-0.03084223504487893,0.006416682439880198,18.0159900488529,0.023425448816830174,0.0,0.0,0
2018-05-03,-0.003382061959303573,0.9842690462773221,0.0031195745286004186,-0.03458607358627597,0.0048875701268410185,18.058270389407724,0.021723637972132837,0.0,0.0,1
2018-05-04,0.003201024774800665,0.983356492945356,0.004182352701178546,-0.028858136660068978,0.006903430914683218,22.671676772277422,0.021723637972132837,-0.19999999999999973,0.0,0
2018-05-07,-0.0028572229693840656,0.9818823569849799,0.0038118338348754055,-0.025942347059095483,0.006641317785505468,14.736237187155481,0.021723637972132837,-0.19999999999999973,0.0,0
2018-05-08,-0.001778117783750477,0.9810281704242131,0.0038127622116924088,-0.022542809368630512,0.00833853607372075,14.514796852528207,0.021723637972132837,-0.19999999999999973,0.0,0
2018-05-09,-0.005518567539894659,0.980991656345359,0.0032443295433253654,-0.030512333877147246,0.0061154105191047565,12.355104584514649,0.021723637972132837,-0.19999999999999973,0.0,0
2018-05-10,-0.0017415490223751107,0.9814005764233587,0.0031599420409096635,-0.026656223654148103,0.00825051541194669,12.595365884649993,0.023980373364788532,-0.19999999999999973,0.0,1
2018-05-11,0.005934897250166937,0.9818855357809261,0.004269963604972115,-0.01586232633999274,0.006246580900214651,23.21421841941394,0.023980373364788532,-0.19999999999999973,0.0,1
2018-05-14,0.0029044280524377353,0.9833813006851037,0.0044805155468681124,-0.014079541839633003,0.0038004485255358844,29.760781911715526,0.023980373364788532,-0.19999999999999973,0.0,0
2018-05-15,-0.0017539073934901284,0.9851862348391446,0.0044781797527730155,-0.012420378206111193,0.009750514557480567,25.102896407092814,0.023980373364788532,-0.19999999999999973,0.0,0
2018-05-16,-0.009243950202825535,0.9866633315196972,0.00574839934942741,-0.014232376018565196,0.007468474692774293,23.56850155487328,0.023980373364788532,-0.19999999999999973,0.0,0
2018-05-17,-0.00033087668404485626,0.9884664934466595,0.005723975064310842,-0.011214409409382897,0.004931704462916633,25.831864767211755,0.023980373364788532,-0.19999999999999973,0.0,0
2018-05-18,-0.0018400451940925322,0.9886946898019272,0.00445495152842468,-0.016183042039637163,0.0060889013761097005,23.32109439772593,0.023980373364788532,-0.19999999999999973,0.0,0
2018-05-21,-0.002423958215423405,0.9876884263489781,0.003509662800421557,-0.01575556743715112,0.00512644854768354,23.825667108363945,0.023980373364788532,-0.19999999999999973,0.0,1
2018-05-22,0.0021934890121912964,0.9870880519450782,0.004257641183809987,-0.011839572459605874,0.005826797140825822,31.46439502731161,0.023980373364788532,-0.19999999999999973,0.0,0
2018-05-23,-0.00033015821412107904,0.9884194498373092,0.00178878068168444,-0.006684141085761097,0.008890317193080245,33.76958736117926,0.023980373364788532,-0.19999999999999973,0.0,0
2018-05-24,-0.006651355991797336,0.9885406438304771,0.003241698258713952,-0.011569638546021666,0.004880290366078785,24.184400291088707,0.023980373364788532,-0.19999999999999973,0.0,1
2018-05-25,0.0010667618428481518,0.9889283146522548,0.0034864645295143433,-0.016353062258049778,0.0072401286804055255,27.6067121156767,0.023980373364788532,-0.19999999999999973,0.0,0
2018-05-28,-0.002875428438939065,0.9894266009941297,0.0035307129607703397,-0.022021935561731598,0.010414579166619498,26.959747070056125,0.023980373364788532,-0.19999999999999973,0.0,0
2018-05-29,-0.005301880425141681,0.9885294726642314,0.0032460864371315987,-0.025497871830226004,0.010789363547201274,27.15828923663932,0.023980373364788532,-0.19999999999999973,0.0,0
2018-05-30,-0.007535216942765155,0.9862038003786621,0.003457693335200199,-0.023817171320000274,0.013078843311320728,24.09924682331939,0.023980373364788532,-0.19999999999999973,0.0,1
2018-05-31,0.011083886334456894,0.9866621809417507,0.007324797638492045,-0.01267058752320227,0.006949587926024596,30.804185318470402,0.023980373364788532,-0.19999999999999973,0.0,1
2018-06-01,0.002221677519788967,0.9874010621192488,0.0074126110992234935,-0.008652936563121605,0.007317608023616816,29.86904435367292,0.023980373364788532,-0.2999999999999998,0.0,0
2018-06-04,-0.00210032824127937,0.9882564741089138,0.007357931126644686,-0.008331327371371211,0.006471168096820493,29.70296117319002,0.023980373364788532,-0.10000000000000009,0.0,1
2018-06-05,0.002737951201332356,0.990486853114059,0.00686045227333291,-0.007792583004817777,0.005005837409773329,39.41640279321409,0.025290552233786956,-0.10000000000000009,0.0,1
2018-06-06,0.0021927346739083475,0.9942619049384753,0.004807042637488236,-0.005288523233128339,0.007020470255004162,42.31111811290801,0.025290552233786956,-0.10000000000000009,0.0,1
2018-06-07,0.005055982908024781,0.9965347612753659,0.002587481845003008,0.00643487764560291,0.004874172056817058,49.22494089497821,0.025290552233786956,-0.10000000000000009,0.0,1
2018-06-08,0.0008256799721879649,0.9987907232479023,0.0026353695730852223,0.006192502998627614,0.007085812810271503,52.34776343816564,0.025290552233786956,-0.10000000000000009,0.0,0
2018-06-11,-0.0009544638670138106,1.0014711670065417,0.0022374424625242065,0.008130936977615022,0.0037562533408813815,49.28687043325304,0.025290552233786956,-0.10000000000000009,0.0,0
2018-06-12,-0.0008360043524021643,1.0033954031600116,0.0024882296370519782,0.012657122099550389,0.005547212816391296,48.797696470237796,0.027431247590692376,-0.10000000000000009,0.0,0
2018-06-13,-0.002196853815365496,1.0040819143179927,0.0028267948445067927,0.018104097683573128,0.004768875250452707,53.47857879686092,0.027431247590692376,-0.10000000000000009,0.0,1
2018-06-14,0.0050654713259681294,1.0045010015305569,0.002830720104258141,0.012043895296294682,0.018018036208711192,57.156171082695316,0.027431247590692376,-0.10000000000000009,0.19999999999999996,0
2018-06-15,-0.020426599495713016,1.0015782989186355,0.009675594721847904,-0.01082634489771217,0.007021206775647476,42.37426652065184,0.027431247590692376,-0.10000000000000009,0.0,1
2018-06-18,0.002539486751588216,0.9990967150490963,0.010057410181220281,-0.006227102222940539,0.004939044273755709,47.98542230702988,0.027431247590692376,-0.10000000000000009,0.0,1
2018-06-19,0.0030007027580272183,0.9973363800688058,0.010419919339961956,-0.005966699816131071,0.009770639846331352,56.37485677795719,0.027431247590692376,-0.10000000000000009,0.010000000000000009,0
2018-06-20,-0.0036270917556433524,0.995457469876311,0.010432450178495046,-0.011739143650646544,0.00466918192826001,43.76600760054095,0.027431247590692376,-0.10000000000000009,0.010000000000000009,0
2018-06-21,-0.0008221216561060674,0.9921007750821261,0.00964050814462592,-0.017519021338107343,0.009863384836115235,40.71660163976389,0.027431247590692376,-0.10000000000000009,0.0,1
2018-06-22,0.002309538249867682,0.9932684518751994,0.002841925227138265,-0.016062361540078562,0.006398558696252836,44.907297373023006,0.027431247590692376,-0.10000000000000009,0.0,1
2018-06-25,0.004792807450570757,0.9945065322287348,0.0033446859232993498,-0.010402002363958052,0.006009226264072496,46.94348091466682,0.027431247590692376,-0.10000000000000009,0.0,1
2018-06-26,0.0035458973772095614,0.9954167347385792,0.0034287185382112528,-0.006062052969913911,0.005858218282652768,48.212213077681774,0.027431247590692376,-0.10000000000000009,0.0,0
2018-06-27,-0.004485290687215593,0.9960002883687751,0.0037405607993740092,-0.008341625102966432,0.007578062950516661,39.58857570768612,0.027431247590692376,-0.10000000000000009,-0.010000000000000009,0
2018-06-28,-0.0074354242825039885,0.9961783835212253,0.005384187224223999,-0.02067576469638044,0.005963229927383539,34.05821361402957,0.027431247590692376,-0.10000000000000009,0.0,0
2018-06-29,-5.7833382129168776e-05,0.9960005256895973,0.005203398187765283,-0.0003121796010779887,0.01019998620578596,34.562060024081575,0.027431247590692376,-0.10000000000000009,0.0,1
2018-07-02,0.009996784442930728,0.9962520328584272,0.006845189847925079,0.007123906232587851,0.007349628981640218,44.183724848039866,0.027431247590692376,0.0,0.0,0
2018-07-03,-0.003120034991428211,0.9954625904943497,0.006705806414071165,0.0009780069382940848,0.004534145037552788,43.62239964242173,0.027431247590692376,0.0,0.0,1
2018-07-04,0.0014690584867949052,0.9959019818872311,0.006460881537199145,0.006097710887011942,0.0043236181179915146,40.59490833339623,0.027667254604372582,0.0,0.0,1
2018-07-05,0.0002681876303234354,0.9981205952353167,0.0049310784169542205,0.0071955711389359855,0.0059126519241519725,58.680802418579326,0.027667254604372582,0.0,0.0,1
2018-07-06,0.0028772098465015272,1.0008264688616832,0.004841723637071987,0.007766010006542867,0.00740375551013598,58.99167630008214,0.027667254604372582,0.20000000000000018,0.0,1
2018-07-09,0.004818454594461397,1.0022272205541305,0.002978675770627321,0.007791733040859228,0.004076375826291026,60.52297432615181,0.027667254604372582,0.20000000000000018,0.0,1
2018-07-10,0.00039975606866438085,1.004271565756275,0.0019071862086757728,0.004632280932075128,0.006036023695119257,65.59556456420651,0.027667254604372582,0.20000000000000018,0.0,0
2018-07-11,-0.0025447016071965534,1.0055267905653424,0.0028031741972919886,0.0065906431898836715,0.004843069621552783,63.20831994689395,0.027667254604372582,0.20000000000000018,0.0,0
2018-07-12,-0.0042855011041584845,1.0063400144932921,0.003747549761581297,0.009785078368871769,0.003979705157568025,56.0817433350758,0.028988063497272343,0.20000000000000018,0.0,0
2018-07-13,-0.0009332123761051081,1.005396004253983,0.0034566460551850374,0.00890108259837219,0.005219160280795421,50.41640130205568,0.028988063497272343,0.20000000000000018,0.0,1
2018-07-16,0.001132836238333823,1.0037822477467022,0.0022017268038591153,4.675050795244218e-05,0.00423225423983298,47.68610871964294,0.028988063497272343,0.20000000000000018,0.0,1
2018-07-17,0.002599533353754291,1.0026288398013739,0.0027614732193761487,0.0057844881881943255,0.006903052559039546,56.05607216804092,0.028988063497272343,0.20000000000000018,0.0,0
2018-07-18,-0.004801065622979439,1.0010854989456748,0.0032565788834593118,-0.0005126545095091029,0.005285177606109671,59.77437743150186,0.028988063497272343,0.20000000000000018,0.0,0
2018-07-19,-0.0006522460547092601,1.0002659422053202,0.0027829177938715043,-0.0014323696738320901,0.006964015839369046,58.883927542135154,0.028988063497272343,0.20000000000000018,0.0,1
2018-07-20,0.0008158396966100323,0.9998702594240502,0.0028292357614664605,-0.003484881671903306,0.00809293522808423,46.7415506628395,0.028988063497272343,0.20000000000000018,0.0,1
2018-07-23,0.007444375325635244,1.0006014911202132,0.004485299224528681,-0.0008806602862582169,0.005299076227711544,62.18241829247351,0.028988063497272343,0.20000000000000018,0.0,0
2018-07-24,-0.004069511859595587,1.0003756886209951,0.004893926469473588,-0.005344207977467708,0.0050806616195771025,53.964149359616584,0.028988063497272343,0.20000000000000018,0.0,0
2018-07-25,-0.0007362066255334199,1.0007774583127553,0.004243882324387693,-0.0035407888054472814,0.003953165531652868,52.598894383392754,0.028988063497272343,0.20000000000000018,0.0,1
2018-07-26,0.004448548149435849,1.0016051813415996,0.004485677288455691,0.005199792796429348,0.007856486979504945,54.48085102011465,0.028988063497272343,0.20000000000000018,0.0,0
2018-07-27,-0.008056971819692449,1.0010535584620914,0.006265738922109129,-0.0019676975108565697,0.003388417558625388,39.11889004634298,0.028988063497272343,0.20000000000000018,0.0,1
2018-07-30,0.0015042796510340573,0.9997370438774624,0.00486109349361667,-0.0015974044678127575,0.005982829001666719,40.63340228704179,0.028988063497272343,0.20000000000000018,0.0,1
2018-07-31,0.004027299309011356,0.9996850761151711,0.005085435165823987,-0.00017561522084097447,0.004728595770279789,48.155531166707725,0.028988063497272343,0.20000000000000018,0.0,0
2018-08-01,-0.0015196184947060543,0.9996252471271933,0.00513476008481625,0.0031210833013144423,0.002848573143563069,51.2837637989104,0.0279002491313185,0.20000000000000018,0.0,0
2018-08-02,-0.0020298875316873133,0.9983851322234771,0.004539977873344018,0.0017382401365286793,0.005641598040967879,50.0,0.0279002491313185,0.20000000000000018,0.0,0
2018-08-03,-0.0068473952277203765,0.9978803523744467,0.004094637650427508,-0.005932057596946927,0.004301552991609878,41.964261827491185,0.0279002491313185,0.10000000000000009,0.0,0
2018-08-06,-0.0020464967350711794,0.9970109544366967,0.003858680162227867,-0.015296913753841457,0.00338080893207431,37.14954876182743,0.0279002491313185,-0.10000000000000009,0.0,0
2018-08-07,-0.00036982591684764365,0.9953001572785591,0.00249026524127206,-0.011638935401589445,0.004931220657349629,40.85554738960512,0.0279002491313185,-0.10000000000000009,0.0,1
2018-08-08,0.0038869294031265156,0.9943432406926415,0.003855795481418975,-0.007066241306830756,0.004710036938303386,46.17386232783502,0.0279002491313185,-0.10000000000000009,0.0,1
2018-08-09,0.0006734641857293333,0.9936790374324774,0.003948077501060455,-0.01079804849234689,0.005114985792333568,46.01065425527356,0.0279002491313185,-0.10000000000000009,0.0,0
2018-08-10,-0.007478994461084021,0.9932186790350939,0.004187175976627679,-0.010221668282173413,0.012427060894377638,30.410217514269547,0.029658100045892644,-0.10000000000000009,0.0,0
2018-08-13,-0.011212409102833498,0.9915520323068432,0.006230914321520564,-0.02278946577991725,0.005953395996768557,26.527846828425865,0.029658100045892644,-0.10000000000000009,0.0,1
2018-08-14,0.0006842021899073902,0.9901851742071544,0.0063545270269915076,-0.026043271452290573,0.007321498804301212,27.785616971584275,0.029658100045892644,-0.10000000000000009,0.0,0
2018-08-15,-0.00498080630055997,0.987064233780711,0.005191238384648075,-0.029419449106574125,0.004160556853518727,19.47781057120622,0.029658100045892644,-0.10000000000000009,0.0,0
2018-08-16,-0.00012482300979799188,0.9837494879993212,0.005002625121211584,-0.027566669599410676,0.00616868678207301,22.78482112787755,0.029658100045892644,-0.10000000000000009,0.010000000000000009,1
2018-08-17,0.002388010955532316,0.9823198949466083,0.005514129161354887,-0.018523933619836064,0.00480699627938446,24.10939655503782,0.029658100045892644,-0.10000000000000009,0.0,1
2018-08-20,0.005833203078767113,0.9843562181362188,0.0039412346792560915,-0.010774337318765204,0.004733885196092491,26.654599940560715,0.029658100045892644,-0.10000000000000009,0.0,1
2018-08-21,0.004688443233400008,0.9867584176319777,0.004311432364956042,-0.0057687164582673756,0.0045675979600897955,33.83930445327135,0.029658100045892644,-0.10000000000000009,0.0,1
2018-08-22,0.0074323314978568256,0.9912253900939725,0.002967268460778852,-0.0022574149639734697,0.006114741766923739,43.39852523625884,0.029658100045892644,-0.10000000000000009,0.0,1
2018-08-23,0.0006950676455279581,0.9960501841812281,0.0026889345693020036,-0.0022358747786918043,0.0038346229458938973,49.89991483374797,0.029658100045892644,-0.10000000000000009,0.0,0
2018-08-24,-0.0035783983078884196,0.9994622142719701,0.004447203671883545,0.0016853267746412826,0.008457069210162694,48.47414550996825,0.029658100045892644,-0.10000000000000009,0.0,1
2018-08-27,0.009144337754020793,1.0031746281143905,0.005161153875131508,0.02230760684277522,0.007186695357368397,56.29099179091423,0.029658100045892644,-0.10000000000000009,0.0,1
2018-08-28,0.0029793875380470514,1.0066127849146118,0.005133890063399993,0.024652387978904233,0.0059535221230739436,55.66375711066692,0.029658100045892644,-0.10000000000000009,0.0,1
2018-08-29,0.0006546323554694755,1.0085915785002824,0.00465376052930794,0.03045565862209676,0.0044738954111600325,55.65343777576469,0.029658100045892644,-0.10000000000000009,0.0,1
2018-08-30,0.0015808572704292256,1.0105663786610846,0.004609312567662223,0.03221350593844985,0.006268654862681784,64.43634774007481,0.029658100045892644,-0.10000000000000009,0.0,0
2018-08-31,-0.003849395505841957,1.0123249402464947,0.004694408941418139,0.025790508934205203,0.007960426075385163,74.12723611451463,0.029658100045892644,-0.10000000000000009,-0.010000000000000009,0
2018-09-03,-0.005452411025046566,1.011325760367578,0.0036404133264137527,0.014280970573619323,0.003183212924144523,66.1364045906099,0.029658100045892644,0.0,0.0,1
2018-09-04,0.0012428484833599818,1.0098935499931136,0.0032494768978166048,0.010802478100842006,0.007104640790034906,73.5455207574654,0.025531567563155555,0.0,0.010000000000000009,0
2018-09-05,-0.002491129718552476,1.0081507795788458,0.00311073632546705,0.0008458200948691097,0.007407789228642341,70.17443188023073,0.025531567563155555,0.0,0.0,1
2018-09-06,0.004200319378601769,1.0067526785621521,0.003933058686982993,0.004351599886190938,0.004174656497058909,71.20913873901502,0.025531567563155555,0.0,0.0,0
2018-09-07,-0.0013014936799229382,1.0055612025543639,0.0036716793304984075,0.006646625206800261,0.00749013528531731,65.9739554506626,0.025531567563155555,0.0,0.0,0
2018-09-10,-0.005075289652726522,1.004145543211967,0.00355315906782956,-0.007537807490467174,0.007504318607602338,56.05328554904683,0.025531567563155555,0.0,0.0,1
2018-09-11,0.003014905215417807,1.0029680365838056,0.003867952903200382,-0.007502662249802894,0.006550062565613708,51.826246322670485,0.025531567563155555,0.0,0.0,1
2018-09-12,1.1616684766790897e-05,1.0020483763471053,0.003675608876198522,-0.008140436083719726,0.006671497643639409,51.089950257921885,0.025531567563155555,0.0,0.0,1
2018-09-13,0.002860858097059049,1.0007140444728706,0.0033421118020581318,-0.006872858880643595,0.007837971652419755,58.43330353339855,0.02781700199975523,0.0,0.0,1
2018-09-14,0.005378188128950967,1.0005688616156265,0.004009172625070533,0.002326717682696655,0.005608701486042328,54.5996682114347,0.02781700199975523,0.0,0.0,0
2018-09-17,-0.005372562806159498,1.0009140272739845,0.004126685527543241,0.0024071904564855195,0.006219206501458775,44.4769908773554,0.02781700199975523,0.0,0.0,1
2018-09-18,0.0034540896185308867,1.0014079468378991,0.004179874173053311,0.004621003036606286,0.004395125938853779,47.90316487623029,0.02781700199975523,0.0,0.0,1
2018-09-19,0.0009226873411831704,1.0024053802546922,0.004131070398371404,0.008059160250955433,0.005400685662029245,47.1291256407843,0.02781700199975523,0.0,0.0,0
2018-09-20,-0.0004553048991460251,1.0027979562818254,0.004113827580807076,0.0033856458043810544,0.0089220573635079,51.0366738927229,0.02781700199975523,0.0,0.0,1
2018-09-21,0.008678831564500333,1.0032412164671236,0.005165459576253304,0.013412811187468288,0.005598497888921688,66.90366935474577,0.02781700199975523,0.0,0.0,0
2018-09-24,-0.002115127565657682,1.0048960360161412,0.004207062161360378,0.016427980225917294,0.0076393841421784695,62.841717680543944,0.02781700199975523,0.0,0.010000000000000009,1
2018-09-25,0.0001645452636427347,1.0060348952255036,0.004198993583082949,0.013539503101963168,0.005097325392642649,66.61667130909272,0.02781700199975523,0.0,0.0,1
2018-09-26,0.0008704655560571872,1.0071527241812965,0.004200663901929931,0.014409970248268289,0.0040830290907462085,63.84104013450371,0.02781700199975523,0.0,0.0,0
2018-09-27,-0.0012453796102303016,1.0082530529893023,0.004302867186300615,0.010256444425765121,0.008055798936317556,63.90926785446923,0.02781700199975523,0.0,0.2500000000000002,0
2018-09-28,-0.009461223483405279,1.0059946803904507,0.004139411712676247,-0.004654970392940494,0.007081438385288637,57.42101430115458,0.02781700199975523,0.0,0.0,0
2018-10-01,-0.0027504212446839427,1.0034780326840254,0.004139868314826813,-0.0020309370387990855,0.0048408414293933276,50.92160041048127,0.02781700199975523,0.0,0.0,0
2018-10-02,-0.0023966412508881207,1.0006324752148303,0.0038804922407721957,-0.007849686958500968,0.006515266384464762,48.28069135190626,0.02781700199975523,0.0,0.0,0
2018-10-03,-0.0022294163309379833,0.997154265034542,0.0033145570335900167,-0.01097416468748691,0.006657271023508337,42.707270186425966,0.022214284844524368,0.0,0.0,0
2018-10-04,-0.0065300304727187175,0.9931607429431418,0.003210329585212523,-0.01698496196763344,0.006220818489276391,30.20592660401779,0.022214284844524368,0.0,0.0,1
2018-10-05,0.0036397522018474238,0.9915466752341835,0.003643035729013282,-0.021895832143865146,0.004754571717506882,39.403051716989474,0.022214284844524368,-0.19999999999999973,0.0,1
2018-10-08,0.00039173804285597136,0.9902886434584277,0.0037618067610992426,-0.019438659209716103,0.006113272557189463,34.97222874129703,0.022214284844524368,-0.19999999999999973,0.0,0
2018-10-09,-0.002471276723194915,0.989287945729696,0.0037667713830545797,-0.022022819139936978,0.006225493200713091,31.616070354390416,0.022214284844524368,-0.19999999999999973,0.0,1
2018-10-10,0.0011161622934408033,0.9888967857171642,0.0038866903923302906,-0.021782742315970327,0.005330513267284309,33.65457030487295,0.022214284844524368,-0.19999999999999973,0.0,1
2018-10-11,0.002295205842824277,0.9902857835214292,0.002295589614778623,-0.018314961820365183,0.005670662304581637,22.306000457302147,0.022815000020294463,-0.19999999999999973,0.0,1
2018-10-12,0.004949103265734278,0.9919626648770469,0.002710076356264877,-0.0040334389761426115,0.00626323825956523,32.92118876153768,0.022815000020294463,-0.19999999999999973,0.0,0
2018-10-15,-0.003373011342656995,0.9927889739258609,0.003436043862685665,-0.004655228076900886,0.005369881911927291,30.128333172750402,0.022815000020294463,-0.19999999999999973,0.0,1
2018-10-16,0.0027799876800456147,0.994693586357517,0.0030840841186321605,0.000509680899600129,0.004571824229289376,33.017713887931436,0.022815000020294463,-0.19999999999999973,0.0,0
2018-10-17,-0.0007060887366547863,0.9963190092327836,0.00325179252629671,0.0020371903593972007,0.0052108908215489766,33.42646210267276,0.022815000020294463,-0.19999999999999973,0.009999999999999787,0
2018-10-18,-0.006428907457512012,0.9965048264104135,0.004579413092064186,0.0021391854122387866,0.0038670665302738302,35.95360635067044,0.022815000020294463,-0.19999999999999973,0.0,0
2018-10-19,-0.0035526885741700154,0.9956117504493465,0.0034679125199604697,-0.005042501766443608,0.007053734037298972,35.31044385605216,0.022815000020294463,-0.19999999999999973,0.0,1
2018-10-22,0.004316082180734426,0.9959270379151549,0.004422328738049995,-0.001139475104838139,0.007787493112262865,43.40772851184252,0.022815000020294463,-0.19999999999999973,0.0,0
2018-10-23,-0.0036122815085490867,0.9951554628776473,0.004067940611202768,-0.002282003246847908,0.004344091100548817,42.12197979173526,0.022815000020294463,-0.19999999999999973,0.010000000000000231,1
2018-10-24,0.00045883747589914314,0.9946362407801401,0.004191816983388397,-0.002937096856236221,0.007993451628770193,49.65801226563326,0.022815000020294463,-0.19999999999999973,0.0,0
2018-10-25,-0.006440624007078677,0.9943802479499236,0.004195078856047395,-0.011627322870227719,0.005664587444709174,37.977101998871014,0.022815000020294463,-0.19999999999999973,0.0,0
2018-10-26,-0.001877250156367749,0.9940740161166944,0.0040820919937015684,-0.018341077014503937,0.005473972281244369,35.83928154886867,0.022815000020294463,-0.19999999999999973,0.0,1
2018-10-29,0.0018350998067984126,0.9930417057386192,0.0032810465406667784,-0.013211185048954244,0.004507028112974805,40.5272679055142,0.022815000020294463,-0.19999999999999973,0.0,0
2018-10-30,-0.0019794069309048146,0.9923157242391477,0.00315004675540443,-0.01789468235217595,0.0034869435571183486,37.25867784145155,0.022815000020294463,-0.19999999999999973,0.0,0
2018-10-31,-0.0026210758262471545,0.9909947879259404,0.0029408191752456903,-0.019776730248913243,0.004269692787834439,31.90046867320025,0.022815000020294463,-0.19999999999999973,0.0,0
2018-11-01,-0.002614095481043077,0.9902450553360569,0.001869573678693018,-0.016013167181180288,0.008785823522558514,22.019982941391504,0.022815000020294463,-0.19999999999999973,0.0,1
2018-11-02,0.007651635381950683,0.9911840526184632,0.004430128704301077,-0.004948952227673442,0.006993685402495481,36.20602719278177,0.022815000020294463,-0.19999999999999973,-0.010000000000000231,0
2018-11-05,-0.0005014754689950385,0.9917042005029381,0.004370919731282146,-0.009722066859730427,0.004488872735259741,31.785624176501926,0.021711894712515,0.0,0.010000000000000231,1
2018-11-06,0.001346619983840558,0.9926968605940295,0.004248184982963569,-0.004793573032082055,0.003927886900254338,34.311372003335904,0.021711894712515,0.0,0.0,1
2018-11-07,0.002242044736443516,0.9946022033636227,0.0038493636509851483,-0.003019727612527223,0.00868798992008079,43.34683266091079,0.021711894712515,0.0,0.0,0
2018-11-08,-0.00038883559320357364,0.9970833319062017,0.003330386244047835,0.003052897544139288,0.0034246689597880807,46.99858231143915,0.021711894712515,0.0,0.0,0
2018-11-09,-0.005741074675465474,0.9974412275088514,0.0030964144157789794,-0.0008300120279450818,0.0038847512268104564,34.27138056447667,0.021711894712515,0.0,-0.010000000000000231,0
2018-11-12,-0.003816487317488404,0.9971593332100691,0.003407077322819418,-0.0064665646303502244,0.008043159866789079,34.13344419259856,0.021711894712515,0.0,0.0,0
2018-11-13,-0.00808810665799875,0.9955427841778837,0.004130393003189232,-0.012547799293892936,0.006114641137845362,27.66019374333453,0.021711894712515,0.0,0.010000000000000231,1
2018-11-14,0.006922533588078261,0.9944620947369716,0.005837817854500035,-0.003099175615924099,0.006617788638624982,41.852000547067675,0.025089300556683902,0.0,0.0,1
2018-11-15,5.6594723917280376e-05,0.9931408945870775,0.005876066730077582,-0.0004297843051620509,0.006731861785168469,43.64711226119034,0.025089300556683902,0.0,0.0,1
2018-11-16,0.001155015031003126,0.9929656661542211,0.0056213547994230055,-0.006874301415505157,0.008090935444937239,42.78677184720407,0.025089300556683902,0.0,0.0,1
2018-11-19,0.00786430419997286,0.9949459109059876,0.0064032957381386394,0.001438137846820009,0.005996307987957879,53.26678223444319,0.025089300556683902,0.0,0.0,1
2018-11-20,0.0035968657063256693,0.9988979191588895,0.0034368662017204774,0.0036885892300380085,0.007481504114197656,59.21503052164823,0.025089300556683902,0.0,0.0,0
2018-11-21,-0.007210096528688648,1.0004173259668054,0.005525832441709127,-0.005777194391221152,0.004897440544593795,54.33670582167064,0.025089300556683902,0.0,0.0,1
2018-11-22,0.001400751225303587,1.0018112618317287,0.005495447342316846,-0.00399725425956754,0.0041954335092875255,48.694167531801526,0.025089300556683902,0.0,0.0,1
2018-11-23,0.001299977264267449,1.0030762253238108,0.005494468819975727,0.0030561469081271664,0.0076375260136176655,50.4810020602648,0.025089300556683902,0.0,0.0,0
2018-11-26,-0.005770744798348049,1.0019993202934914,0.0048203557137835125,0.0010884070751933095,0.0049588547853931806,44.0159579489542,0.025089300556683902,0.0,0.0,0
2018-11-27,-0.00035140248707166144,1.0000475467779248,0.004076048713282373,0.008896686123436304,0.005780930502612779,41.37910810742124,0.025089300556683902,0.0,0.0,0
2018-11-28,-0.0030505557939733974,0.9989610216101924,0.003082435066317463,-0.0010959563017065577,0.003563576650976491,39.431062426647294,0.025089300556683902,0.0,0.0,1
2018-11-29,0.0061730609388910285,0.9983846408732997,0.004526304231718368,0.00501346077280207,0.004564297209065637,50.01008823970398,0.025089300556683902,0.0,0.0,1
2018-11-30,0.0021305226680250478,0.998247984010084,0.004615885731646098,0.005992728010716597,0.007586524773345457,55.420438610716296,0.021143655691621577,0.0,0.0,0
2018-12-03,-0.004434890019770932,0.9985770183842653,0.004233788601021389,-0.0062836269448991455,0.005145797057793838,59.31966649036861,0.021143655691621577,0.0,-0.010000000000000231,1
2018-12-04,0.001112715552509469,0.9992105293505901,0.004245952346238631,-0.008743320438697855,0.006558428278489741,54.20992748043351,0.021143655691621577,0.0,0.010000000000000231,0
2018-12-05,-0.001054786760268711,1.000407714104546,0.003923681180666243,-0.002597516677618983,0.003989027546843696,52.92949287505764,0.021143655691621577,0.0,0.0,1
2018-12-06,0.0005447130829194791,1.0004389939177678,0.0025629877955242845,-0.003450136937777404,0.007833799916052925,52.3097714613891,0.021143655691621577,0.0,0.0,1
2018-12-07,0.0022635879349817145,1.0000936939478478,0.002595542535257775,-0.002491097585185731,0.0043422469936073085,45.73538678567631,0.021143655691621577,0.0,-0.010000000000000231,1
2018-12-10,0.002303016380289069,1.0007933766182673,0.0013902263219475422,0.005609296372773409,0.0073003339987237304,43.922896964597236,0.021143655691621577,0.0,0.010000000000000231,0
2018-12-11,-0.003895309912609113,1.0002806992494984,0.002598328459337868,0.00204425735659175,0.008081410331436705,48.04680858548254,0.021143655691621577,0.0,-0.010000000000000231,0
2018-12-12,-0.0029439813237839285,0.9998801113073187,0.0029140913576500196,0.0021513764652434375,0.00567541705756135,42.30854624708768,0.021341561924456354,0.0,0.0,1
2018-12-13,0.004447013736577077,1.0000383420233614,0.003643438344838064,0.0004322282920365961,0.005176847226564707,46.76976853940742,0.021341561924456354,0.0,0.0,0
2018-12-14,-0.0008636638486140269,0.9996723629083853,0.00351726395852135,-0.0025568840251775082,0.008398628314958842,53.25487116042719,0.021341561924456354,0.0,0.0,0
2018-12-17,-0.005076417971386138,0.9984752891166144,0.0037498896257110404,-0.003199622137059155,0.004348216671281399,47.002809296216576,0.021341561924456354,0.0,0.010000000000000231,1
2018-12-18,0.003881647191652293,0.9988196166496169,0.004182235719921508,-0.00044261779449517036,0.005670873397688378,55.46741312465202,0.021341561924456354,0.0,0.0,1
2018-12-19,0.0022524055418104982,0.9997274774120499,0.003940959076727629,0.0028666012058096157,0.0056284718157750425,50.811060895862596,0.021341561924456354,0.0,0.0,1
2018-12-20,0.0012414097661410661,1.0000052063749292,0.003456352303268489,0.0035649146601088866,0.009351048222341053,49.606649672545245,0.021341561924456354,0.0,0.19999999999999973,1
2018-12-21,0.005911731388308583,1.0014100799280363,0.004150808145715187,0.007217794818061174,0.0075616721145847264,63.349625104137736,0.021341561924456354,0.0,0.0,0
2018-12-24,-0.007335466024604886,1.0024308323526683,0.005083173977609116,-0.002467949746800646,0.005833207375186658,51.792567831395296,0.021341561924456354,0.0,0.0,1
2018-12-25,0.002736942996828473,1.003071726783207,0.004955840503786868,0.004173806795845891,0.004555149071476515,55.87237087113255,0.021341561924456354,0.0,0.0,1
2018-12-26,0.001016065012271694,1.0032626409106293,0.0049059152427046,0.008162123129008991,0.00378956346973179,56.32675386336762,0.021341561924456354,0.0,0.0,0
2018-12-27,-0.004749041800903631,1.0027983689516269,0.005446632378366657,-0.0010679455040689678,0.006619233287445858,48.78654152494941,0.021341561924456354,0.0,0.0,1
2018-12-28,0.006138464056676618,1.0021758329761978,0.005513722986973484,0.005932750758483429,0.0036943129897050423,52.5200172431686,0.021341561924456354,0.0,0.0,1
2018-12-31,0.0007778653659904489,1.002925665317505,0.003948179280855995,0.011851813737450367,0.0038123186712852846,57.423192077628045,0.021341561924456354,0.0,0.0,1
2019-01-01,0.004643244708864236,1.003882691297488,0.0042184178868213814,0.012619457842992787,0.00739699210078206,64.61419556936853,0.019813439908373365,0.0,0.0,0
2019-01-02,-0.002727909868198375,1.0041700356737047,0.004650453364208133,0.007587627275677855,0.013199260596783224,57.84493245677616,0.019813439908373365,0.0,0.0,0
2019-01-03,-0.012529146529702495,1.0035477365284562,0.0074419800275002035,-0.00627021161218444,0.008111379482208091,46.73044886666176,0.019813439908373365,0.0,0.0,1
2019-01-04,0.0064473312242818714,1.0027738175462997,0.007514275387950686,-0.005741098077612361,0.006108191393694687,55.98189290207793,0.019813439908373365,0.19999999999999973,0.0,1
2019-01-07,0.0017001675155818852,1.0022139878751688,0.007570053434787322,0.003309048043616647,0.006067108765093204,54.410966034789396,0.019813439908373365,0.19999999999999973,0.0,1
2019-01-08,0.00607275035194621,1.0014383633898494,0.00783490519195139,0.006646758621944082,0.00537264034462656,57.13898862492598,0.019813439908373365,0.19999999999999973,0.0,0
2019-01-09,-0.0020620147536288824,1.0007554609524816,0.007786861511062486,0.0035513647242590984,0.008598086689500413,54.494394687432575,0.019813439908373365,0.19999999999999973,0.0,1
2019-01-10,0.008631489238603907,1.0041105854820724,0.004290947924823344,0.017043489574589454,0.005187561242687244,56.35451014309212,0.019813439908373365,0.19999999999999973,0.0,0
2019-01-11,-0.003878884068224897,1.005551656366633,0.005283751466290445,0.006917568484011483,0.006886201249539635,59.37137966494409,0.019236740965385968,0.19999999999999973,0.0,0
2019-01-14,-0.004343374419858104,1.0057429748497466,0.006033991850719609,0.0017649102456076537,0.0027999287249261687,53.73899525705493,0.019236740965385968,0.19999999999999973,0.0,1
2019-01-15,0.0011128148567545182,1.0050819134584326,0.005334913257395169,-0.001755404814045236,0.009192181715240099,53.81065208714768,0.019236740965385968,0.19999999999999973,0.0,0
2019-01-16,-0.004886350046035215,1.0042135545845383,0.00572853197268722,-0.0039159498276664095,0.003802391739487717,53.67887534008071,0.019236740965385968,0.19999999999999973,0.0,0
2019-01-17,-0.0016414103181224826,1.0014324785823152,0.0024761349878961243,0.007066754466567238,0.00309588230187807,47.6571409206056,0.019236740965385968,0.19999999999999973,0.0,0
2019-01-18,-0.0004783813266034942,0.9996582437491004,0.0025467990224384116,0.0001367794498869923,0.004924014600648164,46.62114529943637,0.019236740965385968,0.19999999999999973,0.0,0
2019-01-21,-0.002375367747233459,0.9980355067453608,0.002236401133680051,-0.003932394984211385,0.0026630627739170883,40.54264854654659,0.019236740965385968,0.19999999999999973,0.0,1
2019-01-22,0.0003296575934785828,0.9963744197076877,0.002010182516525449,-0.009618374101834082,0.0033801048894663657,42.853638970595014,0.019236740965385968,0.19999999999999973,0.0,0
2019-01-23,-0.00046596104255325344,0.9956747629500629,0.001072514880223736,-0.008034405666154543,0.0036531633719836093,54.5184100752169,0.019236740965385968,0.19999999999999973,0.0,1
2019-01-24,0.002129587067182692,0.9953849077168774,0.0016266587969634033,-0.014428875123620233,0.007040097308370498,49.68935072484831,0.019236740965385968,0.19999999999999973,0.0,0
2019-01-25,-0.006561824992528664,0.9945114661120915,0.0033135056695298825,-0.01708340082581805,0.009351190865679801,40.582079942190376,0.019236740965385968,0.19999999999999973,0.0,1
2019-01-28,0.008799478296548369,0.9954598931903992,0.00551745264988766,-0.004108718828467417,0.004786420666056679,43.88138581547253,0.019236740965385968,0.19999999999999973,0.0,1
2019-01-29,0.0014859055187195214,0.9967977327201605,0.005514621233332656,-0.00373757410649056,0.003395428499196824,47.579371670930094,0.019236740965385968,0.19999999999999973,0.0,1
2019-01-30,0.0004688060911626213,0.9981625107173562,0.005464837270956552,0.0016237641130485425,0.0036441324380535535,36.55541587032684,0.019236740965385968,0.19999999999999973,0.0,1
2019-01-31,0.0045721316074203155,0.9991623516257533,0.005666947314621376,0.007857627692986702,0.005497305049322682,47.51451273588139,0.019236740965385968,0.19999999999999973,0.0,0
2019-02-01,-0.0033203826269594394,1.0012871547980253,0.004554100546949902,0.004991924105425705,0.004658420499549016,48.79311931821258,0.013994262673273195,0.2999999999999998,0.0,1
2019-02-04,0.0005040323105429678,1.001829659752284,0.002822123298299166,0.00789258805334736,0.0032470343572491224,47.96809022763221,0.013994262673273195,0.10000000000000009,0.0,0
2019-02-05,-0.0016581708047050947,1.0021299377053068,0.0029617782165401664,0.0058897308015977146,0.003468616608206641,52.45463733936565,0.013994262673273195,0.10000000000000009,0.0,0
2019-02-06,-0.0023048017136692023,1.001886955286471,0.0031333161159192422,0.0040391975775513345,0.003117118722887153,51.46521930329405,0.013994262673273195,0.10000000000000009,0.0,0
2019-02-07,-0.0038531703871318435,1.000584413465915,0.0017012914451825032,-0.001954960335010414,0.003874996997732121,46.9852800508718,0.013994262673273195,0.10000000000000009,0.0,0
2019-02-08,-0.002392479741115894,0.9993944889829602,0.001585146409063122,0.002233719395151823,0.0025728454206884023,46.97135807390926,0.013994262673273195,0.10000000000000009,0.0,0
2019-02-11,-0.001279588983948976,0.9976916980158056,0.0009841327876487877,-0.007779748400870701,0.0051214398434776985,45.02967651676322,0.013954141507352302,0.10000000000000009,0.0,0
2019-02-12,-0.003992851395924202,0.9957799329041871,0.0011455056357315716,-0.013207816369019132,0.005412434139998459,41.385319260524994,0.013954141507352302,0.10000000000000009,0.0,1
2019-02-13,0.004930589046378886,0.9948172453133827,0.0036668366756737645,-0.008807026940643614,0.005420375133121965,44.89471782741768,0.013753535677746731,0.10000000000000009,0.0,0
2019-02-14,-0.006150587103886607,0.993623916933482,0.004173015858119443,-0.01938693763529231,0.0051161320492454955,45.32780604636865,0.013753535677746731,0.10000000000000009,0.0,1
2019-02-15,0.0026995517431898097,0.9932854701171399,0.004586148221102785,-0.013464045087829835,0.005596383073460932,36.93651973950574,0.013753535677746731,0.10000000000000009,0.0,1
2019-02-18,0.00023725025268528377,0.993119179806145,0.004593230922440023,-0.013727102590551099,0.0034785636469629303,34.872198492016,0.013753535677746731,0.10000000000000009,0.0,1
2019-02-19,0.0012330288394324374,0.9939487425152714,0.004161260470061598,-0.01087085459349868,0.005732540527028681,36.127415507491094,0.013753535677746731,0.10000000000000009,0.0,1
2019-02-20,0.0027449212844001813,0.9941876035175445,0.0036780345417486955,-0.005864487716922384,0.003848365689956541,32.925319027970886,0.013753535677746731,0.10000000000000009,0.0,1
2019-02-21,0.0002950014334945905,0.9958032657925092,0.0012338696101242177,-0.0017246914586344086,0.00381087863383279,36.733229482257414,0.013753535677746731,0.10000000000000009,0.0,0
2019-02-22,-0.0002949144333140863,0.9965124995423394,0.0011970287688608536,0.000374277937955636,0.003263512473925951,35.46998525028235,0.013753535677746731,0.10000000000000009,0.0,0
2019-02-25,-6.799641163912629e-05,0.9976009779277718,0.0012425672197777507,0.0015878768904855622,0.00260222200477773,37.22598425451849,0.013753535677746731,0.10000000000000009,0.0,1
2019-02-26,0.0022280586566212346,0.9988532297680043,0.001402276607487351,0.007843643328094174,0.0028279864426118107,44.22184328055217,0.013753535677746731,0.10000000000000009,0.0,1
2019-02-27,0.0022558243915535847,0.9999216699447263,0.0012581184673513925,0.005161125167986613,0.0035034059408799857,53.89940719164735,0.013753535677746731,0.10000000000000009,0.0,0
2019-02-28,-0.0011379817523223812,1.0009908075962541,0.0015540224548265516,0.010230782572642205,0.005381926894916877,56.192193776263416,0.01223464559989429,0.10000000000000009,0.0,0
2019-03-01,-0.0005914274446008339,1.0018626566829731,0.0016014812876671777,0.006915084989520537,0.004795011376989375,57.53012268013399,0.01223464559989429,0.10000000000000009,0.0,1
2019-03-04,0.00021612558930117487,1.0028066533024913,0.0015795249299088592,0.006893819292585812,0.005688889783104789,67.05951011428428,0.01223464559989429,0.0,0.0,0
2019-03-05,-0.0033898816606553472,1.0027122052093445,0.0020536466210405273,0.0022447716926712324,0.004054902905873552,50.50563704908074,0.01223464559989429,0.0,0.0,0
2019-03-06,-0.0026684297776490284,1.0016487385434212,0.0014863969864050038,-0.0031658792955445714,0.0029517925197077854,59.26939346762907,0.01223464559989429,0.0,0.0,1
2019-03-07,0.0006109592703660294,1.0007104425803206,0.001774888947176456,-0.002851014628575399,0.009823852985587531,54.57505641361409,0.01223464559989429,0.0,0.0,0
2019-03-08,-0.010224132032449207,0.9982385033945274,0.004352902781747275,-0.012754844665508136,0.005222995530157359,34.27059274918561,0.01223464559989429,-0.20000000000000018,0.0,1
2019-03-11,0.0030440151064905496,0.9961085287445288,0.005022285212519203,-0.009682317450064204,0.0031042921163291284,38.20126965040406,0.01223464559989429,-0.20000000000000018,0.0,1
2019-03-12,0.0023869618457559305,0.9948155561546309,0.0054222703999082696,-0.009525302650234435,0.003915963793904645,37.41417411953482,0.013997331933867319,-0.20000000000000018,0.0,1
2019-03-13,0.0025057890853388276,0.9946757131693234,0.0056032729923598985,-0.009278276194114365,0.003075112719985096,41.76511952649312,0.013997331933867319,-0.20000000000000018,0.0,1
2019-03-14,0.003863930829871798,0.994686465049239,0.005920479703981315,-0.0043171270411500595,0.0036384363813338873,48.49837346257766,0.013997331933867319,-0.20000000000000018,0.0,0
2019-03-15,-0.002001644997434049,0.9965730765799482,0.002289915631924792,-0.005722087437789236,0.003605042969987,45.967684694378754,0.013997331933867319,-0.20000000000000018,0.0,1
2019-03-18,0.0010074681462122204,0.9980202119902869,0.002229170558635088,-0.004935443026169106,0.011048986000314037,44.1206782646994,0.013997331933867319,-0.20000000000000018,0.0,1
2019-03-19,0.0014510758697108272,0.9992726478540239,0.0021803435008088336,-0.000101992942088458,0.0025904643486739354,42.822592032880365,0.013997331933867319,-0.20000000000000018,0.0,1
2019-03-20,0.0016463550313727815,1.0004108864661834,0.0021003680160037166,0.004223895117850374,0.0027351805977187966,46.85344304149895,0.013997331933867319,-0.20000000000000018,0.010000000000000231,1
2019-03-21,0.006434020762722037,1.0017606433515325,0.0030272632756492605,0.010067982112088814,0.007422677444258985,55.80834151278283,0.013997331933867319,-0.20000000000000018,0.0,0
2019-03-22,-0.004629667781540836,1.00279528642942,0.0039267573508547345,0.01577714253900142,0.010242347268946687,49.91276039873089,0.013997331933867319,-0.20000000000000018,0.0,0
2019-03-25,-0.006958252476328197,1.0025784277947751,0.005366982809740493,0.005647901318108994,0.003647030205299792,46.29420244490864,0.013997331933867319,-0.20000000000000018,-0.010000000000000231,1
2019-03-26,0.0017652605545475097,1.0024471261748575,0.0053959995259819085,0.005024177524256768,0.0043589691186047925,50.791577906103974,0.013997331933867319,-0.20000000000000018,0.0,0
2019-03-27,-0.0036192180213564518,1.001557304251986,0.0054231124951128334,-0.001116216173971285,0.003803541690037468,46.64459143110443,0.013997331933867319,-0.20000000000000018,0.010000000000000231,0
2019-03-28,-0.0020477843846290478,0.9990117045156607,0.003250902937536519,-0.006998603498596823,0.004251451397915742,55.44055163036881,0.013997331933867319,-0.20000000000000018,0.0,0
2019-03-29,-0.0019316303301136761,0.9970807409373417,0.003155615858132787,-0.006928939393364364,0.0031323420902258465,49.74956850067372,0.014635495586502234,-0.20000000000000018,0.020000000000000018,0
2019-04-01,-0.0005498689178314864,0.9964770466694002,0.0020182110252592285,-0.008473929235224387,0.003595657129335003,46.13712792428864,0.014635495586502234,-0.20000000000000018,-0.020000000000000018,0
2019-04-02,-0.0016136592061790633,0.9951084311511365,0.0011033642455005222,-0.011508290874002514,0.002628070008959523,40.878628347554844,0.014635495586502234,-0.20000000000000018,0.0,0
2019-04-03,-0.0001680841407932787,0.9943056332878024,0.0008504863975528277,-0.01329890097245734,0.004688207894175161,34.34062386268916,0.014635495586502234,-0.20000000000000018,0.0,1
2019-04-04,0.003846475502299551,0.994515854231254,0.0023144294490740507,-0.015835712824571968,0.003610318375134147,42.799735077869784,0.014635495586502234,-0.20000000000000018,0.0,0
2019-04-05,-0.0018746903030062434,0.994320834680977,0.0023031742529289055,-0.013111751341509326,0.0026608436840085386,39.23753521453886,0.014635495586502234,-0.20000000000000018,0.0,0
2019-04-08,-0.0005610103836299896,0.9943015756174395,0.002303757525995979,-0.006754150504635348,0.005217998322292944,36.3155465417162,0.014635495586502234,0.0,0.0,1
2019-04-09,0.0032868820627189876,0.9952125542742967,0.0025175886433297834,-0.005245469472256792,0.0027993378935228575,38.925940432564104,0.014635495586502234,0.0,0.0,1
2019-04-10,0.0009351247909736848,0.9964215881890646,0.002447293217745637,-0.0006985600696636229,0.00459994371216177,28.923911719986634,0.01878442408062142,0.0,0.0,1
2019-04-11,0.0008457988323447019,0.9971864608241675,0.001925943195609116,0.0021989352512894467,0.002782941945452435,35.44667166823406,0.01878442408062142,0.0,0.0,0
2019-04-12,-0.0013963867106355776,0.9980156865471246,0.00178347469202167,0.0027363940084668137,0.0059217431762279135,43.617915778159194,0.01878442408062142,0.0,0.0,1
2019-04-15,0.003934172506313338,0.9995968675025739,0.002136119877922612,0.0072351792788867275,0.002037040005196466,48.20552635770028,0.01878442408062142,0.0,0.0,0
2019-04-16,-1.1282911303256427e-05,1.0005954000927773,0.0019561943841807025,0.008851757660115478,0.002560827968353924,55.81664453787712,0.01878442408062142,0.0,0.0,0
2019-04-17,-0.0017604703698442803,1.0012256808913667,0.0022761133533332535,0.007245005944582106,0.0037131732879694705,56.51305317892634,0.01878442408062142,0.0,0.009999999999999787,1
2019-04-18,0.0010732508493576098,1.0021731753009453,0.0022914115250952734,0.004462392516925595,0.006043859451038259,63.65373701901856,0.01878442408062142,0.0,0.010000000000000231,0
2019-04-19,-0.00541579444208895,1.0023515290163674,0.0034680399691181417,0.0008988059600689713,0.0016085255567879226,52.012397398448734,0.01878442408062142,0.0,0.009999999999999787,1
2019-04-22,0.0007646358213686533,1.0015049028681404,0.0026665977066176343,0.0022263884513404886,0.0024088775438481547,56.662232681878656,0.01878442408062142,0.0,0.0,1
2019-04-23,0.0012835261166872503,1.000941138732582,0.002851565140018862,0.00022515009123558194,0.006023367986925176,59.07232432941472,0.01878442408062142,0.0,0.0,0
2019-04-24,-0.0030754762768938626,1.0000872147115956,0.003016880986417229,-0.003782606211553352,0.0037015957124236208,46.17433844067359,0.01878442408062142,0.0,0.0,0
2019-04-25,-0.006312881219592614,0.9979696217853151,0.003476021580565845,-0.010908180993029815,0.0037894540631701083,39.51488941316264,0.01878442408062142,0.0,0.0,0
2019-04-26,-0.0014923747591043535,0.9966200085200996,0.0030889906762856735,-0.011003254746218216,0.0044747173758486435,38.36461746388938,0.01878442408062142,0.0,0.0,1
2019-04-29,0.0012043116734206105,0.9952683359645462,0.0031838607240749876,-0.013692498276983489,0.0021884816160594994,34.00826579819531,0.016539139964721894,0.0,0.010000000000000231,1
2019-04-30,0.003131870076250376,0.9940459026163188,0.0036820834645742134,-0.010592347927574686,0.004746445388274367,38.52542639340918,0.016539139964721894,0.0,0.0,1
2019-05-01,0.0027590878682304254,0.9938441141806659,0.0039003326215095737,-0.006112776269663112,0.0031719582059113595,41.99712802385949,0.016539139964721894,0.0,0.0,0
2019-05-02,-0.0013553414770735017,0.9948908838430148,0.0021981431732727695,-0.00852393537599383,0.003983951803900128,42.057787975903764,0.016539139964721894,0.0,-0.040000000000000036,0
2019-05-03,-0.002435731065745683,0.9957761634438614,0.002472738124416502,-0.005553184893334007,0.005316192863782707,31.744565918953,0.016539139964721894,-0.19999999999999973,-0.010000000000000231,1
2019-05-06,0.001096226728920291,0.9965588425734643,0.002467265635991558,-0.005223687317050918,0.0021949549712383743,34.00119760862535,0.016539139964721894,-0.19999999999999973,0.0,1
2019-05-07,0.0014338184202291604,0.9970979627919632,0.002132546217261042,-0.0050743717439465374,0.0038843051722982,38.7111387227874,0.016539139964721894,-0.19999999999999973,0.0,0
2019-05-08,-0.0009624563281716014,0.9969900433178911,0.0016556592991062605,-0.0029655885312026564,0.0022729630733511535,35.55200498811425,0.016539139964721894,-0.19999999999999973,-0.009999999999999787,1
2019-05-09,0.0006494636731757542,0.9972926090931581,0.001622412964606372,0.004020209424117294,0.0067257883701058235,43.99345273215204,0.016539139964721894,-0.19999999999999973,-0.010000000000000231,1
2019-05-10,0.0021209636993082537,0.9983295763886673,0.0011554743251824691,0.007653496485756195,0.003014733634261396,46.5794308370428,0.0197789714934824,-0.19999999999999973,0.0,1
2019-05-13,0.00128099622605915,0.9995381613509233,0.0011675059713904016,0.0077306749963677035,0.0034990036947425084,46.57011918336517,0.0197789714934824,-0.19999999999999973,0.0,0
2019-05-14,-0.0003481922963568529,1.000408478407035,0.0012355597896263645,0.004234658462160201,0.0036684360402031552,51.37715386865057,0.0197789714934824,-0.19999999999999973,0.0,0
2019-05-15,-0.0024985821238935335,1.0010073844135023,0.0017772982293535917,-0.0010307482469148477,0.0037740181110737193,60.00692520775624,0.0197789714934824,-0.19999999999999973,0.020000000000000018,1
2019-05-16,0.00024651556053667534,1.0015680713356765,0.001763222465536017,0.000571629448314237,0.004465331350348962,64.61205744657687,0.0197789714934824,-0.19999999999999973,-0.009999999999999787,0
2019-05-17,-0.003005642400352837,1.0009805284601572,0.0018274844244203828,0.0,0.002423434564226137,54.460633946830264,0.0197789714934824,-0.19999999999999973,0.0,0
2019-05-20,-0.0007370057657791751,1.0000639280053962,0.0014102739323037718,-0.0018312250568454091,0.0023062830598645995,45.765331543678755,0.0197789714934824,-0.19999999999999973,0.0,1
2019-05-21,0.0002904073849743227,0.9993244956790875,0.0015376327814302453,-0.002970908150549234,0.0036482509689265722,38.52395716870872,0.0197789714934824,-0.19999999999999973,0.0,0
2019-05-23,-0.001171325515886501,0.9987561659146628,0.0013474474890126968,-0.0031793574304204153,0.005674564343983623,38.92279026435309,0.0197789714934824,-0.19999999999999973,-0.010000000000000231,1
2019-05-24,0.0026060336834154985,0.9982120159499923,0.0020622031689843954,-0.0012302739145203523,0.0030366799733028815,52.66247597277781,0.0197789714934824,-0.19999999999999973,0.0,1
2019-05-27,0.0022418843339460093,0.9985320075800922,0.001712483717745183,-0.0011097576559946365,0.0026984086471586633,55.4304347826087,0.0197789714934824,-0.19999999999999973,0.0,0
2019-05-28,-0.001410352939174686,0.9988468337233576,0.001867859973989442,-0.003794680699601316,0.0024702722815982607,48.168741295264624,0.0197789714934824,-0.19999999999999973,0.010000000000000231,0
2019-05-29,-0.002066653901392268,0.9989493871016555,0.002204634168292624,-0.005507217583701429,0.004452304919657672,45.59818715558531,0.0197789714934824,-0.19999999999999973,0.0,0
2019-05-30,-0.002984744284602603,0.9989764586992181,0.002572227520630263,-0.005991913395902437,0.0024701683659822346,38.15970968607956,0.0197789714934824,-0.19999999999999973,0.0,0
2019-05-31,-0.0005565852978207664,0.9983328014270362,0.001996358300405335,-0.006790005401370314,0.004749245594342716,31.053855094924444,0.01765421996926575,-0.19999999999999973,0.009999999999999787,1
2019-06-03,0.0038550003250341636,0.9976946149077491,0.0026616878034280617,4.459589028593669e-05,0.004366468415835785,38.380502097622696,0.01765421996926575,-0.19999999999999973,-0.020000000000000018,1
2019-06-04,0.006466649149158066,0.9983631055391473,0.0040535291196961655,0.007253885346523825,0.0044473798967871216,52.043611193681265,0.01765421996926575,0.0,0.0,1
2019-06-05,0.0006865524129822109,0.9996196867138086,0.003715426697406567,0.007652788120833698,0.005746686296835223,57.82797658951048,0.01765421996926575,0.0,0.0,0
2019-06-06,-0.0022233824627768684,1.0010879768747891,0.0034950816278472244,0.006591436817174445,0.007482286101685415,53.21311071623357,0.01765421996926575,0.0,-0.009999999999999787,1
2019-06-07,0.0042287443571003,1.0033345013887782,0.003395035820670689,0.008220597837243604,0.008425574776619356,64.59794908899114,0.01765421996926575,0.0,0.0,1
2019-06-10,0.0038714871766898362,1.0055034483882825,0.003396563811645615,0.009859921814848294,0.0030846555341618336,69.95222514094351,0.01765421996926575,0.0,0.0,0
2019-06-11,-0.00018112820970772603,1.0064182943550142,0.002746434078370476,0.011103019810953185,0.0024676869824008384,69.3295529839592,0.01765421996926575,0.0,0.0,1
2019-06-12,0.0010082874848489354,1.007329469236626,0.002732893469939225,0.014218541036418841,0.0030454901146257075,72.59319557762069,0.018440537250284494,0.0,0.0,0
2019-06-13,-0.0029933009529046206,1.0081076150628494,0.0029932135318167536,0.014209836724632607,0.0029961666164139483,64.23757049626312,0.018440537250284494,0.0,0.0,0
2019-06-14,-0.0013423121942293115,1.007849079498014,0.0025871392514265896,0.013412500991969667,0.006690146873172434,59.31562274566383,0.018440537250284494,0.0,-0.010000000000000231,0
2019-06-17,-0.005619736054805369,1.0058163617793874,0.002584945200561221,0.0038475575610721346,0.003623023602418991,52.71584909657529,0.018440537250284494,0.0,0.020000000000000018,1
2019-06-18,0.0006733588790275302,1.003884941655045,0.0027441897733510114,-0.0019306570403050394,0.0054966715803514915,56.54196415140189,0.018440537250284494,0.0,-0.009999999999999787,0
2019-06-19,-0.0023515592807045183,1.0014133023919558,0.0023053434614919745,-0.004960822814636945,0.0029825187800639106,57.51142419133204,0.018440537250284494,0.0,0.0,1
2019-06-20,0.0035963319394261006,1.000026067661247,0.0034355444562519863,0.0008429249666199734,0.007059013711027533,62.21907977591523,0.018440537250284494,0.0,0.0,1
2019-06-21,0.005082990533778808,0.999801793772985,0.004357563174409563,0.0016942909994213107,0.0044039111213926615,63.40349567247526,0.018440537250284494,0.0,0.009999999999999787,1
2019-06-24,0.007889659172591434,1.002005451322693,0.003957691500839052,0.00570374838511567,0.0024034054159499715,64.7154999125473,0.018440537250284494,0.0,0.0,1
2019-06-25,0.0013679296106814398,1.004208197277329,0.0038677364592667116,0.007261923871082487,0.003121424141529936,65.2949741451958,0.018440537250284494,0.0,0.0,0
2019-06-26,-0.002660493599308089,1.006369192952563,0.003977838243605014,0.0035702226741074483,0.0033997286591694958,64.57800606106935,0.018440537250284494,0.0,0.0,1
2019-06-27,0.00042085088626131473,1.007726570961314,0.0041207873752325845,0.007006850657399477,0.003043649679925264,61.14627285513361,0.018440537250284494,0.0,0.0,0
2019-06-28,-0.0001591937147512601,1.0080174495910563,0.003936690894771869,0.008199860462983155,0.002822653130425987,56.616370357752295,0.018440537250284494,0.0,0.020000000000000018,0
2019-07-01,-0.0007045888946014545,1.006815701200429,0.0015038261332619314,0.013183316853611515,0.005439292405287283,55.78250922357112,0.018440537250284494,0.0,-0.009999999999999787,0
2019-07-02,-0.006817681434481249,1.0046354059687048,0.0029399080808509316,0.005598627000344081,0.0039246578901454875,45.53301792463099,0.017133267160174936,0.0,0.009999999999999787,1
2019-07-03,0.0004969057714576675,1.0031011623115342,0.0030934225214334548,0.008469791258815196,0.0030914250481431974,49.71182332345813,0.017133267160174936,0.0,0.010000000000000231,0
2019-07-04,-0.00045158493327723814,1.001304357319743,0.0029912905232311704,0.004402217719801316,0.0021101437814650993,50.86824358772967,0.017133267160174936,0.0,0.0,0
2019-07-05,-0.00019178324944402192,0.999721670588594,0.0029875976300499088,-0.0008689833011465975,0.007062484215249545,59.25578737515931,0.017133267160174936,0.10000000000000009,0.009999999999999787,0
2019-07-08,-0.005175866546490382,0.9976979604286003,0.0033272371908558648,-0.013820968547356927,0.0025688544081537397,50.32838079748815,0.017133267160174936,0.10000000000000009,-0.009999999999999787,0
2019-07-09,-0.0010094279101561243,0.9968845640025175,0.002251551427263006,-0.016162265954622446,0.0023858771547479625,52.19030999013255,0.017133267160174936,0.10000000000000009,0.0,0
2019-07-10,-0.0006948888470127423,0.9959177447420032,0.0020743284513100074,-0.01422327114581734,0.005388867516733653,45.9654068638993,0.017133267160174936,0.10000000000000009,0.0,1
2019-07-11,0.004514813137107554,0.9955642834867304,0.003442525289730956,-0.010189236157325698,0.003214955408428723,45.00811175767702,0.01773121738679806,0.10000000000000009,-0.010000000000000231,0
2019-07-12,-0.0005738722932974172,0.9950962281731535,0.0034378935246393125,-0.010599754829898167,0.003399973938441752,26.822230481098075,0.01773121738679806,0.10000000000000009,-0.020000000000000018,1
2019-07-15,0.0017471838155604935,0.9956452135133796,0.0023501695945470154,-0.008172259923409753,0.0026889652168928693,27.854969720174054,0.01773121738679806,0.10000000000000009,0.020000000000000018,0
2019-07-16,-0.0009122557209516602,0.996291204270637,0.0023318297357535697,-0.00227488848399493,0.005090898159172551,29.92692981369757,0.01773121738679806,0.10000000000000009,0.010000000000000231,0
2019-07-17,-0.004395125846612946,0.9963004023470785,0.0033123204481503507,-0.007153367131478294,0.0028840464683827127,24.145740939561676,0.01773121738679806,0.10000000000000009,0.0,1
2019-07-18,0.0015496194528008544,0.9958221191358527,0.002479756332677451,-0.005165580440558704,0.003658980627614752,28.27466048791419,0.01773121738679806,0.10000000000000009,0.0,1
2019-07-19,0.00283797110649453,0.9961340682103297,0.002894843591267201,-0.002150898358935227,0.005006328039290159,35.379004176512424,0.01773121738679806,0.10000000000000009,0.0,0
2019-07-22,-0.003836731081830025,0.9959160382585273,0.0031937574686142817,-0.0008076909763918838,0.001671307001817844,39.17590805764687,0.01773121738679806,0.10000000000000009,-0.010000000000000231,0
2019-07-23,-0.0010869658775174429,0.995786412332281,0.00319417914245612,-0.0008852446018307036,0.005454359775200338,36.66372869206491,0.01773121738679806,0.10000000000000009,0.0,0
2019-07-24,-0.004895445604800708,0.9956697657074528,0.0033325079480861696,-0.005085001203446793,0.0023048098152399885,31.808028631985067,0.01773121738679806,0.10000000000000009,0.0,0
2019-07-25,-0.000791075725082413,0.9951474047225223,0.0030193419578163085,-0.010340183448548923,0.0074581540012352695,31.254286747558893,0.01773121738679806,0.10000000000000009,0.0,1
2019-07-26,0.0003343336238736949,0.9940986463031608,0.002207159176772318,-0.00944085244602555,0.00337013303421277,37.607319557625146,0.01773121738679806,0.10000000000000009,0.0,0
2019-07-29,-0.0012578507383255166,0.9935942561283145,0.0019759729019578633,-0.012412325202983743,0.002703913928797647,37.30144984014954,0.01773121738679806,0.10000000000000009,0.0,1
2019-07-30,0.0009805837562772979,0.9931095499108139,0.0022862933107116227,-0.010541273387180139,0.0022296937610511163,40.22548462393611,0.01773121738679806,0.10000000000000009,-0.009999999999999787,1
2019-07-31,0.001338864668436468,0.9938275399218223,0.0011181123939969432,-0.004842680400423793,0.0032846199465875327,33.06313771170328,0.015993728261821216,0.10000000000000009,0.009999999999999787,0
2019-08-01,-0.007728002186327854,0.9935245807640344,0.0037467006829806806,-0.014061088458627302,0.004102651121871155,26.078116268276432,0.015993728261821216,0.10000000000000009,-0.2599999999999998,1
2019-08-02,0.0006425735328396964,0.9932404250716145,0.003781993595192595,-0.01621949086911989,0.0039204310139180415,23.537518492271616,0.015993728261821216,0.10000000000000009,0.0,1
2019-08-05,0.002632558396775675,0.9933391596085301,0.00415057488820007,-0.009830617583429069,0.008287216034793408,29.976804771944643,0.015993728261821216,0.0,-0.010000000000000231,1
2019-08-06,0.012222036561796434,0.9950167512212517,0.007100084029868428,0.003361888946924463,0.007030130387353738,53.351554458006056,0.015993728261821216,0.0,0.0,0
2019-08-07,-0.0032724860429519387,0.9958986324685026,0.0074684101084610075,0.004998315757020366,0.005359581589700022,47.68653900001217,0.015993728261821216,0.0,-0.009999999999999787,0
2019-08-08,-0.0002352914396145378,0.9985124634304113,0.005889330814822929,0.005557320242718822,0.003922907958861121,43.791932840130194,0.015993728261821216,0.0,0.0,0
2019-08-09,-0.001532626973702711,1.0007411226661371,0.006126955744711321,0.003680611793957622,0.003196764022338987,46.41697521291749,0.015993728261821216,0.0,0.0,1
2019-08-12,0.00190537791611467,1.0028232081024362,0.006115704474911333,0.006859481608834095,0.005972748788576838,50.26895522789284,0.015993728261821216,0.0,0.0,1
2019-08-13,0.0008750984193242051,1.0025622287982716,0.0020302881339748727,0.006753376741861272,0.0044641154085940755,58.41521944680495,0.019400205343711896,0.0,0.0,0
2019-08-14,-0.0036772366987478655,1.0021843999087583,0.0021738523921188274,0.0017101519478606164,0.004567409066174743,54.01802390089898,0.019400205343711896,0.0,0.0,0
2019-08-15,-0.003019839816450376,1.0014786019562139,0.002421151308203435,0.00646309675867518,0.005691144754634305,49.69011738291455,0.019400205343711896,0.0,0.009999999999999787,0
2019-08-16,-0.002667292846995184,1.0008234902348867,0.002524018926059567,0.0031339775960306238,0.004150278882393783,48.052880406233584,0.019400205343711896,0.0,0.0,0
2019-08-19,-0.0017750133088455522,0.9993265161062085,0.0017749166626449128,-0.0012757983478797197,0.001965464095491618,44.93161181940314,0.019400205343711896,0.0,0.0,0
2019-08-20,-0.000964196016010388,0.9974533851236788,0.0010650089417941027,-0.01428619441552681,0.0027136051118903637,42.225217346061505,0.019400205343711896,0.0,0.0,1
2019-08-21,0.0013206089644373087,0.9962705476757276,0.0017291579979987484,-0.00974385250588039,0.0016758143076150995,53.18005722385705,0.019400205343711896,0.0,-0.009999999999999787,0
2019-08-22,-0.000632149682732841,0.995558876987655,0.0014905060257481848,-0.010136936310066291,0.004461597148378496,51.45539769418889,0.019400205343711896,0.0,0.0,0
2019-08-23,-0.000609655232012396,0.9953058350836608,0.001137991181697361,-0.009221918292842801,0.008661804589765891,46.89854197593983,0.019400205343711896,0.0,0.0,1
2019-08-26,0.0053264446441778635,0.9961401889435259,0.0026396684208208603,-0.0058388463931066115,0.003957968528817203,33.77009507346587,0.019400205343711896,0.0,0.0,0
2019-08-27,-0.0035310081699094775,0.9966850378609653,0.003265416378326286,-0.010215396490701578,0.0026760524972660807,33.49475168117654,0.019400205343711896,0.0,0.0,0
2019-08-28,-0.0012309884431378482,0.9968497760157428,0.003280011205938478,-0.007785201227731187,0.0023056003439750616,32.35401278526713,0.019400205343711896,0.0,0.0,0
2019-08-29,-0.0003769751693002421,0.9966982951303895,0.0032723273820033354,-0.005154968933468007,0.0030638229417453188,33.70587491037914,0.019400205343711896,0.0,0.0,0
2019-08-30,-0.0021569993116828945,0.9963776577054017,0.0034048976934748076,-0.004645948238217734,0.006668725700295945,26.627857900600375,0.019400205343711896,0.0,0.009999999999999787,0
2019-09-02,-0.006342304929373932,0.9941800638191908,0.0023346533356694513,-0.009200104145634547,0.0035195179132421267,19.706081167257608,0.019400205343711896,0.0,0.0,0
2019-09-03,-0.0021168948030498846,0.9929788831442209,0.002298376261059246,-0.010343300248912946,0.004277223650922035,20.70188719693975,0.01713348633688838,0.0,0.0,1
2019-09-04,0.0005487410040276863,0.9919380939799511,0.002645028894438639,-0.011106177085266844,0.0056732967916637116,24.285709096060998,0.01713348633688838,0.0,0.0,1
2019-09-05,0.0055064510953648504,0.9917779831426181,0.004353742210447465,-0.005031912850257503,0.005842945362135787,39.0472140928071,0.01713348633688838,0.0,0.0,1
2019-09-06,0.00012142419781158154,0.9919902660341123,0.004309898554129205,-0.004304068414242468,0.0032795675231002013,41.5494609763698,0.01713348633688838,0.0,-0.009999999999999787,0
2019-09-09,-0.0014217004063976635,0.9933516379692784,0.002989461021312572,-0.010987569687290866,0.0044575492770720215,40.94886783207613,0.01713348633688838,0.0,0.009999999999999787,1
2019-09-10,0.0025190469937259596,0.9955564458795715,0.0026655949984941375,-0.004982786989613741,0.0025066750797956075,43.1102231323635,0.01713348633688838,0.0,0.0,1
2019-09-11,0.00017673613036772728,0.997496366691366,0.002702147668365184,-0.0035803504245942586,0.006519526215110491,44.279928918502435,0.01713348633688838,0.0,0.0,0
2019-09-12,-0.003337111955823313,0.997692897593182,0.002167669225049846,-0.006531001206194764,0.013433623870221517,40.80410660518359,0.01768541092572451,0.0,0.0,1
2019-09-13,0.004069486396331534,0.9983397652911111,0.0029702662814973446,-0.0003318090305939325,0.004654522169537496,38.52562964875199,0.01768541092572451,0.0,0.010000000000000231,1
2019-09-16,0.0022721208923117686,0.9995226689239851,0.002860846360956829,0.008334724243515668,0.008059859969935785,47.1416201848533,0.01768541092572451,0.0,0.10999999999999988,0
2019-09-17,-0.006988703977614419,0.9991038691652109,0.0044394092693108116,0.0034118887580585344,0.006831985641955471,39.96449269795747,0.01768541092572451,0.0,0.04999999999999982,1
2019-09-18,0.0062460093225473745,0.9996490612066359,0.00547016993263895,0.009125460251348194,0.0036434401661722166,48.84477709079075,0.01768541092572451,0.0,0.050000000000000155,0
2019-09-19,-0.0039051159828811244,1.0002430299271012,0.005573464139209991,-0.000319980848681678,0.004664657122954985,46.96673746491694,0.01768541092572451,0.0,-0.3500000000000001,1
2019-09-20,0.0015468169869337078,1.0002268543220236,0.0052564797325333505,0.001104782841257812,0.0063536910686440755,56.304380666654296,0.01768541092572451,0.0,0.0,0
2019-09-23,-0.0026665498509088614,0.9996226797134715,0.005146716571585861,-0.0001432161722644265,0.00542276351168753,55.539695486677545,0.01768541092572451,0.0,0.0,0
2019-09-24,-0.002297737141640499,0.9998993516377593,0.0041476947423864,-0.004947208982597595,0.0026193307607737543,52.01804856760187,0.01768541092572451,0.0,0.0,1
2019-09-25,0.0021041610122873866,0.9991825017982415,0.002693221093292784,-0.003029658374841371,0.006439030956517524,47.932033074406526,0.01768541092572451,0.0,0.0,0
2019-09-26,-0.005804942170237082,0.9983602384049051,0.0032700792846052347,-0.005498249872980754,0.003850582300033707,41.66934563994123,0.01768541092572451,0.0,-0.04999999999999982,0
2019-09-27,-0.002752623786713926,0.9967081530149959,0.0028292724825223986,-0.012255352452552715,0.004814208085634428,40.49959959820953,0.01768541092572451,0.0,-0.020000000000000018,1
2019-09-30,0.0018274149347297097,0.9955442900684103,0.0033441451321098133,-0.012693612601845317,0.005522792631425056,39.58455732018555,0.01768541092572451,0.0,0.06999999999999984,0
2019-10-01,-0.003934782765000033,0.9941470782995965,0.003530806548339973,-0.00965723634721205,0.005121020376133549,36.26128525248748,0.017087708437502513,0.0,-0.020000000000000018,1
2019-10-02,0.003236798112715489,0.992837737926953,0.0038580329886189033,-0.012618888386921934,0.004819309944848352,42.81958034639736,0.017087708437502513,0.0,-0.029999999999999805,1
2019-10-03,0.002631231814618884,0.9933555329698873,0.0033013600644393334,-0.006139720129217707,0.005147859753794324,41.09069345893895,0.017087708437502513,0.0,-0.020000000000000018,1
2019-10-04,0.0010646919993484438,0.9945872022441452,0.0028591504095826564,-0.006618144968643214,0.003018306650571348,39.55862628422882,0.017087708437502513,-0.20000000000000018,-0.010000000000000009,1
2019-10-07,0.0010217427997381012,0.9955387762793676,0.0028208472610444803,-0.0029444659251391947,0.003403345729949084,47.85514922769514,0.017087708437502513,-0.20000000000000018,0.0,0
2019-10-08,-0.0013166996248463736,0.9972019266114949,0.0017677304008499343,-0.001964064334736504,0.004678680890777904,37.07532968568312,0.017087708437502513,-0.20000000000000018,0.0,0
2019-10-09,-0.0010959258329721333,0.9980690864468409,0.0016562771999217778,-0.005151159841447539,0.003325863609137391,40.242315532001626,0.017087708437502513,-0.20000000000000018,0.0,1
2019-10-10,0.002527190822104286,0.9986239803030733,0.0016225051497007607,0.003186452358689751,0.004862628045407963,41.9317627223923,0.017317872647761412,-0.20000000000000018,0.0,1
2019-10-11,0.0021140823313881008,0.9994874750588651,0.0017833773831506363,0.00808214199572821,0.005277628735036361,48.91756198480269,0.017317872647761412,-0.20000000000000018,0.0,1
2019-10-14,0.0017229052205089967,1.0005205703803826,0.001846363804727254,0.00797697979413492,0.002524361160568478,54.989458774463685,0.017317872647761412,-0.20000000000000018,0.0,0
2019-10-15,-9.046068807616603e-05,1.0014508400723188,0.0015549735389244971,0.011867275418763201,0.004777880544555595,51.779348869686665,0.017317872647761412,-0.20000000000000018,0.07999999999999985,1
2019-10-16,0.0005187098166075099,1.0029915037517176,0.0011038873004704517,0.009125804408425253,0.004780048830023983,64.44563236340218,0.017317872647761412,-0.20000000000000018,0.0,1
2019-10-17,0.003643562431130176,1.0043789114709942,0.0014560834475408195,0.010144692425573254,0.006689753762165745,75.94517362903586,0.017317872647761412,-0.20000000000000018,-0.04999999999999982,1
2019-10-18,0.00471791789460152,1.0061328456360912,0.002041864607257153,0.013831054333864223,0.00421462760754639,78.33101428048334,0.017317872647761412,-0.20000000000000018,0.0,1
2019-10-21,0.0025658447178631416,1.007793918375543,0.0020374791790420048,0.015394914946195382,0.0036464635800313484,91.16279782777822,0.017317872647761412,-0.20000000000000018,0.0,0
2019-10-22,-0.0003568028922085187,1.0093008785093585,0.00211660167577986,0.016370874252642054,0.0032286206105142734,88.7512517311175,0.017317872647761412,-0.20000000000000018,0.0,0
2019-10-23,-0.002014480528594542,1.0105030412035325,0.002813455438589,0.015436257743226767,0.0022780819552515636,80.27630523488996,0.017317872647761412,-0.20000000000000018,0.0,1
2019-10-24,0.00027827990030759864,1.0107228191350244,0.002632317999078607,0.01315838866263408,0.00645369791922105,79.63769746613258,0.017317872647761412,-0.20000000000000018,0.0,0
2019-10-25,-0.0025538302527958745,1.0094714473990882,0.0020311563697433853,0.008439030981113982,0.004096869530470904,70.80192028128064,0.017317872647761412,-0.20000000000000018,-0.020000000000000018,0
2019-10-28,-0.001773545888299033,1.007529038285735,0.0011922812991364802,0.004919137655660988,0.0026639699303721933,69.51376873830476,0.017317872647761412,-0.20000000000000018,0.0,1
2019-10-29,0.0013430624340124986,1.005666971372947,0.0016695995825763668,0.006359842802498683,0.0039386117454211795,73.95837612666278,0.017317872647761412,-0.20000000000000018,-0.010000000000000009,1
2019-10-30,0.0014116106506523174,1.004587092605964,0.001817024267185888,0.0072579564851025236,0.002033938152149385,72.83200329153202,0.017317872647761412,-0.20000000000000018,0.0,1
2019-10-31,0.0035693662573050844,1.004120606988571,0.0025202687356668057,0.007183493110630046,0.0038711929297480492,74.34849465846553,0.017317872647761412,-0.20000000000000018,-0.24,1
2019-11-01,0.0002342615162191919,1.0042565877424692,0.0019466897711867426,0.0026888338508948006,0.0039129178644114445,72.84038423636878,0.017317872647761412,-0.10000000000000009,-0.010000000000000009,1
2019-11-04,0.0008486785701768973,1.0049264644102924,0.001258898499927387,0.0009714570509338216,0.0031348752172340954,73.99086917473306,0.013966071661650092,0.10000000000000009,-0.010000000000000009,0
2019-11-05,-0.0034052868952607618,1.0047479595861681,0.0025342883576826673,-0.0020810775765814915,0.006681519963844765,64.70480525255695,0.013966071661650092,0.10000000000000009,0.0,0
2019-11-06,-0.0048837204070870666,1.0034994142040885,0.003402833170071046,-0.004950125986458276,0.002494911035974212,49.88961129578805,0.013966071661650092,0.10000000000000009,-0.010000000000000009,0
2019-11-07,-0.0003431754059061154,1.0016111408360917,0.002497067988339668,-0.005568332976031987,0.004821719046161739,40.02696546410746,0.013966071661650092,0.10000000000000009,0.0,0
2019-11-08,-0.004579755477885028,0.9990967101094024,0.002583062673416897,-0.007588135407437302,0.0018451984813487507,27.833289303973515,0.013966071661650092,0.10000000000000009,0.0,1
2019-11-11,0.0002491347893853746,0.9965341782595172,0.0023975950039967957,-0.005577236683457443,0.0023953378082788835,28.844083504961617,0.013966071661650092,0.10000000000000009,0.0,1
2019-11-12,0.001180689130078516,0.9948282226055968,0.0028444903855565557,-0.005738487822696592,0.0033799593225260476,34.1587506037675,0.013966071661650092,0.10000000000000009,0.0,0
2019-11-13,-0.002092314619131508,0.993814430930486,0.0022741162115220413,-0.009217394997567463,0.0017614501567086603,31.01907537771811,0.017577236608431912,0.10000000000000009,0.0,1
2019-11-14,7.707426939385087e-05,0.9930602658937462,0.002317227650806027,-0.012665190705118623,0.0024520068344021334,34.277948065467584,0.017577236608431912,0.10000000000000009,0.0,1
2019-11-15,0.0006612505960077453,0.9935522692652563,0.0012525891245906415,-0.012243708260571085,0.0036798525073491045,38.455428790959274,0.017577236608431912,0.10000000000000009,0.0,1
2019-11-18,0.0031396489910286984,0.9945922497521795,0.0018915966364797929,-0.009982706676777142,0.0033468881693142828,42.55600322320709,0.017577236608431912,0.10000000000000009,0.0,1
2019-11-19,0.0015611910211783542,0.9956143779034523,0.0019284323374235692,-0.005049006989705007,0.0018942381203955528,42.86332578596189,0.017577236608431912,0.10000000000000009,0.0,1
2019-11-20,0.000690340731384298,0.9970565472503413,0.0011937659431876834,0.000524128309710381,0.0026314263400203496,35.9689581303022,0.017577236608431912,0.10000000000000009,0.0,0
2019-11-21,-0.00010307083300920006,0.9984825212314671,0.0012389694686244903,0.0007644411976841514,0.002947720807637841,35.17948995858792,0.017577236608431912,0.10000000000000009,0.0,0
2019-11-22,-0.0011730626846091496,0.9994733544392642,0.0016409799237889124,0.0041894237900681475,0.004515918234732733,31.1757994937431,0.017577236608431912,0.10000000000000009,0.0,0
2019-11-25,-0.003912969895997098,0.9991641547376245,0.0021145954307419134,1.0923294140985362e-05,0.002511897608538505,30.572903237084645,0.017577236608431912,0.10000000000000009,0.0,0
2019-11-26,-0.0007379091269722471,0.9984998395933496,0.0017488972913826467,-0.0019054332989241196,0.0016861168800766009,36.809454403864265,0.017577236608431912,0.10000000000000009,0.0,1
2019-11-27,0.0007384540389474559,0.9978778449263191,0.0017609393408011187,0.0009258654861312721,0.0026052312706485855,39.641374610189786,0.017577236608431912,0.10000000000000009,0.0,0
2019-11-28,-0.001606680051341125,0.9972144258470025,0.001688315191635267,-0.0007593178803395606,0.0016082907077259049,46.249623516655625,0.017577236608431912,0.10000000000000009,0.0,1
2019-11-29,0.000627739250439241,0.9968910134132832,0.0019099439232480278,-0.0007927816522049769,0.003981234847496599,47.35696333966561,0.017577236608431912,0.10000000000000009,0.010000000000000009,1
2019-12-02,0.0006611214165124224,0.9974931818028836,0.0010585663076085213,-0.0032615930941829463,0.007751657878093464,45.81946906953586,0.01738005979215118,0.0,0.0,1
2019-12-03,0.00545089156182299,0.9988882336601914,0.0025872344330259023,0.0006093775015028058,0.002360061145962799,64.30294111635703,0.01738005979215118,0.0,-0.010000000000000009,1
2019-12-04,0.0005542388512289609,0.9999737778866062,0.0025962885556546807,0.0004732866329932861,0.00410561246623016,65.09465542826024,0.01738005979215118,0.0,0.0,0
2019-12-05,-0.00019948428741312085,1.0013327542808563,0.0022816620187797202,0.00037681760424712607,0.0022537079481469696,63.389707646521316,0.01738005979215118,0.0,0.0,1
2019-12-06,0.002021162890928796,1.0026402980363467,0.0022456837408434604,0.003575999661306062,0.006309096455806698,61.371654484835105,0.01738005979215118,-0.10000000000000009,0.0,0
2019-12-09,-0.004191322504694672,1.003196309393797,0.003502432184864627,0.0032955542894765877,0.0023811915831938105,47.31266678400015,0.01738005979215118,-0.10000000000000009,0.0,1
2019-12-10,0.0005521259976966064,1.0028067758145698,0.0023444043369111474,0.004590796566031896,0.00307369432632442,46.98736939843111,0.01738005979215118,-0.10000000000000009,0.0,1
2019-12-11,0.002508082857232141,1.002577858678225,0.0026548081143438784,0.006367237570184203,0.002437113592620096,52.51860468133132,0.02000980717822154,-0.10000000000000009,0.0,1
2019-12-12,0.0038863998572851166,1.0029772462955144,0.0031140334438948375,0.011904189333523885,0.0037283354996673957,61.44448212816884,0.02000980717822154,-0.10000000000000009,0.0,1
2019-12-13,0.004507980252282495,1.0036840261551843,0.003501338634968077,0.01582815822961936,0.006082562613596461,76.1426409311156,0.02000980717822154,-0.10000000000000009,0.0,0
2019-12-16,-0.005506554292647348,1.0045542363024085,0.0040394191856040935,0.0095669989599112,0.0030904832191261905,65.02505233479947,0.02000980717822154,-0.10000000000000009,0.010000000000000009,1
2019-12-17,0.0011248544504565139,1.0055611709235948,0.0040249172908128445,0.0052232519499233465,0.003796894813961038,65.43845369348617,0.02000980717822154,-0.10000000000000009,-0.010000000000000009,1
2019-12-18,0.0012935688381461308,1.0062958382793994,0.003970374413808386,0.005966031966093466,0.0036001024538465944,69.95000973836265,0.02000980717822154,-0.10000000000000009,0.0,0
2019-12-19,-0.0031792335118151493,1.0057677287217328,0.00397086524361591,0.0029679073838217995,0.002928882767046203,63.15959097001551,0.02000980717822154,-0.10000000000000009,0.0,1
2019-12-20,0.0009012606925509203,1.0044102452539116,0.0030992555784282384,0.0018469470628432738,0.004640141774669136,63.41272262804291,0.02000980717822154,-0.10000000000000009,0.0,0
2019-12-23,-0.004143951861756867,1.0033456895981752,0.0026374773356868113,0.001894604946410805,0.0023509744100884355,50.09563133731979,0.02000980717822154,-0.10000000000000009,0.0,1
2019-12-24,0.0012647340712366173,1.0022086440567712,0.0026636202602025056,0.002608169153381912,0.0024252651377861143,51.09675969100569,0.02000980717822154,-0.10000000000000009,0.0,0
2019-12-25,-0.00033268147392939706,1.0007994678102936,0.0024379614294562516,-0.00023287878804156836,0.0027741281591744174,50.904859610577475,0.02000980717822154,-0.10000000000000009,0.0,1
2019-12-26,0.00047715262316239127,1.0000219204069432,0.002193751215582191,-0.0036281367507386975,0.0019965529030113427,48.67567687274982,0.02000980717822154,-0.10000000000000009,0.0,1
2019-12-27,0.000510553699354821,0.9991721705585725,0.002143682528017802,-0.007593185730979113,0.007267811776561178,56.28584203951851,0.02000980717822154,-0.10000000000000009,0.0,1
2019-12-30,0.007313235600164614,1.0002826132391816,0.003107746222024546,0.005199705868296212,0.003500598109013936,64.2712741426968,0.02000980717822154,-0.10000000000000009,0.0,1
2019-12-31,0.0017878774213926363,1.0016795109943488,0.003092025713750778,0.00586542752369823,0.0035966154909649376,63.58376889057068,0.02000980717822154,-0.10000000000000009,0.0,1
2020-01-01,0.0016540089524843538,1.003418544053144,0.002842762857571394,0.0062275133904099444,0.006141801230272554,61.21967114024235,0.020586943533293933,-0.10000000000000009,0.0,0
2020-01-02,0.0,1.0050503773530246,0.002928021586183256,0.009436748529392247,0.005374328394869448,55.292670179870214,0.020586943533293933,-0.10000000000000009,0.0,0
2020-01-03,-0.004401494957191443,1.0060157251221098,0.004204613800239524,0.004088772029074983,0.004921632378753769,57.42712719240381,0.020586943533293933,-0.10000000000000009,0.0,0
2020-01-06,-0.0008483365294456036,1.0051849043291818,0.002518499102046399,0.007411632153574654,0.004492952347834334,53.98867338550071,0.020586943533293933,0.0,0.0,1
2020-01-07,0.003228338291148658,1.0045078842646873,0.0028820018012045263,0.009387291202348047,0.005768633592443503,56.96062829536432,0.020586943533293933,0.0,0.0,0
2020-01-08,-0.0038628596467005227,1.0030428845132102,0.003102884296235082,0.005822788375018595,0.004871184158034077,55.66340677653575,0.020586943533293933,0.0,0.0,0
2020-01-09,-0.0037228795184237606,1.0012138315450023,0.0031951813203675464,0.0016003150993033621,0.002442923454457241,48.29815366479218,0.020586943533293933,0.0,0.0,0
2020-01-10,-0.0001888991043865751,1.000467744849365,0.002921413262850936,0.0009001004478594865,0.0031290648875682407,54.735872901245706,0.020586943533293933,0.0,-0.010000000000000009,1
2020-01-13,0.0005001783132467796,0.9996897586829682,0.0030089585321082164,-0.005869580999610102,0.0027520718283884187,53.546137398696345,0.020586943533293933,0.0,0.0,1
2020-01-14,0.0017148976262308935,0.9985777339719627,0.002540989225853853,-0.0059420029523789,0.003612547677900256,56.759786810396356,0.022822504382094877,0.0,0.0,0
2020-01-15,-0.00043409236158020725,0.998241566218957,0.002022804097504028,-0.008014269215319558,0.003881110923690263,55.264919307714365,0.022822504382094877,0.0,0.0,1
2020-01-16,0.0020757662165888924,0.9988031913286053,0.0011217565369166732,-0.0059551387480184514,0.0037790206480797575,57.468543665130184,0.022822504382094877,0.0,0.0,0
2020-01-17,-0.0012933037942931547,0.9992530071173085,0.0014183333002989735,-0.0028517979559037343,0.005154873061919689,42.56401531969277,0.022822504382094877,0.0,0.010000000000000009,0
2020-01-20,-0.004038394119527999,0.9987906841373069,0.0024818920361686005,-0.0060354589622004795,0.002472595631224804,32.75538911983753,0.022822504382094877,0.0,0.0,1
2020-01-21,0.00021081316828008845,0.9980805640259136,0.0022417606830922557,-0.009025120297855183,0.0029995334512649937,29.078596677698073,0.022822504382094877,0.0,0.0,0
2020-01-22,-0.0010198972346647794,0.9972882326514678,0.0022399681406437763,-0.006196890910417974,0.002360826157962433,28.00803486947214,0.022822504382094877,0.0,0.0,1
2020-01-23,0.0009765264799332929,0.9962507537682771,0.0019160892021085195,-0.0015091547414051165,0.005963666240956524,36.0520026426991,0.022822504382094877,0.0,0.0,0
2020-01-24,-0.0037146146349177345,0.9949417265730072,0.0022714016672171866,-0.005030214546670186,0.003583755553688885,32.24497727579178,0.022822504382094877,0.0,0.0,0
2020-01-27,-0.002701160722729301,0.9943993239047807,0.0019573282010877996,-0.008213857771160682,0.002712044806963456,20.681766649391037,0.022822504382094877,0.0,0.0,0
2020-01-28,-0.0005068798012616282,0.9938279061002077,0.0018466353997379302,-0.01041361347902281,0.0025422831305705407,23.715978419337162,0.022822504382094877,0.0,0.0,1
2020-01-29,0.0002534602516883755,0.9935797569597088,0.001992994579111127,-0.009732925291372485,0.0033553613753942615,29.210706181480177,0.022822504382094877,0.0,0.0,0
2020-01-30,-0.000517823376805393,0.9930589330000609,0.001684732549593754,-0.012295951427951257,0.002569574472321267,28.735100477645332,0.022862976460393147,0.0,0.050000000000000044,1
2020-01-31,0.001113983627091697,0.9932254136195484,0.001415460177209226,-0.00991518484131293,0.006547625931659681,30.83087525124644,0.022862976460393147,0.0,-0.010000000000000009,1
2020-02-03,0.0055005980931706056,0.9947100558001848,0.0025128632838689173,-0.00043247859445849635,0.004107905646411175,41.49105297557012,0.02306538490459986,0.0,0.0,0
2020-02-04,-0.002422820498873768,0.9960943958116645,0.002941729510900155,-0.0030644184238516337,0.0028695332186453927,38.35984452573818,0.02306538490459986,0.0,0.0,0
2020-02-05,-0.0014140775226543223,0.9970234261993086,0.003107006623282586,-0.0034577919791054512,0.00454282943201845,31.244945929299575,0.02306538490459986,0.0,0.0,0
2020-02-06,-0.0040708387449320815,0.997259921207486,0.0037284209595479425,-0.008482797414111731,0.004302659965044342,28.21565459546791,0.02306538490459986,0.0,0.0,0
2020-02-07,-0.0017573176694883896,0.997003273809285,0.003685024014337421,-0.006534867995192095,0.0036499852168435072,30.71650705385646,0.02306538490459986,0.10000000000000009,-0.010000000000000009,0
2020-02-10,-0.0030657140611913825,0.9952174309528664,0.0010622708326969387,-0.006898019957527146,0.004722511614933266,26.986746352087664,0.02306538490459986,0.10000000000000009,0.0,0
2020-02-11,-0.0032740540687078434,0.9935131842050864,0.0011049191643680166,-0.009647499857475927,0.0030714796527444243,25.069397450593158,0.022839796891634734,0.10000000000000009,0.0,1
2020-02-12,0.0005459388777842022,0.9921483632693338,0.0018070601345954872,-0.009357916316800607,0.003472538744822661,23.99799686923268,0.022839796891634734,0.10000000000000009,0.0,0
2020-02-13,-0.003980624613736272,0.9911073274385733,0.0017855859518934576,-0.012790090209409466,0.005088888394434228,23.840619542301297,0.024327886240318453,0.10000000000000009,0.0,0
2020-02-14,-0.002754891895100142,0.9899404844174382,0.0017645100338159838,-0.016605232458662855,0.0028747213894329176,23.83365446817983,0.024327886240318453,0.10000000000000009,0.0,0
2020-02-17,-0.00039029385027244956,0.9891226275381746,0.0019483737136841105,-0.022366613729165707,0.0021912709371435433,23.92827836653457,0.024327886240318453,0.10000000000000009,0.0,0
2020-02-18,-0.00015173635873644287,0.9889434767995351,0.0019264796467315347,-0.02014093362736258,0.004806043806556489,23.188121448241546,0.024327886240318453,0.10000000000000009,0.010000000000000009,0
2020-02-19,-0.004123896362855373,0.9879908398251225,0.0019116808852657455,-0.022799934219130624,0.0023040375483582864,20.803812230066583,0.024327886240318453,0.10000000000000009,0.0,1
2020-02-20,0.0013611103197250785,0.9880798305176438,0.002195444858900395,-0.01747013648872564,0.003831755212298669,21.30620148985679,0.024327886240318453,0.10000000000000009,0.0,0
2020-02-21,-0.002044404117788723,0.9882264138439353,0.002091127220529945,-0.017752704058573432,0.007039515100563791,6.019186068732125,0.024327886240318453,0.10000000000000009,-0.010000000000000009,1
2020-02-24,0.004732348696283584,0.9890188704519454,0.0033707050936941725,-0.01006952356699442,0.005091584176110852,19.52288218111002,0.024327886240318453,0.10000000000000009,0.0,1
2020-02-25,0.0009362707871527487,0.989957272841754,0.003397132827304766,-0.005887903827372365,0.004606542952354079,22.62446868101091,0.024327886240318453,0.10000000000000009,0.0,1
2020-02-26,0.00302297513846872,0.9921805438137287,0.002530599678937085,-0.003426795732559107,0.004405333637144409,32.79322960886806,0.024327886240318453,0.10000000000000009,0.0,1
2020-02-27,0.0003582195502427332,0.994165054387448,0.002593398412071729,0.0009144610122073793,0.011027459139814384,35.47451556747809,0.024327886240318453,0.10000000000000009,0.0,1
2020-02-28,0.010227393434993237,0.9981456301689247,0.003962822761379705,0.01394451452489931,0.009201699182148268,55.818187607279214,0.022547241745781488,0.10000000000000009,0.0,1
2020-03-02,0.00491786361275226,1.0022131667772152,0.003973938484124105,0.019328793117590726,0.011473260592295226,66.02683681982853,0.022547241745781488,0.10000000000000009,0.010000000000000009,1
2020-03-03,0.008391445909352147,1.0072442735899318,0.003986018710357234,0.028038426356338464,0.0098882096807924,71.73084729500331,0.022547241745781488,0.10000000000000009,0.0,1
2020-03-04,0.003287119964528351,1.0120995800331316,0.003948484385059303,0.03568878520627905,0.007937811079477908,79.87448432222702,0.022547241745781488,0.10000000000000009,-0.5,0
2020-03-05,-0.0037204257922510697,1.0161005107206564,0.005410514240593783,0.03043304888043541,0.007428291956242094,78.09298552314354,0.022547241745781488,0.10000000000000009,0.0,1
2020-03-06,0.007609796086103238,1.0191252626068605,0.0048276254681494405,0.04040143524115747,0.01254720136391536,81.72566222772993,0.022547241745781488,0.0,0.0,1
2020-03-09,0.014448797785124423,1.0232025107979728,0.006736820107710074,0.0504628287959632,0.012211654011826261,85.7874994138885,0.022547241745781488,-0.10000000000000009,0.0,1
2020-03-10,0.0010486546000192387,1.0255690111134852,0.006884795224153389,0.050580773385864086,0.007792348782623956,91.27376593513912,0.022547241745781488,-0.10000000000000009,0.0,0
2020-03-11,-0.007146411649794127,1.0261872094783016,0.008699477936761745,0.03992921055860332,0.009451306771861671,81.7811287554483,0.02345592679949271,-0.10000000000000009,0.0,0
2020-03-12,-0.004859278542138523,1.026613864051693,0.008913631394530188,0.03450532482820923,0.02238006682443364,78.53888168019554,0.02345592679949271,-0.10000000000000009,0.010000000000000009,0
2020-03-13,-0.006800472200027885,1.0243330628412004,0.00906377585619614,0.01706824305398369,0.013943361760774011,70.22385604514481,0.02345592679949271,-0.10000000000000009,0.0,0
2020-03-16,-0.0026438297866444582,1.0187079312952918,0.003382927983771848,0.009415121840088192,0.013151816213114308,67.50387457420575,0.02345592679949271,-0.10000000000000009,-0.8500000000000001,1
2020-03-17,0.0007032639633588467,1.0129813526311,0.0032530477777458653,0.001719135180120901,0.020703568502588962,66.54950624247577,0.02345592679949271,-0.10000000000000009,0.0,0
2020-03-18,-0.013229605475047146,1.006544297911491,0.005205692651364436,-0.01477177713611022,0.01934648696622008,56.52448353863786,0.02345592679949271,-0.10000000000000009,0.0,0
2020-03-19,-0.0048998489149221225,1.0004479291330646,0.005204736933655956,-0.015938117365536075,0.022593171315680376,48.09398393780931,0.02345592679949271,-0.10000000000000009,-0.04999999999999999,0
2020-03-20,-0.027751725571960706,0.991518271905854,0.01139396545094831,-0.05047323771750223,0.016457105452342493,33.39303104582554,0.02345592679949271,-0.10000000000000009,-0.05000000000000002,1
2020-03-23,0.0034757157946578854,0.9838429058124613,0.012589179210276235,-0.06074407153131001,0.015376483290458631,30.111473985361073,0.02345592679949271,-0.10000000000000009,0.0,1
2020-03-24,0.006566417369906263,0.9770193754886211,0.013851897297194977,-0.055566909192911185,0.012552145567945108,32.12831499520723,0.02345592679949271,-0.10000000000000009,-0.03,1
2020-03-25,0.003532443485666059,0.9735231627921673,0.014045079357723506,-0.04540885136827,0.007344700475882121,35.50390559192009,0.02345592679949271,-0.10000000000000009,-0.01999999999999999,1
2020-03-26,0.008047422242644764,0.9722065226810929,0.014958953518555576,-0.033028067363026214,0.01367731626839812,35.624129749593465,0.02345592679949271,-0.10000000000000009,0.0,1
2020-03-27,0.014572570730083445,0.9790438313230013,0.004549396738495006,-0.012219426148463497,0.011883532832661718,35.43074519757336,0.02345592679949271,-0.10000000000000009,0.0,1
2020-03-30,0.008220695167680647,0.9866856017220553,0.004033835368820161,-0.0014592112778705202,0.01127530195395189,39.54490219980627,0.019287973936446434,-0.10000000000000009,-0.010000000000000009,0
2020-03-31,-0.00975092410858569,0.9919946611045418,0.009096822368533096,-0.011890808314403478,0.010329918018170488,38.695939344087755,0.019287973936446434,-0.10000000000000009,-0.009999999999999995,0
2020-04-01,-0.0003528575408736634,0.9967340270016934,0.009406139254860186,0.001003410100915758,0.010776494657537638,40.32452696061827,0.019287973936446434,-0.10000000000000009,-0.020000000000000004,0
2020-04-02,-0.006616062836650616,0.9987291361539716,0.010143220322813546,-0.0007229849621738227,0.010831942836769706,40.445490097210914,0.019287973936446434,-0.10000000000000009,-0.009999999999999995,0
2020-04-03,-0.009697489183293495,0.9967922418862135,0.00765465400624991,0.01783316362844012,0.007627926850148657,38.036863226703936,0.019287973936446434,0.8000000000000003,0.0,0
2020-04-06,-0.003728463827186168,0.9933790475445686,0.004036280295757988,0.010525908634190007,0.006024357536254633,36.50284942103775,0.019287973936446434,0.9000000000000004,0.0,0
2020-04-07,-0.0002916541788892113,0.9919376046059101,0.004072410603017423,0.0036408597554156152,0.012213547404927371,40.99220550524232,0.019287973936446434,0.9000000000000004,0.0,1
2020-04-08,0.008454590683961927,0.991445805300242,0.006983152708835136,0.008563538716129138,0.005914759106341587,47.26191295457003,0.019287973936446434,0.9000000000000004,0.0,0
2020-04-09,-0.0028896516334027122,0.9916040562953202,0.006606148495345662,-0.002379134900440949,0.009366296869341937,60.976132582949965,0.019287973936446434,0.9000000000000004,0.0,1
2020-04-10,0.00586792639167788,0.9942381087762137,0.0054143210584092424,-0.010938340092648269,0.0030216302163021632,62.054343924943176,0.014971591356217617,0.9000000000000004,0.0,1
2020-04-13,0.00048109572004806367,0.997556973937543,0.0046787728536057845,-0.018530865333781343,0.006852699028512204,59.32003263251007,0.014971591356217617,0.9000000000000004,0.0,0
2020-04-14,-0.0008847468401703695,1.0008433978765876,0.004768340033080485,-0.009743299111015125,0.006245640694930661,56.89151241541151,0.014971591356217617,0.9000000000000004,0.0,1
2020-04-15,0.005712292577293665,1.0026379695335075,0.003958931900773321,-0.0037351235345431943,0.011958162221335765,55.6451239091319,0.014971591356217617,0.9000000000000004,0.0,0
2020-04-16,-0.007308567616241546,1.003658417526594,0.005442884164922712,-0.0044296366657510244,0.007160033677814554,40.707559214751655,0.014971591356217617,0.9000000000000004,0.0,0
2020-04-17,-0.004275971806308454,1.0014685218853225,0.004936249410908603,0.0010207201351992712,0.007419462569271336,30.676646549289757,0.014971591356217617,0.9000000000000004,0.0,1
2020-04-20,0.0007823250313490071,0.9994726890676215,0.004964495399805851,0.0055530117320210515,0.004968915754850441,36.94030134982785,0.014971591356217617,0.9000000000000004,0.0,0
2020-04-21,-0.00019559291749593477,0.9979487329932318,0.004984785296955741,0.005649634603190012,0.005708963342359286,37.04485296645289,0.014971591356217617,0.9000000000000004,0.0,0
2020-04-22,-0.0007706749407427882,0.9953418591973353,0.0033631789094088313,-0.0035499714973779017,0.005425458147053963,41.319717370790016,0.014971591356217617,0.9000000000000004,0.0,0
2020-04-23,-0.004313134912290573,0.9939574360239045,0.0023842198358567045,-0.004972512097968895,0.007921669955783028,46.226017163024906,0.014971591356217617,0.9000000000000004,-0.010000000000000002,0
2020-04-24,-0.0030176057328222816,0.9936997365397245,0.002101143290082198,-0.013762283077376258,0.008356136472390337,46.96060369099814,0.014971591356217617,0.9000000000000004,0.010000000000000002,1
2020-04-27,0.004329554527432444,0.9943439299711276,0.0033142939587427925,-0.009968612967963586,0.004448011429624972,51.854718878182034,0.014971591356217617,0.9000000000000004,-0.010000000000000002,1
2020-04-28,0.00010826512245132314,0.9945484953226804,0.003330742923920807,-0.008984629380900389,0.007243507163556024,42.11534141357952,0.014971591356217617,0.9000000000000004,0.0,1
2020-04-29,0.0010836352792000792,0.9950519046792192,0.0034272949731165873,-0.01354564604699271,0.003934596396676665,46.82184773300946,0.011747032844625194,0.9000000000000004,0.0,1
2020-04-30,0.003752645927246556,0.996646238769673,0.0029702937030288232,-0.0025539300877078785,0.01234862319564066,43.775444991478885,0.011747032844625194,0.9000000000000004,0.010000000000000002,1
2020-05-01,0.006271686807133081,0.9992961265805421,0.002500656574162764,0.008011970034074833,0.0073851046508145255,51.374104401228244,0.011747032844625194,0.9000000000000004,0.0,1
2020-05-04,0.0012933299570614398,1.0010944782344466,0.002498862853325581,0.008526666456045051,0.005155434215106161,53.89407468046766,0.011747032844625194,0.0,0.0,0
2020-05-05,-0.005048729550992004,1.0020922606545564,0.0042113237902152,0.0036311912249265,0.0086534828642345,41.24785145997797,0.011747032844625194,0.0,0.0,0
2020-05-06,-0.006026226213444508,1.0023894786673087,0.005405608207316955,-0.0016475121238291868,0.0055894917554996605,42.58771708434177,0.011747032844625194,0.0,0.0,0
2020-05-07,-0.0036931120457727173,1.0012423223101792,0.00514961449886264,-0.001025829350828289,0.004464875630941737,43.223654586095975,0.011747032844625194,0.0,0.0,1
2020-05-08,0.0035762058614008385,0.9996654967074535,0.004192550317524731,0.005581155392967219,0.005263518001231564,46.845307214621094,0.011747032844625194,10.299999999999999,0.0,1
2020-05-11,0.0002168107414928233,0.9978834161261555,0.004005934800311557,0.001463286283712062,0.004500239693851729,47.32040128378515,0.011747032844625194,10.299999999999999,0.0,0
2020-05-12,-0.0027780072010433754,0.9966579520475256,0.0037200467085971977,-0.0014268965764834274,0.008793517218303565,45.238853349543135,0.0037025706194744323,10.299999999999999,0.0,1
2020-05-13,0.003460125949687365,0.9974458233338916,0.003392742819237857,0.0009436342967175104,0.005710869940797655,53.83355587851246,0.0037025706194744323,10.299999999999999,0.0,0
2020-05-14,-0.0021322207671115034,0.99828328412098,0.002998940083896259,-0.004924763540442023,0.004461998886950837,54.90861481275254,0.0037025706194744323,10.299999999999999,0.0,0
2020-05-15,-0.0015454488283191958,0.9979632246744349,0.0025063569508583412,-0.01265492050785666,0.005427591610463855,48.1219953531698,0.0037025706194744323,10.299999999999999,0.0,1
2020-05-18,0.0013310858459365527,0.9978378720616027,0.0026382889274505364,-0.01261769056735118,0.01033654497588459,49.61681640462523,0.0037025706194744323,10.299999999999999,0.0,1
2020-05-19,0.00866660982343559,0.9995557126095939,0.004377753125411686,0.000993311165490951,0.006632504283949687,57.263883008749644,0.0037025706194744323,10.299999999999999,0.0,1
2020-05-20,0.0011583319408448034,1.0007194632981766,0.004300385389918067,0.008228607353162332,0.006391272228401475,54.92759251808734,0.0037025706194744323,10.299999999999999,0.0,1
2020-05-21,0.00505210281016133,1.002854464056984,0.003972938359623254,0.017078466670412684,0.006304983682087026,53.75379101514498,0.0037025706194744323,10.299999999999999,0.0,0
2020-05-22,-0.002738140153006774,1.0047287093980382,0.004328876152866453,0.010679166522749473,0.006315438213113878,49.34799449628267,0.0037025706194744323,10.299999999999999,0.0,0
2020-05-25,-0.004117779777254138,1.0059304596280814,0.005328260391564338,0.0062992358060713904,0.003905519562733938,50.34717225075675,0.0037025706194744323,10.299999999999999,0.0,0
2020-05-26,-0.0004404310453832716,1.0053461166177082,0.0035804027070090423,0.008658089818583514,0.008547799132241874,57.24809528919412,0.0037025706194744323,10.299999999999999,0.0,1
2020-05-27,0.007224939774856942,1.0056679175756047,0.004934813600086838,0.012442405531003287,0.008491043973644884,68.96230093124942,0.0037025706194744323,10.299999999999999,0.0,1
2020-05-28,0.0031947931525848627,1.0056455185126119,0.004612560470388057,0.017847224585588517,0.007147998486843415,68.7336253225221,0.0037025706194744323,10.299999999999999,0.0,1
2020-05-29,0.005650423605935151,1.0073450481003556,0.004609198844563653,0.02518286022076377,0.006703804579103958,72.20525648221397,0.0029276322235503027,10.299999999999999,0.0,1
2020-06-01,0.0035579530369997947,1.01047566149343,0.0028962628009274556,0.0274627715393434,0.004543098699309759,78.16371349811992,0.0029276322235503027,10.299999999999999,0.0,1
2020-06-02,0.0006675319779554378,1.0135343735703275,0.0025027864745130564,0.019314633578957352,0.007192235822533087,76.9018667107839,0.0029276322235503027,10.299999999999999,0.009999999999999995,1
2020-06-03,0.005706559007063072,1.0157067273973517,0.002078841635768209,0.023945344084506104,0.006160415410413812,82.70530824217643,0.0029276322235503027,10.299999999999999,0.0,1
2020-06-04,0.0041573002584596175,1.0176788082755825,0.002058408947450349,0.023033720792411838,0.014648181584191317,86.4202828441483,0.0029276322235503027,10.299999999999999,0.0,1
2020-06-05,0.00907027625983492,1.0200715600687944,0.0030801337881099975,0.03514729764307889,0.008668586640602518,88.17731819968034,0.0029276322235503027,8.9,0.010000000000000009,0
2020-06-08,-0.0016186702973106648,1.0214996988418747,0.004198390386224377,0.037744940589349296,0.004349745532040553,83.64022213407378,0.0029276322235503027,-1.3999999999999986,0.0,0
2020-06-09,-0.001232268175929252,1.0224591690073583,0.004596808824476726,0.03692285354069602,0.010589113200124381,81.35999762514966,0.0029276322235503027,-1.3999999999999986,0.0,1
2020-06-10,0.002357072805333038,1.0227975291438873,0.004382292466931249,0.03191145806251883,0.004829714991903663,80.43221277400241,0.0024024612490447517,-1.3999999999999986,0.009999999999999995,1
2020-06-11,0.0029323119315063373,1.0226344014184967,0.004303271908313789,0.03164146326050621,0.006521064658309092,85.7516245338182,0.0024024612490447517,-1.3999999999999986,0.0,0
2020-06-12,-0.006806778164859195,1.0195225750175696,0.0038989930792378046,0.01886230505474229,0.009311098274075865,81.21073012854004,0.0024024612490447517,-1.3999999999999986,0.0,0
2020-06-15,-0.003195541723474027,1.0163361628767411,0.004035695655704133,0.012005818871748675,0.00562302419431307,77.2461453703497,0.0024024612490447517,-1.3999999999999986,0.009999999999999995,1
2020-06-16,0.007619025622873643,1.0149869267054639,0.005636010123344926,0.01903607796749629,0.010422797863394256,77.49060505126944,0.0024024612490447517,-1.3999999999999986,0.0,0
2020-06-17,-0.006353943827565933,1.0122593930539558,0.006261487227756661,0.0068157266166508634,0.0076890233224042905,68.18002093671781,0.0024024612490447517,-1.3999999999999986,0.0,0
2020-06-18,-0.0020237334999584355,1.0088898816552683,0.005828843471302327,0.000618329064373091,0.005151926100837325,62.69858433283982,0.0024024612490447517,-1.3999999999999986,0.0,0
2020-06-19,-0.002837487793214688,1.0063488717957145,0.00528098210575827,-0.011189695857160786,0.007052391793731257,57.253918471847406,0.0024024612490447517,-1.3999999999999986,0.0,0
2020-06-22,-0.0029832625318877426,1.0038083783003298,0.0052633434474128014,-0.012541206369586888,0.00824654374759303,53.88947085659458,0.0024024612490447517,-1.3999999999999986,-0.009999999999999995,1
2020-06-23,0.009136542940248127,1.001089174225113,0.005911242959061726,-0.002289800171808798,0.010167319430049266,56.426787378873215,0.0024024612490447517,-1.3999999999999986,0.0,1
2020-06-24,0.002895980281716115,1.00044699482921,0.005229767525491278,-0.0017533910412321774,0.005873554966060849,55.54978184016393,0.0024024612490447517,-1.3999999999999986,0.0,0
2020-06-25,-0.005434121121245528,0.99954825723996,0.005878414643962783,-0.01008073609197202,0.006093082413532818,43.285210846422096,0.0024024612490447517,-1.3999999999999986,0.0,0
2020-06-26,-0.00255872164999138,0.9991104612775676,0.005844153041799372,-0.005846682852595708,0.0036670761024784233,42.59896153100828,0.0024024612490447517,-1.3999999999999986,0.0,1
2020-06-29,0.000336847087887282,0.9994921807981983,0.005572757729233864,-0.002323688924236844,0.006115894572099764,43.850677576067504,0.0018135171657429616,-1.3999999999999986,0.0,1
2020-06-30,0.0019007239932979925,0.9983781385779803,0.00341154432853868,-0.007985565020598773,0.006163646494369749,43.38673600730006,0.0018135171657429616,-1.3999999999999986,0.0,0
2020-07-01,-0.0010000172763980908,0.9968167664278671,0.0028140804559772478,-0.0026404299097758654,0.007601161202461179,39.57010681077095,0.0018135171657429616,-1.3999999999999986,0.0,1
2020-07-02,0.0013726735475050322,0.996757543709939,0.0018136297027700836,0.0007538783382443626,0.006711243714466739,46.71591549055412,0.0018135171657429616,-3.5999999999999996,0.009999999999999995,0
2020-07-03,-0.0012024360215885377,0.9974797256342475,0.0013838318160339913,0.0023948188887645827,0.0026738118239425495,48.67960681625195,0.0018135171657429616,-3.5999999999999996,0.0,1
2020-07-06,0.0008322910247819948,0.9981787416643217,0.0014063355537514066,0.006230954203915617,0.00871567786491701,40.15687006379003,0.0018135171657429616,-2.200000000000001,0.0,1
2020-07-07,0.005837408743786465,0.9993121029212173,0.0028406529018675003,0.0029413191453337983,0.0067365218982009525,55.19883503618169,0.0018135171657429616,-2.200000000000001,0.0,0
2020-07-08,-0.0033261636145835993,1.00026238973255,0.0034165837302141053,-0.003281106041288062,0.007129998508195988,53.45104497290527,0.0018135171657429616,-2.200000000000001,0.0,1
2020-07-09,0.0056695953320384795,1.0019381482874552,0.004099395823484011,0.007846647501418724,0.0074721624495951,62.80575111079346,0.0018135171657429616,-2.200000000000001,0.0,0
2020-07-10,-0.004515257193776434,1.0028286493095535,0.004855849506218916,0.00586970125774311,0.005985834018990132,60.653693418430976,0.0018135171657429616,-2.200000000000001,0.0,1
2020-07-13,0.001956696060406715,1.0036861279780749,0.0048779406129204035,0.0074985096004667184,0.005830271689712129,53.465324981360446,0.0018135171657429616,-2.200000000000001,0.0,1
2020-07-14,0.003134739407461451,1.004231114579796,0.004345850010957145,0.00873941966352998,0.007117465766522662,53.759629242071505,0.007477331035428136,-2.200000000000001,0.0,1
2020-07-15,0.005747538270340025,1.0059890916067926,0.004196826169746609,0.015552758386326637,0.005210095744950921,67.97418566054733,0.007477331035428136,-2.200000000000001,0.010000000000000009,1
2020-07-16,0.0005686381091167814,1.0065955771618802,0.0038045838499612913,0.014737337286005792,0.00555775052947365,73.09979817368355,0.007477331035428136,-2.200000000000001,0.0,0
2020-07-17,-0.0021964124845104127,1.0076334763840498,0.002952447508232109,0.01372749798954942,0.005508559708676908,68.73834412705237,0.007477331035428136,-2.200000000000001,-0.010000000000000009,1
2020-07-20,0.004462768406512829,1.00880241440907,0.003180635746709707,0.017404752196566786,0.00547502210635888,70.6877914931251,0.007477331035428136,-2.200000000000001,0.010000000000000009,1
2020-07-21,0.001375032190692238,1.0100056209174602,0.0031685237304935067,0.012891057367022896,0.006264716252089652,73.31814108820072,0.007477331035428136,-2.200000000000001,0.0,1
2020-07-22,0.006574425313873089,1.0111952476327755,0.0034247912965405464,0.022952742165200712,0.008010176692703031,76.29208250166334,0.007477331035428136,-2.200000000000001,-0.010000000000000009,1
2020-07-23,0.0030078212447555153,1.0124507208851765,0.0033139250610749885,0.02024522359821912,0.007097705981857571,79.61178099788117,0.007477331035428136,-2.200000000000001,0.0,1
2020-07-24,0.00236559286041671,1.0143756258034797,0.0020252964997389943,0.027297219575873832,0.005033975324186551,80.24863363127476,0.007477331035428136,-2.200000000000001,0.0,1
2020-07-27,0.004870829620063688,1.016158009410846,0.002078438611952249,0.030285054594172856,0.0108959883096287,79.92942214380238,0.007477331035428136,-2.200000000000001,0.010000000000000009,1
2020-07-28,0.010015670777406838,1.0192788926035268,0.003077676479943208,0.03735222161934293,0.006354843780639787,88.20350769809387,0.007477331035428136,-2.200000000000001,0.0,0
2020-07-29,-0.004289165041998277,1.0203592233485685,0.0051494084519802166,0.02700012421655562,0.005464863315347699,79.9801554427558,0.007477331035428136,-2.200000000000001,0.0,1
2020-07-30,0.005467304712160281,1.0217310366924364,0.005243766115756254,0.03202819627299003,0.006337093684213082,88.30428564838307,0.004110696007588954,-2.200000000000001,0.0,1
2020-07-31,0.007586362212601561,1.0237180601020361,0.005431526252607335,0.042146519609894906,0.008876342996087324,89.40776961873853,0.004110696007588954,0.0,0.0,0
2020-08-03,-0.0075760337032135805,1.0235928628541806,0.007720826559283609,0.029656065893201022,0.007316679816239193,78.44516000819759,0.004110696007588954,0.0,0.0,0
2020-08-04,-0.0016115393013034218,1.021491149912602,0.006438144083331539,0.02658514705250492,0.006871143386715769,74.43315012414942,0.004110696007588954,0.0,0.0,1
2020-08-05,0.004430779333569168,1.0207766568080239,0.006190756059906435,0.024398885342912457,0.008917307470343576,75.9537786009279,0.004110696007588954,0.0,0.0,1
2020-08-06,0.0048559695029375405,1.019978791066953,0.006102150922460074,0.026286448904760507,0.007673167368867274,80.06163783077777,0.004110696007588954,0.0,0.0,1
2020-08-07,0.0003087460372570572,1.017468404677241,0.005081034219854855,0.02418051666095944,0.010693066961552757,78.81144443440937,0.004110696007588954,-0.9000000000000004,0.0,0
2020-08-10,-0.007894332439634666,1.0154101558577409,0.005201526375922714,0.01117005811425642,0.005007148878376798,69.51141954350538,0.004110696007588954,-0.9000000000000004,0.0,0
2020-08-11,-0.0038148260412615986,1.0132643468405447,0.005460939412213913,-0.0026762461328030396,0.006968055815945016,62.73469631042499,0.004110696007588954,-0.9000000000000004,0.0,0
2020-08-12,-0.00010562276706871376,1.010499583214259,0.00478841382158317,0.0015140729233020789,0.008488092111156954,60.94666090218314,0.010001522480002967,-0.9000000000000004,0.0,1
2020-08-13,0.00487906845504904,1.0075218930716159,0.00479587932474122,0.0009281494557364933,0.005877882919025067,62.41264367299957,0.010001522480002967,-0.9000000000000004,0.0,1
2020-08-14,0.001929577399301552,1.0046745801384176,0.0049849984497133135,-0.004691254862730032,0.004513516741777611,60.75060252639081,0.010001522480002967,-0.9000000000000004,0.0,1
2020-08-17,0.003046169826061096,1.004111489362994,0.0033289803392954355,0.005961825296917578,0.004245350054306486,56.10549922303657,0.010001522480002967,-0.9000000000000004,0.0,1
2020-08-18,0.002018980265106496,1.0046867976871974,0.0018163965719495407,0.009619884492880315,0.007561290760341783,62.02914734998463,0.010001522480002967,-0.9000000000000004,-0.010000000000000009,1
2020-08-19,0.006009806361055858,1.0065097317514198,0.0018053487235490018,0.01120706911316871,0.005117040094722014,62.44768011799517,0.010001522480002967,-0.9000000000000004,0.0,0
2020-08-20,-0.008734567738023058,1.0061800123059108,0.005608979960861583,-0.0024693658667650498,0.005229365776592121,47.87858852831861,0.010001522480002967,-0.9000000000000004,0.0,1
2020-08-21,0.002546942903547178,1.0059646085092027,0.0056452545131540615,-0.00023738504265458094,0.0110720986567543,57.391881411975326,0.010001522480002967,-0.9000000000000004,0.0,0
2020-08-24,-0.006370959580544899,1.0044223244761368,0.006313852981889392,0.0012977450175373217,0.00562428923414869,52.5715901359793,0.010001522480002967,-0.9000000000000004,0.0,0
2020-08-25,-0.0002949409890677934,1.0029280378623586,0.0061279315906224135,0.004835694645392907,0.005029727179447373,48.330197374936205,0.010001522480002967,-0.9000000000000004,0.0,1
2020-08-26,0.0034321894453757107,1.000526204753734,0.0054194860925082175,0.008390990157559175,0.005395583814316251,46.896970171455415,0.010001522480002967,-0.9000000000000004,0.0,1
2020-08-27,0.000651394338439415,1.0002599209064043,0.003852499936037511,0.004148540869540973,0.0111714838166891,47.24719625441366,0.010001522480002967,-0.9000000000000004,-0.009999999999999995,0
2020-08-28,-0.0019502937318516267,0.9995684984945442,0.003625434082858721,0.00026007702638142227,0.009172643621912842,53.40169392446345,0.010001522480002967,-0.9000000000000004,0.009999999999999995,1
2020-08-31,0.008342792041089897,1.0010267465353786,0.0040300721769479225,0.005541987175844421,0.00658548502687356,65.13675605088281,0.0094537651190012,-0.9000000000000004,0.0,1
2020-09-01,0.0017430930674866563,1.0027247165112017,0.003833627158957563,0.005265129984119765,0.006196997914763721,66.44437473617356,0.0094537651190012,-0.9000000000000004,0.0,0
2020-09-02,-0.0013234919979406845,1.0037577814146295,0.004107292176198236,-0.0020627400639215976,0.008407688246163211,61.26932651243521,0.0094537651190012,-0.9000000000000004,0.0,0
2020-09-03,-0.006361980408355672,1.0039438675050403,0.005445872347261884,0.0003258162416528432,0.004928315096618783,52.45505977776469,0.0094537651190012,-0.9000000000000004,0.0,0
2020-09-04,-0.0006393457221240961,1.004439832032901,0.00535386472182418,-0.0028534132127057132,0.006906209880032392,48.933828066836796,0.0094537651190012,-2.6999999999999993,0.0,0
2020-09-07,-0.00044976148142794603,1.0028056595239978,0.0029994785784496526,0.0030887465210047704,0.0029450623039277706,46.378743957382724,0.0094537651190012,-1.799999999999999,0.0,0
2020-09-08,-0.0010758034478896006,1.0004704636254897,0.002479355657682702,0.002305241088112586,0.005204207331731739,37.909346667976976,0.0094537651190012,-1.799999999999999,0.0,0
2020-09-09,-0.0043549400692805,0.9977462808855947,0.0026467142118466115,-0.005473142750546112,0.006533080092290581,42.18580318971721,0.0094537651190012,-1.799999999999999,0.0,1
2020-09-10,0.0030697019536041203,0.9970016523043373,0.0026351598238527046,-0.003069636508532314,0.009469395206295375,42.91246239383636,0.0094537651190012,-1.799999999999999,0.0,1
2020-09-11,0.001525357772983682,0.9967088342877762,0.0028171108411711287,0.00040211694855862845,0.0042760302864811245,53.16101481752492,0.013191572376121563,-1.799999999999999,0.0,1
2020-09-14,0.0015513640318849387,0.9968897257271677,0.002923052052347607,-0.006335828729378434,0.004639635545213043,55.578555164562204,0.013191572376121563,-1.799999999999999,0.0,1
2020-09-15,0.0023028061782486287,0.9977317526599955,0.0029610933021797735,-0.005780629628727274,0.005014924761566363,54.17715320404049,0.013191572376121563,-1.799999999999999,0.0,0
2020-09-16,-0.0021557096226498818,0.9994198078877402,0.0020115191685648875,-0.0066091330291983,0.005774867139709654,50.19276871576717,0.013191572376121563,-1.799999999999999,0.0,0
2020-09-17,-0.003458398421950948,0.9995393826199046,0.002580356615406312,-0.0037062732654578046,0.007496275040900571,48.219574061784385,0.013191572376121563,-1.799999999999999,0.0,1
2020-09-18,0.0037913635082373887,1.0000491085410506,0.0030767819826124985,0.0007108386073162443,0.0033559744646111463,41.25814610920994,0.013191572376121563,-1.799999999999999,0.0,0
2020-09-21,-0.00022507314877340256,0.999895869106677,0.003013412155027694,0.0009357878306079925,0.01184582007363773,37.78002867294147,0.013191572376121563,-1.799999999999999,0.0,0
2020-09-22,-0.006545397017979959,0.9982852540500426,0.003844029563239156,-0.0045448201755730055,0.0067617437052977835,32.52988769472286,0.013191572376121563,-1.799999999999999,0.0,0
2020-09-23,-0.005067306447492315,0.9965205297907724,0.0041362209175719224,-0.005257050697937138,0.004703365235171825,33.76290956895687,0.013191572376121563,-1.799999999999999,0.0,0
2020-09-24,-0.004255377205412025,0.9948460284482377,0.00420673086008504,-0.012521322395426582,0.004403318808298166,30.729548237286323,0.013191572376121563,-1.799999999999999,0.0,1
2020-09-25,0.001260749603063216,0.9925015896309249,0.003326715964398603,-0.012782219359930291,0.006138032353419948,33.19356762936819,0.013191572376121563,-1.799999999999999,0.0,0
2020-09-28,-0.0032462486057818207,0.9901298868322497,0.002958276950182836,-0.01751117153414683,0.005410720297593203,31.538937484649836,0.012962341725243576,-1.799999999999999,0.0,1
2020-09-29,0.003737229825137023,0.9897098856899673,0.0038215334219032487,-0.016105104226275535,0.006427635638361668,40.79973508535338,0.012962341725243576,-1.799999999999999,0.0,1
2020-09-30,0.005413030530529328,0.9910424225296592,0.004237060826777278,-0.008642171506247132,0.00599059121745439,43.860647157875576,0.012962341725243576,-1.799999999999999,0.0,0
2020-10-01,-0.001360210502676873,0.9926995866428436,0.0035534144269774135,-0.006554897862949605,0.004169755487392528,40.58083248239296,0.012962341725243576,-1.799999999999999,0.0,1
2020-10-02,0.0016089994172752142,0.994317609715911,0.003559268774407066,-0.008714767927649802,0.0042456768038163385,40.640361487026176,0.012962341725243576,-2.299999999999999,0.0,0
2020-10-05,-0.0020861974904528013,0.9962457213371468,0.0032157230044416326,-0.010560088334681472,0.00659715021255981,35.608339241098776,0.012962341725243576,-0.5,0.0,1
2020-10-06,0.006143927966141716,0.9983011393946858,0.0037731317214773855,0.0020779572827980264,0.003393270291917078,45.41014473218649,0.012962341725243576,-0.5,0.0,0
2020-10-07,-0.004648194991886068,0.9983644985183142,0.004126787212770089,0.002500078652443838,0.004769939731345327,44.32545890750308,0.012962341725243576,-0.5,0.0,1
2020-10-08,0.0025417808980194856,0.9992335109388494,0.004189873119957219,0.009343350890438806,0.003912463975011125,42.85545478715547,0.012962341725243576,-0.5,0.0,0
2020-10-09,-4.001510240880801e-05,0.9998524829434101,0.004166456057931971,0.008032085860763427,0.005589067152891566,43.022674507278545,0.012962341725243576,-0.5,0.0,1
2020-10-12,0.004235185563026933,1.0016022941503915,0.004189188386965213,0.01559817295084498,0.0033271516904151985,54.56390627332417,0.012962341725243576,-0.5,0.0,0
2020-10-13,-5.911618479070846e-05,1.0022347779952094,0.0033609660682410105,0.011756966351142095,0.00664137972015407,61.31772658988483,0.015021961475748746,-0.5,0.0,0
2020-10-14,-0.006258514217526323,1.0027481882776514,0.003985485447740907,1.1776714308853187e-05,0.0041359130531361124,58.360261176246304,0.015021961475748746,-0.5,0.0,1
2020-10-15,0.00015268939423940253,1.002602022047831,0.0037536051918505182,0.0015267551177506888,0.005993767894363191,57.25757924141541,0.015021961475748746,-0.5,0.0,0
2020-10-16,-0.003137572239784059,1.0021844452816675,0.0039319652632437046,-0.003219426787957169,0.004423940722493487,57.380814637590206,0.015021961475748746,-0.5,0.0,1
2020-10-19,0.0007147180392022001,1.0010124057924152,0.002949616293335171,-0.0004216919734401081,0.0077071128216999445,54.063644386199464,0.015021961475748746,-0.5,0.0,1
2020-10-20,0.0045544851656165175,1.0002028045220746,0.004096705611120083,-0.0020007628211523576,0.006567680617800978,53.03735477719222,0.015021961475748746,-0.5,0.0,1
2020-10-21,0.005181497776384436,1.0011786248833419,0.0034213324060253856,0.007855074918908134,0.004467436126183783,60.66775663479286,0.015021961475748746,-0.5,0.0,1
2020-10-22,0.002038879280469974,1.0022181413881663,0.0033395903071314157,0.007349508011783357,0.004731480511215909,61.08800613043173,0.015021961475748746,-0.5,0.0,0
2020-10-23,-0.003284551955978321,1.0034492712993244,0.0033948813402005984,0.004080994618715694,0.006058220626221287,59.34564027177038,0.015021961475748746,-0.5,0.0,1
2020-10-26,0.0028316561500716375,1.004800747848671,0.0033510243376844197,0.0026776807046084983,0.003967009101111092,55.99270659339258,0.015021961475748746,-0.5,0.0,0
2020-10-27,-0.0032947233516975594,1.004932813693652,0.0038162382823146023,-0.000566782185444703,0.003268164198399855,57.94838229511139,0.015021961475748746,-0.5,0.0,0
2020-10-28,-0.0021447579912096115,1.003976699486674,0.0029769483731200775,0.003570535901195271,0.005853479210199619,51.86059964651405,0.015021961475748746,-0.5,0.0,0
2020-10-29,-0.003007617828291731,1.0020923082728799,0.002620378302429949,0.00039942888267718857,0.008761705772238266,48.09905626556098,0.015021961475748746,-0.5,0.0,0
2020-10-30,-0.005956166003128649,1.0000583379740535,0.0032099344515558173,-0.00242916562803952,0.005168830638575862,36.24870358108284,0.011419864656335044,-0.5,0.0,0
2020-11-02,-0.0031317368936795154,0.9968843496750033,0.001439564493968593,-0.006263536390855418,0.002800395940291123,33.832246460278924,0.011419864656335044,0.0,0.0,1
2020-11-03,5.826265274877507e-05,0.9946849085249946,0.0021625748473317608,-0.010711339198485437,0.008927386643251017,39.31053228097707,0.011419864656335044,0.0,0.0,1
2020-11-04,0.010256598756917423,0.9942086529032264,0.00630270809864065,-0.005716480196832019,0.013704763855495685,51.56502288954694,0.011419864656335044,0.0,0.0,0
2020-11-05,-0.0025108289252275817,0.9940837855590855,0.006254188581857754,-0.010230975574582857,0.012274632402660126,52.22075997637379,0.011419864656335044,0.0,0.0,1
2020-11-06,0.007232409142491791,0.9962307615885061,0.006026537013644482,0.00021268951235886568,0.007987879679246069,57.82855721283827,0.011419864656335044,-1.0,0.0,1
2020-11-09,0.006386490672249501,1.0001723920435666,0.00531065141816267,0.003758240329780227,0.010239079925184783,59.212637709671654,0.011419864656335044,-1.0,0.0,0
2020-11-10,-0.005523335652097172,1.003260822813993,0.006799168133768201,0.001513857749054992,0.00530858513390548,49.8143817674229,0.011419864656335044,-1.0,0.0,0
2020-11-11,-0.0007209612763262596,1.0038956404113193,0.005605689731461454,0.0029428747853363912,0.007244972753056361,47.34768449502697,0.011419864656335044,-1.0,0.0,0
2020-11-12,-0.003257206770447163,1.0045496575696753,0.005730201409838389,0.0026917961857038097,0.005383003289809887,47.379037699894376,0.011870751075713892,-1.0,0.0,1
2020-11-13,0.0019605283529799955,1.0038990144750624,0.004636830420404595,0.010677364037236625,0.002898376836254737,46.54303158818367,0.011870751075713892,-1.0,0.0,1
2020-11-16,0.0035464667435043395,1.0025359242362193,0.0037035893341404954,0.01744807737853704,0.0045577329445050125,52.73385170947638,0.011870751075713892,-1.0,0.0,1
2020-11-17,0.0011978037781641415,1.0026956901147637,0.0026219319999619393,0.018607433758506486,0.003979425478676466,55.85015081573816,0.011870751075713892,-1.0,0.0,1
2020-11-18,0.000355935881684033,1.0033129322359915,0.0025346870095747038,0.008624931475167186,0.0033592371031963345,59.38568478982161,0.011870751075713892,-1.0,0.0,0
2020-11-19,-0.001350688437114167,1.0044820698149735,0.0018224952324418426,0.00979802352895276,0.0032045012738315163,65.12118716043481,0.011870751075713892,-1.0,-0.009999999999999995,1
2020-11-20,0.0015900757859319548,1.005332758661993,0.0017881064409831847,0.004141318065715716,0.003289726483659411,70.7393726748594,0.011870751075713892,-1.0,0.0,0
2020-11-23,0.0,1.005615954528395,0.0011479398512293174,-0.0022309248259423375,0.008656741397682194,70.70263280424214,0.011870751075713892,-1.0,0.0,0
2020-11-24,-0.0020013415276960433,1.0051907099582347,0.0014220918598222081,0.0013027295535461558,0.004637119037171945,59.055658646987524,0.011870751075713892,-1.0,0.0,1
2020-11-25,0.004879207110725758,1.005319475599744,0.0027486941004213144,0.006914239126564636,0.003799307073224311,67.74849097611279,0.011870751075713892,-1.0,0.0,1
2020-11-26,0.0016378050687413381,1.0058156974848553,0.0025281786168960922,0.011859203018003361,0.004535752427963653,62.57438952314634,0.011870751075713892,-1.0,0.0,0
2020-11-27,-0.00033602610922867093,1.0056439749749007,0.0026035294903602704,0.009539960191504049,0.004292375755850195,53.42102181803988,0.009261987469759925,-1.0,0.0,1
2020-11-30,0.004654525577231228,1.006018727841089,0.003027517338397214,0.010654636699230391,0.004837793078917775,72.12473422066729,0.009261987469759925,-1.0,0.009999999999999995,0
2020-12-01,-0.0027816090374511715,1.0063755302411608,0.0032798959112531278,0.006637636264086533,0.009848364189563986,67.02728255915983,0.009261987469759925,-1.0,0.0,1
2020-12-02,0.011410306402095838,1.0079818347083562,0.005473753562972203,0.01776142232054334,0.005517674834231324,82.80413500740673,0.009261987469759925,-1.0,0.0,1
2020-12-03,0.0033314170009388633,1.009636534759375,0.005427007658177083,0.02253313370602461,0.005990179942545441,83.4370789337514,0.009261987469759925,-1.0,0.0,1
2020-12-04,0.002562763801620571,1.0121033531150923,0.005091870580583621,0.023526160443055666,0.0036254565191573647,83.04305979171639,0.009261987469759925,-1.2000000000000002,0.0,0
2020-12-07,-0.001999998037004458,1.0136494917973253,0.005662023166698461,0.021479110131346957,0.006825048413509146,78.18395923875397,0.009261987469759925,-0.20000000000000018,0.0,0
2020-12-08,-0.0006783939588516086,1.0153685577768707,0.005232993121216448,0.02283318339978435,0.0030537626577871687,76.61564993551899,0.009261987469759925,-0.20000000000000018,0.0,0
2020-12-09,-0.0001815724171323474,1.014739006499548,0.0022537736560806067,0.01768198393388354,0.006197714626567146,78.94438882220044,0.009261987469759925,-0.20000000000000018,0.0,0
2020-12-10,-0.0026573445846650445,1.0128733957718163,0.002023397522457202,0.01331803481130489,0.00643253770358098,72.67044528640105,0.011169437379815239,-0.20000000000000018,0.0,1
2020-12-11,0.00542606272772872,1.011409281151259,0.003201372785408596,0.019158826006318908,0.004620524311863747,76.02649006622516,0.011169437379815239,-0.20000000000000018,0.0,0
2020-12-14,-0.0008966983830569486,1.0103949826588912,0.003065780547132619,0.013527458456349395,0.004656602120779856,77.90345320052732,0.011169437379815239,-0.20000000000000018,0.0,1
2020-12-15,0.0012768419520983176,1.0097726994799838,0.003050001545833606,0.01765228362402138,0.0032546601574117676,75.95079860107809,0.011169437379815239,-0.20000000000000018,0.0,1
2020-12-16,0.00044489219312326966,1.0092734694588352,0.0030229516190691625,0.006619195726845328,0.005431567826138043,75.22148877413792,0.011169437379815239,-0.20000000000000018,0.0,1
2020-12-17,0.0037257618774535484,1.0098056018728347,0.002551873437257936,0.007014832817152872,0.005783508182823234,78.03579383542755,0.011169437379815239,-0.20000000000000018,0.0,1
2020-12-18,0.005174836135400485,1.0101106562627393,0.0024685503111584036,0.009638504550714577,0.003364048687277334,78.36380733465677,0.011169437379815239,-0.20000000000000018,0.0,0
2020-12-21,-0.003799173146871393,1.010018364114928,0.0034500399219188006,0.00781834777338175,0.0085045021624998,76.3868079539745,0.011169437379815239,-0.20000000000000018,0.0,1
2020-12-22,0.001700880915794123,1.009827843704228,0.003452553274439253,0.010217852455926879,0.00759674004859786,69.75890134607135,0.011169437379815239,-0.20000000000000018,0.0,0
2020-12-23,-0.004106843593038589,1.0091690475276236,0.004283690117785142,0.006251753304086227,0.0050591299693316105,58.550498276828,0.011169437379815239,-0.20000000000000018,0.0,1
2020-12-24,0.00039010441651421424,1.0079044542795603,0.0039064695465986805,0.009326424665920374,0.0031246052075254143,55.791551233997865,0.011169437379815239,-0.20000000000000018,0.0,0
2020-12-25,-0.000548358191325371,1.005503275917804,0.0025761992116062004,0.0033288271008460324,0.0037744768661158424,58.39421591759768,0.011169437379815239,-0.20000000000000018,0.0,1
2020-12-28,0.0016721969568598283,1.0043547308802419,0.0023900387682906452,0.00590858711582376,0.005610069409445404,61.802948097690546,0.011169437379815239,-0.20000000000000018,0.0,1
2020-12-29,0.001503461095783143,1.0029554445820155,0.002352568000303502,0.006136254563113175,0.004580071971584302,63.86560300880015,0.011169437379815239,-0.20000000000000018,0.0,1
2020-12-30,0.002413844119172115,1.0033091390528854,0.0011658117014016567,0.008116407524809022,0.004627709047606076,71.61072971909763,0.011169437379815239,-0.20000000000000018,0.0,1
2020-12-31,0.003831388176507966,1.00432739927955,0.0015905304186340902,0.008222495870039426,0.007033698036063731,70.23761903432964,0.008959346385507327,-0.20000000000000018,0.0,0
2021-01-01,-0.00972591227614994,1.004111620925685,0.005480364464337021,-0.006723431160510773,0.0067321422454502304,54.75130950165213,0.008959346385507327,-0.20000000000000018,0.0,1
2021-01-04,0.005782208063576988,1.0043271441235595,0.006080671945205403,0.002829824766328981,0.011315479880077419,59.286501910650706,0.008959346385507327,0.0,0.0,1
2021-01-05,7.356497217481106e-05,1.004218714739108,0.006070639935078396,0.0012006747938468898,0.0036633828874384983,58.94919662378046,0.008959346385507327,0.0,0.0,1
2021-01-06,0.003972994689505738,1.0042152666835606,0.00623300246830859,0.009323573810338104,0.006774134836073438,59.203718797536496,0.008959346385507327,0.0,0.0,1
2021-01-07,0.003319759284015955,1.003811717084309,0.0061744502120300035,0.01227939045410853,0.008024556840144074,57.470112733270625,0.008959346385507327,0.0,0.0,0
2021-01-08,-0.00564483535912963,1.0047813559507892,0.004495773541835064,0.007117501088904188,0.005477055933563071,55.049171837018044,0.008959346385507327,0.0,0.0,0
2021-01-11,-0.006946159299648702,1.003509509744981,0.00503648558764373,-0.001547706394060988,0.005320894142643749,45.859400099301965,0.008959346385507327,0.0,0.0,0
2021-01-12,-0.0020928282920177343,1.0019743402788361,0.005009319661613706,-0.00513303937313192,0.003257970484855804,47.791494697882804,0.008959346385507327,0.0,0.0,1
2021-01-13,0.0039629900042505994,1.000256425222836,0.005006599113010645,-0.0035955565587263427,0.005696200863090917,51.38598914335271,0.012665328180548663,0.0,0.0,0
2021-01-14,-0.0038007870478363737,0.9974868495669734,0.004256436538120172,-0.011171264387979662,0.004910005129066143,48.34272164442683,0.012665328180548663,0.0,0.0,0
2021-01-15,-0.000923486741711943,0.995975100349901,0.004013231091727495,-0.0023816864121046777,0.006398766238129972,45.930774235054756,0.012665328180548663,0.0,0.0,0
2021-01-18,-0.006842590880306143,0.9946450507133492,0.003981201774726596,-0.014904010361373343,0.0025475462111942478,39.30660600330891,0.012665328180548663,0.0,0.0,1
2021-01-19,0.0007608065497719529,0.9939288171264355,0.0041544692811699,-0.01422706123911277,0.00550212912251291,37.559332337073535,0.012665328180548663,0.0,0.0,1
2021-01-20,0.005098325770698242,0.9929759096929326,0.004532548136982514,-0.013122130197287918,0.0067776896009465355,38.826871093788775,0.012665328180548663,0.0,0.0,0
2021-01-21,-0.0019143025297213567,0.9925161402822711,0.004329832478439468,-0.018270418891256135,0.005121944308006197,44.82246938666382,0.012665328180548663,0.0,-0.009999999999999995,1
2021-01-22,0.004181602719109279,0.9928375458356329,0.004853182147709466,-0.008568749627211214,0.002959485791793257,43.01810285831491,0.012665328180548663,0.0,0.0,1
2021-01-25,0.00025916567074868446,0.9946439810743187,0.0029036883106518373,-0.0013751977250250347,0.005649523258720796,43.229600578461735,0.012665328180548663,0.0,0.0,0
2021-01-26,-0.001906945525246062,0.9960895538307163,0.0033282178565872274,-0.0011891812833394466,0.005479828501409117,36.74931445881728,0.012665328180548663,0.0,0.0,1
2021-01-27,0.0013792318288194938,0.9968528682422831,0.002547412508416107,-0.003759680041025004,0.008992304071975285,34.015448146008524,0.012665328180548663,0.0,0.0,0
2021-01-28,-0.004762003705163664,0.997476709967478,0.0033772853826082353,-0.004720936361844452,0.00508849747072004,34.74784653752084,0.01288867220751877,0.0,-0.009999999999999995,1
2021-01-29,0.001236204229644322,0.996963694059017,0.002594771382616454,-0.0025694542889559413,0.005033921430695944,43.0368218221232,0.01288867220751877,0.0,0.0,1
2021-02-01,0.0003152348219104262,0.9967340486503021,0.002600386021715383,0.004619168512131289,0.005521114617969763,45.937341441036445,0.011417201143651967,0.0,0.009999999999999995,0
2021-02-02,-0.004549946712114394,0.9962083401578911,0.003113053283891992,-0.0007120599804425476,0.005765928434095173,34.77471739344321,0.011417201143651967,0.0,0.0,0
2021-02-03,-0.002455957182741275,0.9952390405659821,0.0027460311371368625,-0.008222672283053956,0.003741722893674292,36.088659838135875,0.011417201143651967,0.0,0.0,1
2021-02-04,0.0002769556190749256,0.9954309021778877,0.002401910631060705,-0.006045263913552756,0.006367324603084097,37.50789929391939,0.011417201143651967,0.0,0.0,0
2021-02-05,-0.006282587967714526,0.9941523280744576,0.002921537086403828,-0.01640288435224313,0.007203921094371207,38.163765772135264,0.011417201143651967,-0.40000000000000036,0.0,1
2021-02-08,0.006855858420775629,0.9934765272209579,0.005140663321688902,-0.009916077548138502,0.003913331863760289,47.154340032875254,0.010586507997836447,-0.40000000000000036,-0.009999999999999995,1
2021-02-09,0.0004002080092257998,0.9936665490422018,0.004807588938782905,-0.007627437615351007,0.005355696983836581,40.40534377766451,0.010586507997836447,-0.40000000000000036,0.009999999999999995,1
2021-02-10,0.005508496493374926,0.9953690783426273,0.005194166974551028,-0.0035353126484236608,0.002766502996413785,50.44733785683722,0.013179043350591169,-0.40000000000000036,0.0,1
2021-02-11,0.0001006197804718223,0.9968416962379377,0.00520387884116595,0.001333304314917072,0.003026255875043396,44.854815931471926,0.013179043350591169,-0.40000000000000036,0.0,1
2021-02-12,0.0008492320522894836,0.9996467749566311,0.0031867216599534166,0.0009462946089238145,0.00428058559574398,45.7392319452514,0.013179043350591169,-0.40000000000000036,0.0,0
2021-02-15,-0.0007758942166107285,1.0006355273437813,0.00247170364486772,-0.00014552278026380705,0.0024418932948389225,47.20157604761299,0.013179043350591169,-0.40000000000000036,0.0,1
2021-02-16,0.0008334358533188535,1.0017072809556653,0.0024433642683683904,0.005261678859694641,0.006194714786664812,46.3750912050289,0.013179043350591169,-0.40000000000000036,0.0,0
2021-02-17,-0.0032733877135847633,1.0014446267993586,0.0017114370946946535,0.004437924165650253,0.006015727663198905,48.45177047325012,0.013179043350591169,-0.40000000000000036,0.0,0
2021-02-18,-0.0036781674916279705,1.0005143602039448,0.002176805500024722,0.00046634846872195546,0.004374369656894471,41.74126973279573,0.013179043350591169,-0.40000000000000036,-0.009999999999999995,1
2021-02-19,0.003643164233586349,1.0001671202883817,0.0030290118739485874,0.010459512461221454,0.0053520415552192014,46.64405167234128,0.013179043350591169,-0.40000000000000036,0.0,1
2021-02-22,0.0028497294649860727,1.000415812458034,0.0034023562069471847,0.006439045104679408,0.005187702909610143,56.32995875123014,0.013179043350591169,-0.40000000000000036,0.0,1
2021-02-23,0.0033349308049044346,1.0009029761981152,0.0037116292020711655,0.00939148312346716,0.0034502391623014487,63.69844451489523,0.013179043350591169,-0.40000000000000036,0.0,0
2021-02-24,-0.0012042622122976354,1.0019345316541999,0.003263554226519447,0.002652801660905091,0.005162665963505049,61.49076694972368,0.013179043350591169,-0.40000000000000036,0.0,1
2021-02-25,0.0015822117375803302,1.003699609640255,0.0019772104012512983,0.00413817452972598,0.006981429247370762,74.29526534933157,0.013179043350591169,-0.40000000000000036,0.0,0
2021-02-26,-0.0008997964463965946,1.004664806910466,0.0020971710466682445,0.0023833984579397782,0.007461988648060466,65.9466583121633,0.012279482725342517,-0.40000000000000036,0.0,0
2021-03-01,-0.005827132900038223,1.0041988849055277,0.003464953755722428,-0.0026838109584571557,0.005924591907790773,54.321574784200585,0.012279482725342517,-0.40000000000000036,0.0,0
2021-03-02,-0.0031815938102786046,1.002358950425085,0.002769247432197346,-0.006684730531626326,0.00716575568057269,41.12536430613692,0.012279482725342517,-0.40000000000000036,0.0,1
2021-03-03,0.0028521567302313144,1.0010644657290295,0.0035189689092822982,-0.0005801510462928317,0.0054433679143620186,45.75798816735469,0.012279482725342517,-0.40000000000000036,0.0,0
2021-03-04,-0.0028800481356082708,0.9990348713521511,0.003223765618827075,0.00022045002478088271,0.0032358848360942373,40.933228518257074,0.012279482725342517,-0.40000000000000036,0.0,0
2021-03-05,-0.006881411661313397,0.9958456303252743,0.00378102447564297,-0.010268234014586208,0.005901827066207244,35.139179954964774,0.012279482725342517,-0.5,0.0,0
2021-03-08,-0.0035180865848333243,0.9936415363932867,0.003508628220150186,-0.016552754655400848,0.007029926693919249,31.26725664482177,0.012279482725342517,-0.09999999999999964,0.0,0
2021-03-09,-0.006198454709617107,0.9911713633267236,0.0038502381611744013,-0.025897173388577888,0.00673792307655169,29.44067361837793,0.012279482725342517,-0.09999999999999964,0.0,1
2021-03-10,0.0038977317898647446,0.9889756704353942,0.004274623741501991,-0.020921314370728195,0.004627937936536834,37.22063665409489,0.01586952325805835,-0.09999999999999964,0.0,1
2021-03-11,0.002366169783703187,0.9877096889700314,0.0049392344906641385,-0.020154970275963358,0.005086711188175728,35.49164222812733,0.01586952325805835,-0.09999999999999964,0.0,1
2021-03-12,0.00503413381222062,0.9886100187147098,0.004909967542757635,-0.014335401778274415,0.006660390310329552,38.255029537364415,0.01586952325805835,-0.09999999999999964,0.0,0
2021-03-15,-0.0030114376748069382,0.9897207767937792,0.004815368760748086,-0.011543803662155905,0.004484663251728011,31.713075620517813,0.01586952325805835,-0.09999999999999964,0.0,0
2021-03-16,-0.0020273558871979347,0.9918001894148505,0.0035873696112627192,-0.010399248525500338,0.005753261874374254,31.2089582368518,0.01586952325805835,-0.09999999999999964,0.0,0
2021-03-17,-0.002023177780549945,0.992649289507413,0.0034709705428100407,-0.015210161742548522,0.0025511267025540513,27.790745383194377,0.01586952325805835,-0.09999999999999964,0.0,1
2021-03-18,0.006818129005479179,0.993862247463556,0.004596525453688672,-0.00563190961720883,0.006746986513488253,36.88966394672983,0.01586952325805835,-0.09999999999999964,0.0,0
2021-03-19,-0.005387043935496716,0.9934509509326882,0.0046485999653040865,-0.004135661737752927,0.0052452828112739425,37.236425385581406,0.01586952325805835,-0.09999999999999964,0.0,0
2021-03-22,-0.002947064563058932,0.9933431048068829,0.0046421579440033695,-0.003564993610020828,0.005165785354566148,37.42268096447743,0.01586952325805835,-0.09999999999999964,0.0,1
2021-03-23,0.00420042332273729,0.9944324631686705,0.005143968917614069,0.006861440266765051,0.0066021974491496235,38.84602166369804,0.01586952325805835,-0.09999999999999964,0.0,0
2021-03-24,-0.007778902857818792,0.9947015300026846,0.00626810374516915,-0.004849666160255284,0.003192518457990126,35.80586183663591,0.01586952325805835,-0.09999999999999964,0.0,0
2021-03-25,-0.002291819283459895,0.9933529990096575,0.004493320482822583,-0.009474123284750613,0.0046461377901111465,38.719706757412354,0.01586952325805835,-0.09999999999999964,0.0,0
2021-03-26,-0.0030854165403151335,0.9925771881985509,0.004280101405976834,-0.017476463166454237,0.0026667824684941084,39.041769601801015,0.01586952325805835,-0.09999999999999964,0.0,1
2021-03-29,0.0009666010928697233,0.9922369464979278,0.004502672676827365,-0.01355614063982169,0.0026947477851786343,44.840436932666265,0.01586952325805835,-0.09999999999999964,0.0,0
2021-03-30,-0.00144197878443586,0.9906826972659838,0.0032067714795340325,-0.012977525933460687,0.005319905256467437,39.21230829099031,0.02018972448469314,-0.09999999999999964,0.0,0
2021-03-31,-0.004027045738019597,0.9902289280573906,0.0019027227416503916,-0.014959398322726858,0.004613567459442663,33.334837961372926,0.02018972448469314,-0.09999999999999964,-0.010000000000000009,1
2021-04-01,0.0004457788887903824,0.9901519942387477,0.002164914814217165,-0.021193914182350726,0.0051986735043179815,26.72253861420313,0.02018972448469314,-0.09999999999999964,0.010000000000000009,1
2021-04-02,0.0043584335414605935,0.9909916353565782,0.0030986756968269798,-0.011603316547881493,0.0030196105179068704,35.02099071116403,0.02018972448469314,-0.2999999999999998,0.0,0
2021-04-05,-0.0010002289071011639,0.9913150472033351,0.003079652882412205,-0.009673383003548919,0.006518329788913004,35.80597091839803,0.02018972448469314,-0.20000000000000018,0.0,1
2021-04-06,0.004313981953136592,0.9922606058966477,0.0035942847837473193,-0.009561393273548657,0.004981622261910681,42.8921202038228,0.02018972448469314,-0.20000000000000018,0.0,1
2021-04-07,0.004678428163524373,0.9949009272871957,0.0026430906130823846,0.0028735585893435722,0.004155077516169594,40.23658616076024,0.02018972448469314,-0.20000000000000018,0.0,0
2021-04-08,-4.7486026508836154e-05,0.9975649191202658,0.0027487902255127123,0.0051295113053395625,0.004463597270457912,45.46978849401634,0.02018972448469314,-0.20000000000000018,0.0,1
2021-04-09,0.003538931154240421,1.000152544016706,0.0026291701212595294,0.01180844596174535,0.004584116552871608,53.26410062796899,0.02018972448469314,-0.20000000000000018,0.0,0
2021-04-12,-0.0012733601511304427,1.002595913348392,0.00271619333984518,0.009544222856966655,0.003948462531778177,46.49684473313146,0.02018972448469314,-0.20000000000000018,0.0,1
2021-04-13,0.0011914405802817551,1.0042595937573109,0.0024683980823882452,0.012206615276361577,0.005777723482698496,59.66107460378817,0.026516458424596934,-0.20000000000000018,0.0,1
2021-04-14,0.0033112327681075193,1.0053861046123682,0.002091519144066528,0.019664502578277787,0.002515690782342238,67.73127324269494,0.026516458424596934,-0.20000000000000018,0.0,1
2021-04-15,0.002672952619411806,1.0072699656899098,0.001990396226054729,0.021934460673070033,0.0029433101010018633,76.62940691528054,0.026516458424596934,-0.20000000000000018,0.0,0
2021-04-16,-0.0011971556290383267,1.0079887044774345,0.0021304626320128176,0.016281650049819074,0.003660396097476069,73.18334416287632,0.026516458424596934,-0.20000000000000018,0.0,0
2021-04-19,-0.00019148372403277047,1.008784743585363,0.0018907983503955383,0.01710438586308105,0.008752073808355708,76.00378645872385,0.026516458424596934,-0.20000000000000018,0.0,1
2021-04-20,0.006335809454036445,1.0105095724524003,0.0029925892067588235,0.019151962274020384,0.004391685063084886,89.22922602779555,0.026516458424596934,-0.20000000000000018,0.0,0
2021-04-21,-0.0010708288987623105,1.0110099356736266,0.003214227332432684,0.013319880632377323,0.003763708572109066,86.33896157271046,0.026516458424596934,-0.20000000000000018,0.0,1
2021-04-22,0.0004453360191536415,1.0109235145691908,0.0031313714628663203,0.013819290723861899,0.005488514207322502,84.65811294628978,0.026516458424596934,-0.20000000000000018,0.0,0
2021-04-23,-0.0019103788602828908,1.010634678250707,0.003262265528159045,0.008314157397839361,0.005335605582700795,82.1802387086336,0.026516458424596934,-0.20000000000000018,0.0,1
2021-04-26,0.006250504777101318,1.0113758847771905,0.0040001112060365955,0.01591024948429176,0.004510386470595718,83.24429647226789,0.026516458424596934,-0.20000000000000018,0.0,0
2021-04-27,-0.0006766122021124588,1.0106686031296161,0.0032663146668646375,0.014014733910255206,0.0028118842712973988,78.78352807293803,0.026516458424596934,-0.20000000000000018,0.0,1
2021-04-28,0.000714564737621437,1.0100868074060412,0.0031317735762617896,0.011390364167356948,0.0036810978573139264,79.40126774372033,0.026516458424596934,-0.20000000000000018,0.0,1
2021-04-29,0.0037730907940705105,1.0100094459532996,0.003340459037253874,0.012500067133010662,0.0039512393974666885,79.60047553281144,0.03474376909910837,-0.20000000000000018,-0.010000000000000009,0
2021-04-30,-0.0007276763569032951,1.0104215259771556,0.0030569065841668415,0.01297598467492933,0.008562616399464384,80.98099109701354,0.03474376909910837,-0.20000000000000018,-0.009999999999999995,0
2021-05-03,-0.008190845873297992,1.0082925326294014,0.004404736707030448,0.00487127100425,0.005245887926172024,62.540258394106544,0.03474376909910837,0.0,0.009999999999999995,1
2021-05-04,0.002786131525111424,1.00693500700388,0.004732541178430332,0.0013267589849175199,0.0052195512668456795,62.039989496192376,0.03474376909910837,0.0,0.0,0
2021-05-05,-0.0038327774773150303,1.005091732340375,0.004915283072469334,-0.0014418187067283261,0.0035043336363741896,53.152219911572196,0.03474376909910837,0.0,0.0,0
2021-05-06,-0.0005884542128350434,1.0024010232405527,0.004127428687896382,-0.002473658885024377,0.006329384103155578,54.008394294412334,0.03474376909910837,0.0,0.0,1
2021-05-07,0.005044664866080906,1.0007904225327486,0.005262258550945212,0.0044774597056407295,0.009282650158294789,59.71202848871037,0.03474376909910837,0.09999999999999964,0.0,1
2021-05-10,0.008495398926473774,1.0020465736495325,0.004797754817696793,0.006718398280840976,0.0032787980300179073,61.71502545803366,0.03474376909910837,0.09999999999999964,0.0,0
2021-05-11,-0.0024767285752498314,1.0024280101703427,0.00524327151367774,0.004904961015175235,0.0044643102612662786,59.794198134315515,0.03474376909910837,0.09999999999999964,0.0,1
2021-05-12,0.00029387645131562223,1.0037836510298161,0.004499834587720531,0.004482511137011924,0.0067977123045836856,59.66385647746453,0.042711663058514704,0.09999999999999964,0.0,0
2021-05-13,-0.0054340864261213095,1.0045684063157827,0.005620356018393699,-0.004731173289719948,0.004421751083305329,55.35450746220836,0.042711663058514704,0.09999999999999964,0.0,0
2021-05-14,-0.0001002745212409506,1.0042741055778586,0.0051915938387248305,-0.004106285084491734,0.006313782743136552,48.79584455489458,0.042711663058514704,0.09999999999999964,0.0,1
2021-05-17,0.006050930549080791,1.0031792935095964,0.004237285660988681,0.010194143147356227,0.0034947361150464776,55.85867848073471,0.042711663058514704,0.09999999999999964,0.0,1
2021-05-18,0.000534904584481577,1.0029799869506435,0.004067050632568922,0.007926285426925972,0.006444939185661709,55.69744497023791,0.042711663058514704,0.09999999999999964,0.0,1
2021-05-19,0.00552151594775574,1.0035000842812831,0.004698019055717978,0.017390999795712903,0.004593127988522202,57.27050506402358,0.042711663058514704,0.09999999999999964,0.0,0
2021-05-20,-0.004183833562572015,1.0044991746202125,0.004262068565993476,0.013730939426495725,0.004770974985628709,53.530983023907815,0.042711663058514704,0.09999999999999964,0.0,1
2021-05-21,0.004315598457791392,1.0060710773015984,0.004288259645135071,0.012995571934068861,0.0055831085248958644,66.43573367490794,0.042711663058514704,0.09999999999999964,0.0,0
2021-05-24,-0.003447842784843669,1.0062258139289317,0.004395675116327902,0.0009990363217284859,0.004399885362472687,59.9995308642458,0.042711663058514704,0.09999999999999964,0.0,1
2021-05-25,0.0025772895778577443,1.0066269297096526,0.004488071311783765,0.006070664669393322,0.004470457319605297,66.77184757783388,0.042711663058514704,0.09999999999999964,0.0,1
2021-05-26,0.0028209965686414318,1.006381882094503,0.003929051990003531,0.008612379135503279,0.00530418429310567,69.36990772130224,0.042711663058514704,0.09999999999999964,0.0,0
2021-05-27,-0.004612427257485008,1.0064722465469436,0.0040570940988588905,0.009445642771031215,0.0033891643339926418,60.03069252910681,0.042711663058514704,0.09999999999999964,0.0,1
2021-05-28,4.869039459753921e-05,1.0056676568120557,0.0034058427170381507,0.009596029836240971,0.0055485771560484405,52.1410021122615,0.04325795251947073,0.09999999999999964,-0.009999999999999995,0
2021-05-31,-0.00025595431068903274,1.0051082100180786,0.002994822922525933,0.0032669209196747317,0.004084191214940293,55.02026717594442,0.04325795251947073,0.09999999999999964,0.0,1
2021-06-01,0.0035108358588156197,1.0046986809645277,0.0032081554046975097,0.00625097814025688,0.003230273120235486,58.35836580789492,0.04325795251947073,0.09999999999999964,0.009999999999999995,0
2021-06-02,-0.0012340095487372027,1.0033465086023756,0.0029110944771847387,-0.0005094481966080311,0.005211821475795511,64.57638242494266,0.04325795251947073,0.09999999999999964,0.0,0
2021-06-03,-0.0006471845860595016,1.0027982600747705,0.001866202529224131,0.0030402503885389454,0.007786768205616373,63.68372610399071,0.04325795251947073,0.09999999999999964,0.0,0
2021-06-04,-0.006294536179352939,1.001544495662243,0.0035039743038822978,-0.007556410779961942,0.006773202026664822,48.221297544394304,0.04325795251947073,-0.20000000000000018,0.0,1
2021-06-07,0.002917987829321289,1.0011997800313541,0.003930429302747647,-0.0012168251021351661,0.00467906128402525,51.11571172010264,0.04325795251947073,-0.2999999999999998,0.0,1
2021-06-08,0.0020728666661506967,1.0003390206593552,0.0036175114222212336,-0.0017193390953038623,0.002458264255244183,46.80514788891397,0.04325795251947073,-0.2999999999999998,0.0,0
2021-06-09,-0.0017042140583581888,0.9994851820810289,0.003642934459496624,-0.006224061544186976,0.003875499077984944,50.0,0.04325795251947073,-0.2999999999999998,0.0,1
2021-06-10,0.0007517140274577727,0.9986035972485985,0.0037041855802131475,-0.0008686053526191229,0.0038411759421611066,44.59655291196978,0.049978887116449267,-0.2999999999999998,0.0,0
2021-06-11,-0.0007754178831091973,0.9988622732807015,0.0019204667785458036,-0.0016919577161131905,0.008215583813742756,48.55211387817518,0.049978887116449267,-0.2999999999999998,0.0,0
2021-06-14,-0.005122571731379644,0.998071831642586,0.0027405781106198276,-0.006551584868425553,0.0029928805392382446,36.93569553805774,0.049978887116449267,-0.2999999999999998,0.0,1
2021-06-15,0.000993919050279235,0.997042083567059,0.0024718123322651137,-0.00904326400641764,0.0038208761011054126,33.18777016608104,0.049978887116449267,-0.2999999999999998,0.0,1
2021-06-16,0.0004002410493513242,0.9966873745791386,0.0025367046470556615,-0.007421791455329174,0.0020321554964139186,39.941716578558136,0.049978887116449267,-0.2999999999999998,0.0,0
2021-06-17,-0.010843962346389069,0.9943505177120094,0.004961619150522486,-0.01754944531907887,0.008391049375078695,28.358205057903476,0.049978887116449267,-0.2999999999999998,0.04000000000000001,0
2021-06-18,-0.006850199257112499,0.9913634974459923,0.005003004835779278,-0.018098814844392352,0.0064071390604637166,24.172561309478766,0.049978887116449267,-0.2999999999999998,0.0,0
2021-06-21,-0.0033365033317003245,0.9887313444249831,0.004991958715251289,-0.02422223905063703,0.006042959124336168,16.274363640840704,0.049978887116449267,-0.2999999999999998,0.0,1
2021-06-22,0.003275888241700775,0.9865049356751187,0.005619267276508763,-0.023050785618044523,0.002947969179567138,22.569730890296924,0.049978887116449267,-0.2999999999999998,0.0,1
2021-06-23,0.0020292243125450415,0.9846337924665565,0.0059380046998125015,-0.019397179407579568,0.0045382826909800295,26.15024607979481,0.049978887116449267,-0.2999999999999998,0.0,0
2021-06-24,-0.000298304478092537,0.9846577043688031,0.004111854920729528,-0.020426057094007022,0.003081434750224569,29.988921995568802,0.049978887116449267,-0.2999999999999998,0.0,0
2021-06-25,-0.0002385549563488354,0.9860083214610063,0.002535614427652279,-0.019899752053700093,0.0039029229355576063,24.495513833941615,0.049978887116449267,-0.2999999999999998,0.0,1
2021-06-28,0.0009912185233162951,0.9881550759656482,0.0015283406484613107,-0.013876771559563017,0.0034653303258877894,22.26411919073989,0.049978887116449267,-0.2999999999999998,0.0,0
2021-06-29,-0.0011094247801214374,0.9896715204340771,0.0012348401171685215,-0.015948868271721817,0.0041824019730800095,22.64024814161185,0.049978887116449267,-0.2999999999999998,0.0,0
2021-06-30,-0.002261387132008741,0.9903912419901507,0.0012012455909709762,-0.018566998612594032,0.0054291535278079735,19.79621168684581,0.049978887116449267,-0.2999999999999998,-0.020000000000000004,0
2021-07-01,-0.00379414749168705,0.9905745408862746,0.001840934907902254,-0.011572226616369696,0.003870430657800281,18.380481749385268,0.044076138934894704,-0.2999999999999998,0.020000000000000004,0
2021-07-02,-0.0008884818090965085,0.9903568342377803,0.0017703930718058279,-0.005638854734024368,0.0035147221948563113,20.50876351819295,0.044076138934894704,-0.1999999999999993,0.0,1
2021-07-05,0.0008417743052644422,0.9902126625566996,0.001720218465845733,-0.0014702291645917187,0.0025299355259575285,20.14033097129156,0.044076138934894704,0.10000000000000053,0.0,1
2021-07-06,0.0006406783710120045,0.9904889884083105,0.0019654607537013444,-0.004092972857648758,0.006850125802847244,20.629272055107847,0.044076138934894704,0.10000000000000053,0.0,0
2021-07-07,-0.0033109661497897624,0.9906369541396406,0.002167227991550597,-0.009400535829543588,0.004979267836923988,25.97362587316576,0.044076138934894704,0.10000000000000053,0.0,0
2021-07-08,-0.0026321867575267444,0.9911874465750768,0.0018759402277936231,-0.011713168233590476,0.006960260870795773,30.321652515206964,0.044076138934894704,0.10000000000000053,0.0,1
2021-07-09,0.0046301331645948185,0.992565821635746,0.003179714937919456,-0.006900359756368046,0.004171820695925253,45.98793734576875,0.044076138934894704,0.10000000000000053,0.0,1
2021-07-12,0.0021062849877842016,0.9938352786182646,0.0033077448306759035,-0.005794084212468076,0.0038260962111536824,43.52596357343582,0.044076138934894704,0.10000000000000053,0.0,0
2021-07-13,-0.0006526261676987888,0.9949321141166656,0.0033236816404378683,-0.005339427922719686,0.007119074554467582,37.64400126857035,0.05352352515803949,0.10000000000000053,0.0,0
2021-07-14,-0.007571489140241527,0.9955772760231307,0.004668020370623629,-0.010633148174875928,0.004705251592469208,28.999546272293728,0.05352352515803949,0.10000000000000053,0.0,1
2021-07-15,0.0049226055054825135,0.9969300238658808,0.005135666075966416,-0.001976236102704809,0.003819060932104733,38.74389879470067,0.05352352515803949,0.10000000000000053,0.0,0
2021-07-16,-0.001818965027435615,0.9967469188030218,0.004688107715755333,-0.0029057062838627745,0.002455576381737318,35.206472912269305,0.05352352515803949,0.10000000000000053,0.0,1
2021-07-19,0.00018549789937249983,0.9960039166765704,0.0044849096272641135,-0.0035595253751669054,0.004991975020751125,36.62314302844581,0.05352352515803949,0.10000000000000053,0.0,0
2021-07-20,-0.0017066072430054202,0.9952990089047707,0.004490031199442276,-0.005896958223808535,0.003977300810753197,37.21357897943297,0.05352352515803949,0.10000000000000053,0.0,0
2021-07-21,-0.000824893946899663,0.9960872329718541,0.0027862718679370208,-0.0034173363407210555,0.004167327585230169,40.618419594369946,0.05352352515803949,0.10000000000000053,0.0,1
2021-07-22,0.0007310905803727952,0.9959921013916829,0.001130507819583991,-5.6706647717286174e-05,0.005358930474212731,43.056698574955604,0.05352352515803949,0.10000000000000053,0.0,0
2021-07-23,-0.0016952306802585637,0.9959948662957769,0.0011004838048720743,-0.006352561157625614,0.0025066605479374653,39.44298194033586,0.05352352515803949,0.10000000000000053,0.0,1
2021-07-26,5.8932597006622345e-05,0.9960191815191499,0.001077327541265367,-0.008382631710001087,0.004499066499896571,38.36689346996774,0.05352352515803949,0.10000000000000053,0.0,1
2021-07-27,0.0029164853819827474,0.9967649118336788,0.0017547513489815005,-0.0048411274296059625,0.005534637546914082,47.815571706571,0.05352352515803949,0.10000000000000053,0.0,1
2021-07-28,0.0013005454274701567,0.9977572248987302,0.0016893374601020957,0.00405531581159102,0.0037500666719970654,54.042190372140226,0.05352352515803949,0.10000000000000053,0.0,1
2021-07-29,0.001930942027677629,0.998703480282068,0.0017841020710566663,0.0010662342628697807,0.0042439913101477815,49.69517820896794,0.05352352515803949,0.10000000000000053,0.0,1
2021-07-30,0.003971074884161485,1.0005404075942868,0.0014983736701124804,0.006873010035456595,0.004666333686460746,52.798412418298476,0.04737885692420063,0.10000000000000053,-0.03,0
2021-08-02,-0.002182413613337375,1.0020780996197698,0.0023377433150936796,0.0044892660226636405,0.0033213136662971297,50.243342923410346,0.04737885692420063,0.0,0.03,1
2021-08-03,0.000641198473579907,1.0031634743025561,0.00223345503078739,0.006851643313876332,0.0033978909524665707,66.88386463714288,0.04737885692420063,0.0,0.0,0
2021-08-04,-0.0004391046481545535,1.0037561983936782,0.0023339295585838894,0.007240396583509723,0.005702029918231802,57.48140827671402,0.04737885692420063,0.0,0.0,0
2021-08-05,-0.0026989581497277593,1.0034248363973608,0.0026608447000355307,0.003788036927926619,0.002463863800880006,55.081631879995456,0.04737885692420063,0.0,0.0,0
2021-08-06,-0.00014199493007605035,1.0025083858965227,0.0014161992087427463,0.005349803947856113,0.0067011988289898535,54.32142111556054,0.04737885692420063,-0.5,0.0,0
2021-08-09,-0.007284770079574732,1.001043208974196,0.003212502035385208,-0.0020327510251592074,0.0025409399874901013,43.01257053550631,0.04737885692420063,-0.5,0.0,0
2021-08-10,-0.0009390033374948592,0.9992748211875473,0.002957166157134134,-0.005869213509236415,0.002836515709448824,42.83651111975815,0.04737885692420063,-0.5,0.0,0
2021-08-11,-0.0012895376634771694,0.9970211076787792,0.002845675615342144,-0.008440750448908019,0.003448664370878813,39.32749878090363,0.052341693626001495,-0.5,0.0,1
2021-08-12,0.0015839553267043005,0.9957895112947142,0.0033582825383747456,-0.008784145246282904,0.002204812088425178,45.23660467685509,0.052341693626001495,-0.5,0.0,0
2021-08-13,-0.00048011034517492224,0.9944229912645269,0.003324458834609078,-0.013178779197537738,0.006132498534802628,44.3450599752627,0.052341693626001495,-0.5,0.0,1
2021-08-16,0.004977404980553768,0.9952699603124707,0.002602399957083624,-0.0060978647879875725,0.0030149302214968064,48.14428042285127,0.052341693626001495,-0.5,0.0,0
2021-08-17,-0.0012487248704858844,0.9960315134546801,0.0026563908769936637,-0.007975059980349752,0.006243942108159516,43.8688555671042,0.052341693626001495,-0.5,0.0,0
2021-08-18,-0.0059601863558819135,0.9961150697078335,0.004010697943456509,-0.01345451678525389,0.0029154498174204387,32.951076496128195,0.052341693626001495,-0.5,-0.010000000000000009,0
2021-08-19,-0.0005500445339591264,0.9958381458568055,0.0038814644083619543,-0.011328778485089286,0.003256552269543235,23.571283843258925,0.052341693626001495,-0.5,0.0,0
2021-08-20,-0.002281654337924044,0.9952319772769631,0.003944584320108094,-0.013444498587000142,0.0022318443277096014,23.522294851566542,0.052341693626001495,-0.5,0.0,1
2021-08-23,0.0017944800214149126,0.9939040680505783,0.002837783334071736,-0.0044215845973014645,0.004076589166088754,26.25847774531927,0.052341693626001495,-0.5,0.0,1
2021-08-24,0.004016666301490446,0.9935696063295006,0.003827829761919001,0.0005168102984276501,0.003125143054288614,34.94242896314648,0.052341693626001495,-0.5,0.0,1
2021-08-25,0.0007286823861358815,0.9946011176627928,0.0023792433079605365,0.002538680662932613,0.002722733915340867,39.22626011504338,0.052341693626001495,-0.5,0.0,1
2021-08-26,0.001813127383051505,0.9961110172146778,0.00229161412390606,0.0027680711696327354,0.0028446654903410765,42.53851286663379,0.052341693626001495,-0.5,0.0,0
2021-08-27,-0.001528285068751023,0.9980454937981339,0.0020120017388044827,0.0017164901488966322,0.005750158512648919,51.00779940026021,0.052341693626001495,-0.5,-0.009999999999999995,1
2021-08-30,0.003623508401804143,1.0000588457257138,0.002260541020410734,0.00036698664546608306,0.0023240696548014472,58.08822124113678,0.052341693626001495,-0.5,0.0,0
2021-08-31,-0.00017812175809306385,1.0012799868847475,0.0019582662358607434,0.0014393217063637387,0.004157655835547452,60.1845526281918,0.0484594560248921,-0.5,-0.020000000000000004,1
2021-09-01,0.0011337958991552988,1.002504627274773,0.0019582116992227535,0.008586110678163283,0.005495912510329629,59.60367793307127,0.0484594560248921,-0.5,0.020000000000000004,1
2021-09-02,0.00259316954035671,1.0036208952220629,0.0020697897636723405,0.011758057448389314,0.0031635361857074167,63.732760131160674,0.0484594560248921,-0.5,0.0,1
2021-09-03,0.003004669747078248,1.0054890550116533,0.0015399064522508869,0.017118769728101002,0.003319777125055344,61.42020302879015,0.0484594560248921,-0.7000000000000002,0.0,1
2021-09-06,0.0007963691029264641,1.0063837272190017,0.0013133771505766062,0.016105390866756775,0.0024663384567366765,65.01761651730067,0.0484594560248921,-0.20000000000000018,0.0,0
2021-09-07,-0.0009143836244995818,1.0071277411729382,0.0015620793190224591,0.011114969312412626,0.004166828121050433,78.1611295883435,0.0484594560248921,-0.20000000000000018,0.0,0
2021-09-08,-0.00265300504922239,1.007178932428641,0.0023802900854728143,0.007698184276059505,0.004291851541392714,72.01261626645315,0.0484594560248921,-0.20000000000000018,0.0,0
2021-09-09,-0.002065906493599612,1.0064789188775236,0.002298549229343943,0.0037963633801230134,0.0029806605039587653,72.52137347917663,0.0484594560248921,-0.20000000000000018,0.0,1
2021-09-10,0.0005771297849097579,1.005238321488684,0.0015395301647271504,0.005913005986926123,0.0028454776028514453,71.23655065787398,0.0484594560248921,-0.20000000000000018,0.0,0
2021-09-13,-0.001181213920582902,1.003909459356052,0.001233882879891782,0.0010973229805155693,0.0039733221241983595,62.520810456590276,0.0484594560248921,-0.20000000000000018,0.0,0
2021-09-14,0.0,1.002702528064211,0.0013571932386028335,0.0012756719635413916,0.003809222002939875,61.290352084657634,0.05133606232261889,-0.20000000000000018,0.0,0
2021-09-15,-0.0005902961926450567,1.0016434207380491,0.0010269944398474402,-0.0004486644586386701,0.0027111699231404333,56.206869852208165,0.05133606232261889,-0.20000000000000018,0.0,1
2021-09-16,0.0012718707234040671,1.001163330830368,0.0009608913693328931,-0.0017659544993633425,0.00604195664269806,63.064925395068144,0.05133606232261889,-0.20000000000000018,0.0,0
2021-09-17,-0.004443422009814957,0.9997878254629287,0.0021341625415756058,-0.009178620651374536,0.005100254040183065,43.77521003459394,0.05133606232261889,-0.20000000000000018,0.0,0
2021-09-20,-0.00319046996268868,0.9982613766028663,0.002357024549620782,-0.01312572268350376,0.00311419595907591,38.401542552313,0.05133606232261889,-0.20000000000000018,0.0,1
2021-09-21,2.3374508716145215e-05,0.9969371608877763,0.0023604924701236697,-0.012199426313256545,0.0028162575867562724,35.47356037473075,0.05133606232261889,-0.20000000000000018,0.0,0
2021-09-22,-0.0006213408951150079,0.9956742547643745,0.00235791635642086,-0.010187208873262188,0.0023361038530511054,26.615444953196402,0.05133606232261889,-0.20000000000000018,0.0,0
2021-09-23,-0.0030036928399174156,0.993797934430129,0.0018764565771703984,-0.01111736340648184,0.005716336114647804,12.53111365593739,0.05133606232261889,-0.20000000000000018,0.0,1
2021-09-24,0.0044965722892382765,0.9934046557773585,0.0031126004478293358,-0.007243730357832767,0.003957782971379334,25.30892134123181,0.05133606232261889,-0.20000000000000018,0.0,0
2021-09-27,-0.0014654093037853588,0.9936078856069978,0.0028155938600922634,-0.007526200764286672,0.0035308075209596573,24.776790129317334,0.05133606232261889,-0.20000000000000018,0.0,0
2021-09-28,-0.002239981224344767,0.9934629951648116,0.002965897606453282,-0.00974932344022883,0.003079805580584475,25.215689905752683,0.05133606232261889,-0.20000000000000018,0.0,0
2021-09-29,-0.0008940088868886198,0.9933646457002657,0.0029696562078935043,-0.010050252778626034,0.007008927993083083,26.468077553711183,0.05133606232261889,-0.20000000000000018,0.0,0
2021-09-30,-0.007250889529971327,0.9929115201695893,0.004181606264356971,-0.01847663986204795,0.0035898619921704697,18.844951588762754,0.049202756245940726,-0.20000000000000018,-0.020000000000000004,0
2021-10-01,-0.002338131769523355,0.9913667582324273,0.002536936877218075,-0.016401025480705433,0.0038959257311542432,18.180511319892787,0.049202756245940726,-0.20000000000000018,0.020000000000000004,1
2021-10-04,0.0028322114278427346,0.9905709880833731,0.0036164507336080317,-0.010458161712778358,0.004439310238512919,24.787685151468878,0.049202756245940726,0.0,0.0,1
2021-10-05,0.0009642726160647985,0.9903187647178092,0.003835712920186062,-0.009527125432507222,0.003394942594401833,27.26144527889511,0.049202756245940726,0.0,0.0,0
2021-10-06,-0.0019249431217834845,0.9898241547887523,0.003833634298699675,-0.01081911084061804,0.0059860184028765456,23.18537680091822,0.049202756245940726,0.0,0.0,0
2021-10-07,-0.003512824105595058,0.9901490401881541,0.002612292765324427,-0.011324251044714129,0.0019082193632116104,23.85889860761391,0.049202756245940726,0.0,0.0,1
2021-10-08,0.0003814994434316876,0.9910242819178039,0.0024912202471900832,-0.015374511483693398,0.003562534830259333,27.163859160787695,0.049202756245940726,-0.40000000000000036,0.0,1
2021-10-11,0.0005435686067938317,0.9913617945326348,0.0019298901096159728,-0.013393517660291399,0.0029863025247933504,28.319941057192153,0.049202756245940726,-0.40000000000000036,0.0,0
2021-10-12,-0.0010629439476148583,0.9913496559575086,0.0016880934852212535,-0.012229637984493058,0.0031301118264099844,27.95040320701068,0.049202756245940726,-0.40000000000000036,0.0,0
2021-10-13,-0.0017069772903097746,0.9914370757003024,0.0016646037037427101,-0.013033382633506507,0.004199601423893606,29.12652484933662,0.05353004700068009,-0.40000000000000036,0.0,1
2021-10-14,0.005683771346053135,0.9931353985125246,0.002908712264470698,-0.00017406263316077641,0.0034772340599366833,31.544409273462023,0.05353004700068009,-0.40000000000000036,0.0,0
2021-10-15,-0.0006954468119872992,0.9944324019812993,0.002983382868476703,0.0014721855394590477,0.0026719340890700915,32.319263691222034,0.05353004700068009,-0.40000000000000036,0.0,1
2021-10-18,0.00047543786974224567,0.9955337230416157,0.0029835888377293725,-0.0008813917979622055,0.003372123634048365,35.79748708584772,0.05353004700068009,-0.40000000000000036,0.0,1
2021-10-19,0.0014517452243154594,0.9970666081997475,0.002855281166560545,-0.0003948180338266827,0.00477561310779854,39.86679511582091,0.05353004700068009,-0.40000000000000036,0.0,1
2021-10-20,0.0015586486059819826,0.9991430944965104,0.002407780567646124,0.0030941143054110665,0.003091539219842914,55.217295118234105,0.05353004700068009,-0.40000000000000036,0.0,1
2021-10-21,0.0019814300628668846,1.0002381494722727,0.0010745532348838739,0.008624796638513343,0.003156613633334707,64.03555060642952,0.05353004700068009,-0.40000000000000036,0.0,0
2021-10-22,-0.002545992695255239,1.0013159023582399,0.0018346915371818845,0.005673181514996184,0.002726301089177127,53.18569796357282,0.05353004700068009,-0.40000000000000036,0.0,1
2021-10-25,0.0012687600472558458,1.002415938559781,0.0018570950437004463,0.006402090885881728,0.00647330193086856,53.76522518336597,0.05353004700068009,-0.40000000000000036,0.0,0
2021-10-26,-0.0024384463829575376,1.0027463647082522,0.002257605761524782,0.0050163093508388545,0.0037141433939825498,52.66216166796019,0.05353004700068009,-0.40000000000000036,0.0,0
2021-10-27,-0.0011598870049537302,1.002545581167242,0.0020996458020670836,0.0055670841704182905,0.0033673522037440287,58.0582733039458,0.05353004700068009,-0.40000000000000036,0.0,1
2021-10-28,0.00016239596123290845,1.0016052802215185,0.0016558055068658698,4.6349418088675876e-05,0.009480945517191343,57.65650864291335,0.05353004700068009,-0.40000000000000036,0.0,1
2021-10-29,0.0071971863610365006,1.0021386836838122,0.003730508563755437,0.007944841391129387,0.012421383663841387,67.2494490502676,0.05353004700068009,-0.40000000000000036,-0.009999999999999995,0
2021-11-01,-0.010863366820322296,1.0009190784180595,0.006462235402130093,-0.00347861715896447,0.004030966171366091,50.322489451035,0.05306059733026025,-0.40000000000000036,0.009999999999999995,1
2021-11-02,0.0037119176436002377,1.000791453895137,0.0067967107120270615,-0.0012295720547289557,0.003088762218749727,56.84897214977993,0.05306059733026025,-0.40000000000000036,0.0,0
2021-11-03,-0.0017369213195504996,1.0005390592435606,0.006822140284462911,-0.00451596750389105,0.003054501070362239,47.674453804175826,0.05306059733026025,-0.40000000000000036,0.0,1
2021-11-04,0.0031362426898386975,1.0005480646220124,0.007000461374364141,-0.0033686433158537366,0.007564040961420559,52.626112836305204,0.05306059733026025,-0.40000000000000036,0.0,0
2021-11-05,-0.0051999189655006495,0.9983558057217352,0.006076464364547405,-0.006020380759268806,0.00437888733799427,45.964042214726206,0.05306059733026025,-0.6000000000000005,0.0,1
2021-11-08,0.0011684323137661767,0.998553472041922,0.00370143434223967,-0.006119978116454261,0.0037861208063428523,45.61282016722361,0.05306059733026025,-0.20000000000000018,0.0,1
2021-11-09,0.001959059651367445,0.9982518945822787,0.003354273605389722,-0.0017387012140109848,0.003348839141772426,46.09224022167505,0.05306059733026025,-0.20000000000000018,0.0,1
2021-11-10,0.0003478111346459922,0.9982649716409853,0.003232675315202042,-0.00023187676489977438,0.007312700150610925,44.035944782004655,0.06299433400556986,-0.20000000000000018,0.0,0
2021-11-11,-0.009452917379883963,0.9965157622655583,0.004917658887168882,-0.009843399665765307,0.003197475563567004,37.950640283233106,0.06299433400556986,-0.20000000000000018,0.0,0
2021-11-12,-0.0030573628652154072,0.9953170995815559,0.00468249595974359,-0.01992445403855414,0.002254403999815525,34.19682724216116,0.06299433400556986,-0.20000000000000018,0.0,0
2021-11-15,-0.0008008833973945917,0.9937885657594419,0.004446530218762766,-0.009954149023410297,0.0041296318484676416,35.33036349650982,0.06299433400556986,-0.20000000000000018,0.0,0
2021-11-16,-0.006569840434676122,0.9909616430198401,0.004071890823476054,-0.020095915547454934,0.00495600737208063,31.931239207332595,0.06299433400556986,-0.20000000000000018,0.0,0
2021-11-17,-0.003985047341380721,0.9875460650546679,0.0033343759717632338,-0.022302696423361468,0.005606674012224626,29.631718773394056,0.06299433400556986,-0.20000000000000018,0.0,0
2021-11-18,0.0,0.9861191705639895,0.002621287898755254,-0.02535940586194707,0.003951080437229175,19.860497300555352,0.06299433400556986,-0.20000000000000018,0.0,1
2021-11-19,0.0041721000208909675,0.9857884143180556,0.004085652096209764,-0.016177309552032115,0.010353779020812418,31.951206132832326,0.06299433400556986,-0.20000000000000018,0.0,0
2021-11-22,-0.008152241730157717,0.9844657132859574,0.005016359562310497,-0.02533649827464257,0.004636224525504045,21.659054442874933,0.06299433400556986,-0.20000000000000018,0.0,0
2021-11-23,-0.0029791387340473152,0.9838847631175582,0.004600697544644956,-0.030140169327048216,0.004120524738895054,21.16110251533479,0.06299433400556986,-0.20000000000000018,0.0,1
2021-11-24,0.00024738629959197844,0.984070382948705,0.004576899244845008,-0.030237533476233813,0.00593463662608259,16.364992863630476,0.06299433400556986,-0.20000000000000018,0.0,0
2021-11-25,-0.003730654999168914,0.9837123720322761,0.004607340653556087,-0.02463534113446242,0.0024035573670554942,16.931689275813696,0.06299433400556986,-0.20000000000000018,0.0,1
2021-11-26,0.0005940791916181354,0.9829735934554139,0.003547920276186739,-0.021062931445609667,0.010170237745817434,15.850407978241165,0.06299433400556986,-0.20000000000000018,0.0,1
2021-11-29,0.007453537686689327,0.9844135970779169,0.004423229324736837,-0.012975895894435818,0.003466967748037454,24.581332423274745,0.060989122641545546,-0.20000000000000018,0.0,1
2021-11-30,2.2589547499674012e-05,0.9866350371689973,0.0040521491699974065,-0.006425976673256839,0.012014095559227505,24.092838391520885,0.060989122641545546,-0.20000000000000018,-0.009999999999999995,1
2021-12-01,0.003263165872567031,0.9892133217405363,0.004150736097032638,0.0008044733774066337,0.004793605916164661,34.74968054514068,0.060989122641545546,-0.20000000000000018,0.009999999999999995,0
2021-12-02,-0.0009509143844581569,0.9925507781637184,0.0033875532332372296,-0.00014720599235795717,0.004090254139382684,36.490348409063586,0.060989122641545546,-0.20000000000000018,0.0,0
2021-12-03,-0.001175820372980918,0.9953390942036784,0.0036624972798091223,-0.0054721230537183585,0.005702878631528438,36.182183034356946,0.060989122641545546,-0.5999999999999996,0.0,0
2021-12-06,-0.00012441570746202224,0.9967018084360764,0.0017844432816167754,0.0025773953368586344,0.0036269582490127492,42.59265622136705,0.060989122641545546,-0.39999999999999947,0.0,0
2021-12-07,-0.0016026315298297567,0.997923042843162,0.0019652725533546122,0.003961574004609503,0.0060380515116516716,45.567301477413004,0.060989122641545546,-0.39999999999999947,0.0,0
2021-12-08,-0.0009020955422791577,0.9983791049384162,0.0005387023627974275,0.0028078238273419043,0.006153340999770176,44.40550464192961,0.060989122641545546,-0.39999999999999947,0.0,1
2021-12-09,0.006126595156951575,0.9994595824852699,0.003210818049578025,0.012729766751293337,0.005831444155569061,47.29000741533219,0.060989122641545546,-0.39999999999999947,0.0,0
2021-12-10,-0.004607681451426537,0.999927807984998,0.003934369654458209,0.007464916646461095,0.004891426255196725,52.30738406729466,0.06925545497417729,-0.39999999999999947,0.0,1
2021-12-13,0.0016402570745917,1.0006269365261737,0.0040234588577538755,0.0016515703746740051,0.004642296271050834,59.5274959174161,0.06925545497417729,-0.39999999999999947,0.0,0
2021-12-14,-0.0023361654386201414,1.000963575177566,0.004114806621147872,-0.0007110268912987605,0.005405578983416511,55.19830019655508,0.06925545497417729,-0.39999999999999947,0.0,0
2021-12-15,-0.0021395631044885954,1.0009592531086071,0.004217376975436611,-0.006092354219080276,0.002555196662175118,57.84337001507908,0.06925545497417729,-0.39999999999999947,0.0,1
2021-12-16,0.0026193465162343,1.0001226404104375,0.0030068141525235285,-0.002540467071869168,0.0072216547227831225,60.284841212509555,0.06925545497417729,-0.39999999999999947,0.0,1
2021-12-17,0.003842314341898634,1.0009981257368012,0.002816041027827186,0.002470811600562728,0.007119757983131055,55.78132624387945,0.06925545497417729,-0.39999999999999947,0.0,0
2021-12-20,-0.007994095774538912,0.9999304001879321,0.004699620105125503,-0.00541929461646351,0.005976826596857151,44.387808455356925,0.06925545497417729,-0.39999999999999947,0.0,1
2021-12-21,0.0030223412149650297,0.999633866025767,0.004978900200627245,-0.0008120021694231205,0.0036797058687667063,44.02640477790462,0.06925545497417729,-0.39999999999999947,0.0,1
2021-12-22,0.0008917295886046173,0.9999112296536911,0.004856058409492756,0.0009819847191379072,0.006792905005046626,46.37843740961299,0.06925545497417729,-0.39999999999999947,0.0,1
2021-12-23,0.003659212882693552,1.0000289156880338,0.004991171661540975,-0.0014727811302452931,0.00477210617602149,52.417009811397484,0.06925545497417729,-0.39999999999999947,0.0,0
2021-12-24,-0.00013595204470506772,0.9993876379455083,0.0046685549142837755,0.003013031593869897,0.0031711021790119384,52.40209182480713,0.06925545497417729,-0.39999999999999947,0.0,0
2021-12-27,-0.0002717305796564595,1.0006787892148867,0.0018126444597908683,0.001098423509867219,0.002723518357905388,54.137657646305215,0.06925545497417729,-0.39999999999999947,0.0,1
2021-12-28,0.0005098175404814054,1.0014460067831654,0.0015974220744963802,0.003954204159636099,0.004027116090367328,55.95226102678026,0.06925545497417729,-0.39999999999999947,0.0,0
2021-12-29,-0.0013464403555435434,1.0019961037716612,0.0018966166818142657,0.0047521703769310975,0.008365148564671866,46.10839574656463,0.06925545497417729,-0.39999999999999947,0.0,1
2021-12-30,0.004010104595437491,1.0023693059214744,0.0020442691783406223,0.006145886948832668,0.005198127725394128,58.59257670027891,0.06925545497417729,-0.39999999999999947,0.0,0
2021-12-31,-0.0030917400915150273,1.0022450170182793,0.002635300247013217,-0.0008040794436801058,0.006542863344281263,51.626718872172944,0.0653423741762964,-0.39999999999999947,-0.009999999999999995,1
2022-01-03,0.0042764713968936885,1.0028108823587172,0.0032481538819658378,0.01155542427336731,0.007957970595390362,60.297278985537545,0.0653423741762964,0.0,0.009999999999999995,0
2022-01-04,-0.0062614580888774585,1.0022504895611524,0.004576630532668191,0.0021926442456645656,0.004384343018307121,54.31748368024072,0.0653423741762964,0.0,0.0,0
2022-01-05,-0.0016473983257058178,1.0016680499362445,0.004592782393080065,-0.0003497839144389614,0.006021304349709378,49.23087205536076,0.0653423741762964,0.0,0.0,1
2022-01-06,0.002647328567832119,1.0009850572670052,0.004285181955948211,-0.00135762637831649,0.003989800693307555,47.70730622382029,0.0653423741762964,0.0,0.0,0
2022-01-07,-0.0014686344133981732,1.0004714616488066,0.004128229101761951,-0.0026886804217907123,0.00613084288088728,57.08944583504959,0.0653423741762964,-0.30000000000000027,0.0,1
2022-01-10,0.005052597944538828,0.9999403622412328,0.004360358810096028,0.0026227759696666464,0.006290900248540799,59.571324089138315,0.0653423741762964,-0.30000000000000027,0.0,0
2022-01-11,-0.002073518183627887,1.0002395046333117,0.0031798971428564217,3.3984545974918845e-05,0.0047175890772541374,55.18917233134468,0.0653423741762964,-0.30000000000000027,0.0,1
2022-01-12,0.0031826550455393843,1.0012386436686467,0.0030962224123194998,0.004569340452527992,0.006795042167751646,54.61275226674466,0.07035431190908237,-0.30000000000000027,0.0,1
2022-01-13,0.0066132886860921225,1.0028346878839616,0.0038821097443880828,0.007173974522500126,0.0037290254689803554,61.87754697583392,0.07035431190908237,-0.30000000000000027,0.0,1
2022-01-14,0.0013518511765533425,1.0051185610273436,0.0033766436017054536,0.011663323902577183,0.0064273730156046375,63.458017958836685,0.07035431190908237,-0.30000000000000027,0.0,0
2022-01-17,-0.004050806764177239,1.005378492975495,0.00422356025759074,0.003274795301710487,0.0036306963450558312,57.55031273220617,0.07035431190908237,-0.30000000000000027,0.0,0
2022-01-18,-1.1387388185513103e-05,1.0062018723230082,0.003938921155823009,0.00958484380883462,0.008211862993742925,59.22716030671085,0.07035431190908237,-0.30000000000000027,0.0,0
2022-01-19,-0.0070923341737112455,1.00536630234473,0.005249738523010124,0.004078648203756252,0.003290510297930439,47.250281548473616,0.07035431190908237,-0.30000000000000027,0.0,1
2022-01-20,0.0012138050969503489,1.0035706924817576,0.0037167677131729657,0.0026430783201090158,0.003418095444574676,51.72244985548454,0.07035431190908237,-0.30000000000000027,0.0,0
2022-01-21,-0.002613516237083058,1.0011043401355642,0.0032974373900348814,0.001493482147596259,0.005198055689254198,44.197739105048896,0.07035431190908237,-0.30000000000000027,0.0,1
2022-01-24,0.0024497759060904123,0.999808423935648,0.003784084219085447,-0.0011001227164946226,0.004369600145639324,54.163903723013846,0.07035431190908237,-0.30000000000000027,0.0,0
2022-01-25,-0.0015288134830733213,0.998311119603884,0.003724224999734598,-0.0005548867011627712,0.005138025483587384,54.31153498665096,0.07035431190908237,-0.30000000000000027,0.0,0
2022-01-26,-0.0017295885653036969,0.9979137469656892,0.002159779414986599,-0.0054488288437006815,0.0036662684427264587,49.02570782132182,0.07123413365958098,-0.30000000000000027,0.0,0
2022-01-27,-0.005396850069371961,0.9966659448409215,0.0028165440477599907,-0.01731505165165481,0.00989878772373473,44.70599647933978,0.07123413365958098,-0.30000000000000027,0.0,0
2022-01-28,-0.00858323276003281,0.994506635217744,0.004194843320542727,-0.02706492871393751,0.0041909756228500515,30.95483650120029,0.06849304620735164,-0.30000000000000027,0.0,1
2022-01-31,0.0004795308554150779,0.9921376002442099,0.003611926923816372,-0.022639276898760774,0.0064455511266887505,33.04567755762764,0.06849304620735164,-0.30000000000000027,0.0,1
2022-02-01,0.006928700232702534,0.9907863801553269,0.005921220448787693,-0.015856230602042443,0.005072127607851713,37.918265698581344,0.06849304620735164,-0.30000000000000027,0.0,1
2022-02-02,0.0039458137962296025,0.9902882385543493,0.006426992755108231,-0.004915510810872492,0.005536687081274954,34.34007213786346,0.06849304620735164,-0.30000000000000027,0.0,1
2022-02-03,0.002305314001488812,0.991344304959796,0.0058659873260986355,-0.0038306839984686425,0.015808598343172893,35.60562223915697,0.06849304620735164,-0.30000000000000027,0.0,1
2022-02-04,0.01201888537307716,0.9958352445222285,0.00451940028883807,0.010783860855257288,0.006143223034271829,51.97171285811586,0.06849304620735164,-0.20000000000000018,0.0,1
2022-02-07,0.0016954011306149486,1.000734931308171,0.004229660665014312,0.010023214420479265,0.0037804104659727674,53.4045505701871,0.06849304620735164,0.10000000000000009,0.0,0
2022-02-08,-0.0010641802908315512,1.0040015516716514,0.0049470460891243954,0.01049322328672564,0.004698799297597011,59.670327210722405,0.0682413597171958,0.10000000000000009,0.0,0
2022-02-09,-0.001895917178453499,1.0063572407274728,0.005551110721746182,0.01032485814788009,0.003827531359694741,56.556251505661294,0.0682413597171958,0.10000000000000009,0.0,1
2022-02-10,2.2753724643775897e-05,1.008591143687983,0.0056750989182878875,0.015830129707485208,0.009930000489507066,59.54687635304529,0.07513223074312347,0.10000000000000009,0.0,0
2022-02-11,-0.0005249937193843035,1.0084191823864466,0.001346578067616217,0.024086800645848117,0.004182523521995581,56.82296940795037,0.07513223074312347,0.10000000000000009,0.0,0
2022-02-14,-0.004421035549465824,1.0070324682480845,0.0017406291313765273,0.01907060069757316,0.006698972413756211,53.55374296124544,0.07513223074312347,0.10000000000000009,0.0,0
2022-02-15,-0.005166933596931544,1.005083748779821,0.002311922975567118,0.006829113460458558,0.005570491713744648,50.14557931261752,0.07513223074312347,0.10000000000000009,0.0,1
2022-02-16,0.00446309909039444,1.0038253281841305,0.0038763795688809303,0.007347884381132763,0.004199849035943028,59.369415922780476,0.07513223074312347,0.10000000000000009,0.0,1
2022-02-17,0.0016266791759769195,1.0028678010122063,0.004057293195536003,0.006665835362538175,0.005215950757199442,71.67998296962614,0.07513223074312347,0.10000000000000009,0.0,0
2022-02-18,-0.0007728770560625486,1.0017690382389532,0.004054535467776045,-0.006058265341118196,0.00535716551827063,70.20485763463118,0.07513223074312347,0.10000000000000009,0.0,0
2022-02-21,-0.004334500659839646,1.001031853943659,0.004035644712368614,-0.012041492416596689,0.0063173324580737015,58.724499007040976,0.07513223074312347,0.10000000000000009,0.0,0
2022-02-22,-0.0006672941795093923,1.0011544323036543,0.0032548424179660996,-0.011648967689295908,0.006601822302381444,53.83834577793498,0.07513223074312347,0.10000000000000009,0.0,1
2022-02-23,0.0017219991211343544,1.0005576573776698,0.002462965365310604,-0.008066404136000904,0.004625947775813837,53.18251772975895,0.07513223074312347,0.10000000000000009,0.0,0
2022-02-24,-0.0020689076079442037,0.9990558708010039,0.002212545300334541,-0.010141146074857832,0.017288239104908697,31.214402303046157,0.07513223074312347,0.10000000000000009,0.0,0
2022-02-25,-0.010172287699242832,0.9957627922983172,0.004521450035928411,-0.019695621476817582,0.008758519769679266,20.070317074421155,0.07133275827345242,0.10000000000000009,0.0,0
2022-02-28,-0.0008610449440320522,0.9932355239649915,0.00455189947192427,-0.016190249725683614,0.009065981985101737,20.187046767119725,0.07133275827345242,0.10000000000000009,0.0,1
2022-03-01,0.0031181271875186933,0.9916422747131687,0.005184898911568785,-0.007996992126367841,0.011596312902863063,27.305664394444435,0.07133275827345242,0.10000000000000009,0.0,0
2022-03-02,-0.007414391565838674,0.9887942806177933,0.005306871510181654,-0.019727145745394692,0.007492797549158969,23.02851340156596,0.07133275827345242,0.10000000000000009,0.0,0
2022-03-03,-0.0018336334242975427,0.9861982073896234,0.005323524925926887,-0.023113687437829267,0.006858075733092347,22.424568357960382,0.07133275827345242,0.10000000000000009,0.0,0
2022-03-04,-0.00409463455796899,0.9856163161197585,0.0039047265175500235,-0.02636117678509864,0.01619715836907939,22.62904859960743,0.07133275827345242,-0.10000000000000009,0.0,0
2022-03-07,-0.017377526810348876,0.9827169371119423,0.007655518713587517,-0.03911565772348513,0.011233891936576383,18.17258419384089,0.07133275827345242,-0.20000000000000018,0.0,0
2022-03-08,-0.0008476009724390776,0.9790057265608417,0.006680068713133774,-0.03928902738618412,0.006533885348431645,11.428656964408006,0.07133275827345242,-0.20000000000000018,0.0,1
2022-03-09,0.003029792687134769,0.977107132282817,0.007790433740800168,-0.03803477557792512,0.017734218614979053,13.392393205553233,0.07133275827345242,-0.20000000000000018,0.0,1
2022-03-10,0.01611238118156666,0.9779357866203439,0.012106113692921291,-0.02050874829606031,0.012104440318595354,32.11976867834929,0.07987885742948242,-0.20000000000000018,0.0,0
2022-03-11,-0.005407776023448663,0.9787455963451362,0.012213681334525954,-0.015793990922543077,0.009734753115162127,31.708407871198574,0.07987885742948242,-0.20000000000000018,0.0,0
2022-03-14,-0.00743389608975531,0.9816751047530646,0.009328275908208812,-0.022268605451039925,0.0077248930072712635,29.099405604003465,0.07987885742948242,-0.20000000000000018,0.0,1
2022-03-15,0.0010177217492250978,0.9846725308297986,0.009268492355367228,-0.024315854207334286,0.007203521290622818,28.437941231318433,0.07987885742948242,-0.20000000000000018,0.0,1
2022-03-16,0.002391442268559585,0.9876662271276732,0.009245894936760429,-0.014676991294952701,0.007563219637441452,31.266707479506152,0.07987885742948242,-0.20000000000000018,0.0,1
2022-03-17,0.004794404206408531,0.9883030961432837,0.005242745378929068,-0.008134236300610498,0.008099061571816914,39.899382738073996,0.07987885742948242,-0.20000000000000018,0.25,1
2022-03-18,0.007037183889137211,0.9910352382650048,0.0055302900770520195,0.0029524291482712073,0.010141713773383621,45.48628205111284,0.07987885742948242,-0.20000000000000018,0.0,0
2022-03-21,-0.005079824821331402,0.994266080779727,0.00459398394629878,0.01550456429615732,0.0036795419690266898,40.65751460921557,0.07987885742948242,-0.20000000000000018,0.0,0
2022-03-22,-0.002346698435271688,0.9969181501669364,0.005007503791732382,0.013980932548575131,0.00763792002392578,43.34049298532753,0.07987885742948242,-0.20000000000000018,0.0,1
2022-03-23,0.0011360200928076658,0.9993615680218658,0.004974175804908729,0.01206648363067564,0.006912899370142686,45.194739995340214,0.07987885742948242,-0.20000000000000018,0.0,0
2022-03-24,-0.0021242026269255865,1.0004336818946815,0.004643727920127119,-0.006097486802432162,0.003940750538381864,46.385803694831246,0.07987885742948242,-0.20000000000000018,0.0,1
2022-03-25,0.00029731091215534633,0.9996238671691409,0.002450732853075912,-0.0003963561213209399,0.005065560038737464,60.41300147618706,0.07987885742948242,-0.20000000000000018,0.0,0
2022-03-28,-0.002514860044454559,0.9994155810048746,0.001699764013947721,0.004557557110132615,0.004679949953746511,58.73989879580955,0.07987885742948242,-0.20000000000000018,0.0,1
2022-03-29,0.0010883301611175344,0.9999991604430536,0.0017680128665989235,0.004628415210065295,0.015090914374542413,57.400613426737586,0.07987885742948242,-0.20000000000000018,0.0,1
2022-03-30,0.008884330857017897,1.001309640098991,0.004601617137541084,0.011135793563172403,0.007297964647937854,51.55685016169752,0.07987885742948242,-0.20000000000000018,0.0,1
2022-03-31,0.006339906610299595,1.0039110784352143,0.00466340054799782,0.012691049835570123,0.009770243717282912,62.782838066191324,0.07322323475318471,-0.20000000000000018,0.0,0
2022-04-01,-0.008016361027705643,1.0050268552060082,0.006786235788580225,-0.0024470110518248767,0.004126325463355687,61.96861092352879,0.07322323475318471,-0.3999999999999999,0.0,0
2022-04-04,-0.0022647094954257874,1.0054261055226676,0.006753246902468454,0.00037555379071307904,0.006891128776411084,58.673694416078256,0.07322323475318471,-0.19999999999999973,0.0,0
2022-04-05,-0.00646478327922817,1.0045954251341354,0.007580353939998985,-0.0037537678883400316,0.00638705138205639,50.50369946147665,0.07322323475318471,-0.19999999999999973,0.0,0
2022-04-06,-0.006325795120395661,1.0011988656625541,0.005818166284213235,-0.011179137809779971,0.005660522338066357,41.27625710947192,0.07322323475318471,-0.19999999999999973,0.0,0
2022-04-07,-0.0007518871777932867,0.9972091154028291,0.003092459370755242,-0.009819275040104491,0.006226140602268625,33.02100616408741,0.07322323475318471,-0.19999999999999973,0.0,0
2022-04-08,-0.0030639568589273525,0.9941128588673356,0.002533143192533246,-0.013146548363792587,0.005062601429501073,34.35352799886179,0.07322323475318471,-0.19999999999999973,0.0,1
2022-04-11,0.0018505415077689769,0.9913744646171542,0.003593033961376188,-0.008827675413182301,0.005341062353280681,38.27257834381441,0.07322323475318471,-0.19999999999999973,0.0,0
2022-04-12,-0.000641882475600819,0.989888035341573,0.003075944573160499,-0.010540749903711677,0.0047862520649102356,36.41023232579835,0.08653929673367511,-0.19999999999999973,0.0,0
2022-04-13,-0.00476345777917464,0.9890719364698691,0.0025305601134364484,-0.02392576372186528,0.005863266571067056,34.64885728796344,0.08653929673367511,-0.19999999999999973,0.0,1
2022-04-14,0.006505222026846003,0.9896061709964836,0.004422392290255365,-0.02376542016608374,0.015054856272027158,41.35964840324983,0.08653929673367511,-0.19999999999999973,0.0,0
2022-04-15,-0.006936226472684548,0.9900629748184508,0.005333358999705053,-0.0227024341831924,0.0022789808823171376,38.537330214909666,0.08653929673367511,-0.19999999999999973,0.0,0
2022-04-18,-0.000529893075068677,0.9898204672583784,0.005140687804493728,-0.021003153942341646,0.002976469642908515,37.16367088629287,0.08653929673367511,-0.19999999999999973,0.0,0
2022-04-19,-0.0030944085600286275,0.9891278105884437,0.005182222330144779,-0.017682097814085473,0.0046514872873536705,25.47410432277418,0.08653929673367511,-0.19999999999999973,0.0,1
2022-04-20,0.0011765266514078832,0.9896125843805076,0.005000301067610883,-0.010265517059335205,0.007632859417828264,17.988473748067875,0.08653929673367511,-0.19999999999999973,0.0,1
2022-04-21,0.005132047716967181,0.9894662336903379,0.004529726683201519,-0.004437601863904406,0.010167080681261207,29.38853401892443,0.08653929673367511,-0.19999999999999973,0.0,0
2022-04-22,-0.00135438752007766,0.9905163176351288,0.00312485705099278,-0.0027303880837679095,0.007511108783563445,29.96486802990721,0.08653929673367511,-0.19999999999999973,0.0,0
2022-04-25,-0.002227037703191659,0.9912146867206996,0.003319057835345608,-0.006789322694066513,0.01034837283473015,32.90435539552689,0.08653929673367511,-0.19999999999999973,0.0,0
2022-04-26,-0.00895714415828408,0.99124617945354,0.005171654839509902,-0.015053433970104835,0.00879131883134006,31.134333736583358,0.08653929673367511,-0.19999999999999973,0.0,0
2022-04-27,-0.006588426666132574,0.9905130615280016,0.005422131912508811,-0.016859534090092,0.013130066982023327,27.73750930274737,0.08653929673367511,-0.19999999999999973,0.0,0
2022-04-28,-0.008317396565946322,0.9878473137966226,0.003499000155124019,-0.03133806418651519,0.008467795081075728,25.298318464943307,0.08653929673367511,-0.19999999999999973,0.0,0
2022-04-29,-0.004821411811928078,0.9843215173220965,0.0027349338572082256,-0.029275215336537763,0.008092094444538386,21.057610752267237,0.0782364933741082,-0.19999999999999973,0.0,1
2022-05-02,0.0030238676157681166,0.9815548791367886,0.004835139586505403,-0.025823662801393144,0.006047379740327451,24.946904756914606,0.0782364933741082,0.0,0.0,0
2022-05-03,-0.002553798236022531,0.979871811650112,0.0043968863509945885,-0.025295378287980674,0.007922172839013222,25.89185367799007,0.0782364933741082,0.0,0.0,1
2022-05-04,0.0018530708557986664,0.9794528545144126,0.004693849550396041,-0.02463672245131454,0.005683441287694154,19.667805029493948,0.0782364933741082,0.0,0.0,1
2022-05-05,0.008922921299691522,0.9819665971866596,0.005331717452000098,-0.0209581223202997,0.01274220663062044,34.12018927264302,0.0782364933741082,0.0,0.49999999999999994,0
2022-05-06,-0.007788880434709378,0.9841191452273315,0.0062648682168685845,-0.02726630406799102,0.010722992747168852,30.377743590788526,0.0782364933741082,0.0,0.0,0
2022-05-09,-0.0007161781962646829,0.9856708714582173,0.006138767154188994,-0.025793359813394257,0.00717529048811647,31.542237330211435,0.0782364933741082,0.0,0.0,1
2022-05-10,0.0031908163887828245,0.988172945308697,0.006091944118176294,-0.01385177347339095,0.00553736931688817,33.59693258038807,0.0782364933741082,0.0,0.0,0
2022-05-11,-0.003107217974838483,0.9896137443697945,0.0063360854295471565,-0.010396017702831828,0.006509166116436355,26.50765736706758,0.0818155243748877,0.0,0.0,0
2022-05-12,-0.0019448387415861301,0.9893326217953402,0.003978254935143335,-0.00403681710924686,0.014858519182945873,26.282042295479556,0.0818155243748877,0.0,0.0,0
2022-05-13,-0.012642271766999169,0.9883732042239318,0.005865804774924266,-0.011863842998115048,0.00649487126715167,22.658997788172172,0.0818155243748877,0.0,0.0,1
2022-05-16,0.0020281326891944396,0.9878243615015712,0.006253635939885715,-0.012844798402572133,0.004484288999382556,28.017976912136078,0.0818155243748877,0.0,0.0,1
2022-05-17,0.0036849476364928524,0.9870278572302235,0.006368797698738072,-0.006670419846007691,0.01162292349300255,34.973339541853235,0.0818155243748877,0.0,0.0,1
2022-05-18,0.010431853616484466,0.9884599352557111,0.008509403644730535,0.0018353769876786608,0.006799023031056207,49.48414708351888,0.0818155243748877,0.0,0.0,0
2022-05-19,-0.007121462112616772,0.9894723573732982,0.009143834625296323,-0.014096296844945067,0.012603624903829418,47.83198722456248,0.0818155243748877,0.0,0.0,1
2022-05-20,0.010145163935909807,0.9944556916255068,0.007187975821650547,0.0037237420650069186,0.005460037515080066,52.68866870297251,0.0818155243748877,0.0,0.0,0
2022-05-23,-0.000866660100889094,0.9988064298230744,0.007480399213283396,0.003572591553883786,0.011501468374542821,53.88331022292654,0.0818155243748877,0.0,0.0,1
2022-05-24,0.010617928594331527,1.003574862478474,0.008189067647403027,0.01100253022767994,0.007894538315534232,58.77146737612709,0.0818155243748877,0.0,0.0,1
2022-05-25,0.005099795195760315,1.006713422899225,0.007570296293508988,0.01932570322150129,0.008611050969027752,56.824115154714185,0.0818155243748877,0.0,0.0,0
2022-05-26,-0.004648668454274474,1.010142399571275,0.0067310707774763555,0.016564249516074714,0.006006415023031749,59.147680615592044,0.0818155243748877,0.0,0.0,1
2022-05-27,0.004336175406728371,1.0119651423310168,0.005865959995999773,0.03404492740573595,0.006244936665417517,61.927580799832285,0.0818155243748877,0.0,0.0,0
2022-05-30,-0.00013950201778112348,1.0140887336860462,0.005756991843446496,0.031808032452296464,0.00537968616109088,60.23241703704359,0.07489080286426053,0.0,0.0,1
2022-05-31,0.003921486730240842,1.0145507905075002,0.00409668860552906,0.03205119933199585,0.008610899031811895,64.69175888177053,0.07489080286426053,0.0,0.0,0
2022-06-01,-0.0036603042876901526,1.013520227336952,0.004159344904283929,0.01765752358422068,0.009772867103044949,63.22833771645207,0.07489080286426053,0.0,0.0,0
2022-06-02,-0.0074472314707665355,1.0127557830514087,0.005031693225482132,0.017323624093372736,0.008712749914348328,67.49576160469596,0.07489080286426053,0.0,0.0,1
2022-06-03,0.0090954131655403,1.012088091958551,0.006448966221680627,0.016266413410953806,0.005467669166929733,70.36077118928159,0.07489080286426053,0.0,0.0,0
2022-06-06,-0.0023275099568660362,1.0110615688608284,0.006564031084231228,0.014780512996685147,0.006213393260025384,66.9420138756984,0.07489080286426053,0.0,0.0,0
2022-06-07,-0.0032288394982695756,1.0089163267808468,0.006244437084037214,0.0008767121330888195,0.005249755591949163,59.285733011947116,0.07489080286426053,0.0,0.0,1
2022-06-08,0.00067401764019559,1.0074618810500193,0.006172375124603239,-0.003530469829955196,0.0070127502422656345,66.0177793106713,0.07489080286426053,0.0,0.0,1
2022-06-09,0.001779121710889564,1.0076840286726019,0.004873590106179312,0.0029045414498969357,0.011469620560094854,61.221190243751856,0.07489080286426053,0.0,0.0,0
2022-06-10,-0.009185684635764857,1.004073117994486,0.004290562212251766,-0.010598043817406033,0.01265756140383373,53.49186120214158,0.08535808840778847,0.0,0.0,0
2022-06-13,-0.012168340155825574,0.9992196330686216,0.006093958843589746,-0.02250106029660759,0.007486329836939902,36.73877578569088,0.08535808840778847,0.0,0.0,0
2022-06-14,-0.007134383580962855,0.9941434709756464,0.006152179709121642,-0.033265947441217136,0.008079219316690358,28.416869348849787,0.08535808840778847,0.0,0.0,1
2022-06-15,0.002443097685335127,0.9897965361690101,0.006608879412032964,-0.027343904438042688,0.011581369879029992,32.91623759556835,0.08535808840778847,0.0,0.0,1
2022-06-16,0.0014952837362545157,0.9849609354482448,0.006538512226594277,-0.01858065053200264,0.014126298268215659,29.925878784315216,0.08535808840778847,0.0,0.7500000000000001,1
2022-06-17,0.008669524471857093,0.9837500004270395,0.008266938193146202,-0.0189948585437002,0.010063925406757712,38.14332900989084,0.08535808840778847,0.0,0.0,0
2022-06-20,-0.005256267333593856,0.9841393757935814,0.006361674106268361,-0.02187468741872889,0.005607306303410391,32.18533913653533,0.08535808840778847,0.0,0.0,1
2022-06-21,0.0027985968155990193,0.9868731398144337,0.004955307485494363,-0.01596000181968038,0.006429799934711685,36.35588710255406,0.08535808840778847,0.0,0.0,1
2022-06-22,0.0011269656037542486,0.9895537230019341,0.004962831694436141,-0.01551458312650078,0.012439257239190236,41.485528731235455,0.08535808840778847,0.0,0.0,1
2022-06-23,0.0029896728110676563,0.992158161852361,0.004987328670087143,-0.01432492976012778,0.009104327210068349,35.580871468108384,0.08535808840778847,0.0,0.0,0
2022-06-24,-0.00416595669291786,0.9926495455347917,0.003929595462966856,-0.009331238595268188,0.00527076077359185,34.56841074676356,0.08535808840778847,0.0,0.0,1
2022-06-27,0.004374321239690504,0.9948342970274653,0.00333095653843229,0.007258934144912077,0.005998974447496281,40.769542908235586,0.08535808840778847,0.0,0.0,1
2022-06-28,0.0013967370732717033,0.9968752412180663,0.003244275308565769,0.015913728263212246,0.009381927118335673,41.42141874331142,0.08535808840778847,0.0,0.0,0
2022-06-29,-0.005419735136569348,0.9976957479272647,0.00437653734023273,0.007945236260767707,0.006487580696867506,36.60377855222412,0.08535808840778847,0.0,0.0,0
2022-06-30,-0.007312588994527469,0.9964508924046707,0.004912362632137089,-0.0009193620101923816,0.009082603732228597,37.72296787431216,0.075625228337042,0.0,0.0,1
2022-07-01,0.0029757272313561955,0.9969374334878149,0.005234765909364762,-0.006559031338561172,0.010307859101160693,48.982451576283616,0.075625228337042,0.0,0.0,0
2022-07-04,-0.004173591269306276,0.9958102425664375,0.004462474049501967,-0.005477773198668934,0.0043566333776247825,51.63837863781142,0.075625228337042,0.0,0.0,0
2022-07-05,-7.300662772213862e-05,0.9942249039598483,0.00418057234288977,-0.008325676516454772,0.020248535447534168,49.32554337560493,0.075625228337042,0.0,0.0,0
2022-07-06,-0.01682257214386984,0.9912487737996106,0.007642950142763157,-0.026105734705160977,0.010890832515956284,35.99864139573047,0.075625228337042,0.0,0.0,0
2022-07-07,-0.0069472013164806334,0.9887947440991939,0.007617987178785073,-0.03575435322049736,0.006468124387871664,23.865097914476962,0.075625228337042,0.0,0.0,0
2022-07-08,-0.0016271539983530037,0.9850300111769035,0.006625455545649205,-0.03329608272581075,0.010949262326433111,25.29036536573213,0.075625228337042,0.0,0.0,0
2022-07-11,-0.00036595613894940815,0.981425785044139,0.007080797605453053,-0.03785856965323575,0.011162113308524728,21.630533454370706,0.075625228337042,0.0,0.0,0
2022-07-12,-0.011665164743481893,0.9757536905076369,0.006891088478330206,-0.05040843768431236,0.007239743844527035,16.855625600677655,0.075625228337042,0.0,0.0,0
2022-07-13,-0.001434779126710306,0.9733461829150291,0.00479648957174673,-0.04660373660904937,0.011694811380947301,12.852587196114527,0.08984762769345456,0.0,0.0,0
2022-07-14,-4.0159774116754754e-05,0.9723699001134196,0.004876345829626449,-0.03961915438543484,0.009531259579916644,13.687680732093753,0.08984762769345456,0.0,0.0,0
2022-07-15,-0.0007017548862624512,0.9720322662285708,0.00495959314666532,-0.04314045932827737,0.008711628750919426,7.252055946640624,0.08984762769345456,0.0,0.0,1
2022-07-18,0.007047208975643482,0.9725398069275006,0.006690635885220248,-0.03235873103284381,0.011539298033415803,14.786574009102893,0.08984762769345456,0.0,0.0,1
2022-07-19,0.004839300418470804,0.9762049539317789,0.0037675769047359623,-0.027605032957643605,0.014050586623976898,22.161000596428437,0.08984762769345456,0.0,0.0,1
2022-07-20,0.008491970757633638,0.9814833381208904,0.0041403708198536615,-0.0025681134627810742,0.00937855877349009,34.37335576417158,0.08984762769345456,0.0,0.0,0
2022-07-21,-0.00474514783408686,0.9862245205383248,0.005559092488996219,-0.0003563495343055223,0.011024667007572991,29.121660969743004,0.08984762769345456,0.0,0.0,1
2022-07-22,0.0037613253014305847,0.9914695292486594,0.0051630658864975304,0.0050389886294543995,0.011855636737066957,34.81256942424443,0.08984762769345456,0.0,0.0,0
2022-07-25,-0.002039989199988601,0.9952687553241238,0.005364447869529142,0.0033559041997759387,0.007431712739234184,33.84243695047154,0.08984762769345456,0.0,0.0,1
2022-07-26,0.0024232829634851516,0.9985608104055087,0.005156463135345572,0.01765847321134606,0.013209620872933458,47.12991947338816,0.08984762769345456,0.0,0.0,0
2022-07-27,-0.009329266323505392,0.9984938505207825,0.00533884107897314,0.009613038001364371,0.006363912066542635,45.216142259884286,0.08984762769345456,0.0,-0.5,1
2022-07-28,0.007871334021945176,1.0001759218385309,0.0065523063982728695,0.01760090607891307,0.011498014869852014,53.000912142374,0.08984762769345456,0.0,0.75,0
2022-07-29,-0.0016614562011467715,1.0010127090806566,0.006330287503365082,0.01662362734119216,0.010322054703275869,51.95447208811212,0.0847079132462858,0.0,-0.010000000000000231,1
2022-08-01,0.0015618813922195773,1.0022811664178684,0.006322883170816784,0.011086137563838694,0.006650357531600847,64.14940285036627,0.0847079132462858,0.0,0.010000000000000231,1
2022-08-02,0.005202551026187496,1.0038452330463814,0.006682108345466461,0.01145164641064711,0.01066468398032029,68.81239093867413,0.0847079132462858,0.0,0.0,0
2022-08-03,-0.010297809557554993,1.004863824641991,0.007050469792160849,-0.007393277283900934,0.008312979328594865,58.63742314029659,0.0847079132462858,0.0,0.0,1
2022-08-04,0.0001928583032602127,1.003988970013453,0.0057737460224352374,-0.002468409971697283,0.007529881698435989,59.33610938240498,0.0847079132462858,0.0,0.0,1
2022-08-05,0.008874700426048987,1.0046957050068965,0.007214966409308147,0.002613229547478335,0.010286895634266666,60.427454655569434,0.0847079132462858,-0.10000000000000009,0.0,0
2022-08-08,-0.00750610337660651,1.0039363235412284,0.008150965521951813,-0.002878371647343947,0.006075519708577587,51.70293021249295,0.0847079132462858,-0.10000000000000009,0.0,1
2022-08-09,0.0026309358534308824,1.0019414596355265,0.00775645808950364,-0.0026718169999472297,0.005661886899735247,47.57546338066339,0.0847079132462858,-0.10000000000000009,0.0,1
2022-08-10,0.0010310493136156396,1.0021107608830144,0.005866581412050072,0.007758121443203869,0.01627134771391856,51.93034919759314,0.08449855838980413,-0.10000000000000009,0.0,1
2022-08-11,0.00907498261166495,1.0036021976710614,0.006812648150355185,0.008961634828998033,0.0086969875787575,55.60255684008354,0.08449855838980413,-0.10000000000000009,0.0,1
2022-08-12,0.0015475198656440536,1.0035219265706556,0.005913698135105427,0.012204756872705058,0.00850768317927688,58.245732463653155,0.08449855838980413,-0.10000000000000009,0.0,0
2022-08-15,-0.00584623010886498,1.0044106813959768,0.005307367090358795,0.004717924715696542,0.008276671664516429,52.12004852068154,0.08449855838980413,-0.10000000000000009,0.0,0
2022-08-16,-0.00920673663656335,1.0036298584298944,0.007114147724744256,-0.009684415969144489,0.006987164507710023,52.187797112966884,0.08449855838980413,-0.10000000000000009,0.0,1
2022-08-17,0.0008543621622787434,1.003193782872568,0.007103956055738644,0.0014746675982086899,0.004894294513999497,47.11719646622361,0.08449855838980413,-0.10000000000000009,0.0,1
2022-08-18,0.0009366167938638092,1.0008439289700248,0.004886170732062648,0.0022193792615314845,0.007908768417667847,49.083878675776,0.08449855838980413,-0.10000000000000009,0.0,0
2022-08-19,-0.008869099630645416,0.9970407594045109,0.005031240251774222,-0.015407368907543573,0.007533770588025409,41.96986830121345,0.08449855838980413,-0.10000000000000009,0.0,0
2022-08-22,-0.005418936765523519,0.9935080919086808,0.005004649180541046,-0.013336818275317075,0.012008271170075727,34.68895891313191,0.08449855838980413,-0.10000000000000009,0.0,0
2022-08-23,-0.009541994707629509,0.9905294234282459,0.005087698122356896,-0.02531588451873612,0.011659568496839105,35.16097468387569,0.08449855838980413,-0.10000000000000009,0.0,1
2022-08-24,0.002760910212849188,0.9873149708265848,0.005623873196152356,-0.023631553206904132,0.008650555864535305,37.35227950022844,0.08449855838980413,-0.10000000000000009,0.0,1
2022-08-25,0.0002192958849878135,0.9843264557051319,0.005472731088319112,-0.032200205927075176,0.007403544567960751,29.07913752757308,0.08449855838980413,-0.10000000000000009,0.0,1
2022-08-26,0.00021942717310774462,0.9830607825983928,0.005011680750052602,-0.03348354776443374,0.01413990536335116,33.12408086660356,0.08449855838980413,-0.10000000000000009,0.0,0
2022-08-29,-0.003269883377028826,0.9824629437335408,0.004769214149126643,-0.03097882306449551,0.01168820225814103,28.318982424586622,0.08449855838980413,-0.10000000000000009,0.0,1
2022-08-30,0.00758057217874053,0.9851362313127676,0.004018553486714214,-0.014560405270087728,0.006874817865122099,35.33824567469064,0.08449855838980413,-0.10000000000000009,0.0,1
2022-08-31,0.0011028088293274507,0.9869219995075628,0.003956638116542195,-0.01431578508143272,0.010544991742801588,26.248077077116136,0.08449855838980413,-0.10000000000000009,0.0,1
2022-09-01,0.0013954237236539768,0.9888847500680404,0.003920753059607338,-0.013863969511094143,0.012792044331995031,25.999274603711072,0.08153121474513947,-0.10000000000000009,0.0,0
2022-09-02,-0.008638561886686547,0.9899563558891799,0.006026521407783302,-0.013634593577379617,0.008246454188797823,24.864137262997744,0.08153121474513947,0.10000000000000009,0.0,0
2022-09-05,-0.004310653313479351,0.9906596577596352,0.0061682068189895115,-0.012535465011577318,0.006325735277178506,27.179454588345294,0.08153121474513947,0.20000000000000018,0.0,1
2022-09-06,0.0043193306859965475,0.9906395548882228,0.005184280677250551,0.001283967171314293,0.012075471200907033,31.408867834745493,0.08153121474513947,0.20000000000000018,0.0,0
2022-09-07,-0.005453890685378271,0.989639217892577,0.005276276607976789,-0.006918734339211974,0.007818736918513884,27.67880123202937,0.08153121474513947,0.20000000000000018,0.0,1
2022-09-08,0.009875823850971521,0.9902793175599879,0.007674609932549993,0.002668880150731523,0.009568035310663294,42.63706815181041,0.08153121474513947,0.20000000000000018,0.0,1
2022-09-09,0.0016320209803157848,0.9929753381689985,0.006321146300355886,0.004084933280977365,0.01028136898065138,48.07016743916799,0.08153121474513947,0.20000000000000018,0.0,1
2022-09-12,0.00593199865645655,0.9971273545323385,0.005714304081243751,0.013354715495400571,0.013114504951643532,61.67693921087448,0.08153121474513947,0.20000000000000018,0.0,1
2022-09-13,0.005773918897869379,1.0008307498424822,0.005817741223216862,0.011537708824184811,0.01891962248194689,63.652692333863,0.08280954683310626,0.20000000000000018,0.0,0
2022-09-14,-0.014563821472942773,1.0034553745587995,0.009563769354341719,-0.004292221110269723,0.005922408406675507,50.8729523526076,0.08280954683310626,0.20000000000000018,-0.75,1
2022-09-15,0.00019961698379278303,1.0042065219960117,0.008413149506184426,-0.005481236003608392,0.0060545962592568605,50.86002696987935,0.08280954683310626,0.20000000000000018,0.0,1
2022-09-16,0.00042948189641878187,1.004242599588101,0.008364544677608547,0.00361568803269674,0.008993645811881635,53.48321844465266,0.08280954683310626,0.20000000000000018,0.0,1
2022-09-19,0.0034075863686757746,1.003325008632877,0.007949219566166127,0.011395369973439706,0.006113158524511155,50.620569737723144,0.08280954683310626,0.20000000000000018,0.0,1
2022-09-20,0.0007222246803870735,1.000871681758489,0.0071630159990122046,0.0077729201726457475,0.009289198172255115,50.33902604141549,0.08280954683310626,0.20000000000000018,0.0,0
2022-09-21,-0.005862889656867543,1.0006271620730096,0.0034090789030660445,0.007358481783128257,0.010524024040360106,45.20731264363583,0.08280954683310626,0.20000000000000018,0.0,0
2022-09-22,-0.014048072829345282,0.9982499232008297,0.007016138215890463,-0.016505779217120042,0.009678774947473818,42.05700253199249,0.08280954683310626,0.20000000000000018,0.75,1
2022-09-23,0.0011022116201444554,0.995957459523595,0.007105907653520648,-0.017025994658450783,0.015067061012821337,45.37290533550794,0.08280954683310626,0.20000000000000018,0.0,0
2022-09-26,-0.015406887200598907,0.9905297141277859,0.007849661289680739,-0.03787787145375254,0.012133978282453588,34.42913895662585,0.08280954683310626,0.20000000000000018,0.0,0
2022-09-27,-0.0068329364477182075,0.9843125464662009,0.0067082187572537425,-0.04993757420749134,0.007847622091291232,33.94821950019711,0.08280954683310626,0.20000000000000018,0.0,0
2022-09-28,-0.0028596715824626973,0.9788912382364255,0.007094228404400306,-0.038653562843701916,0.015224595580375283,24.521131054427798,0.08280954683310626,0.20000000000000018,0.0,1
2022-09-29,0.011669258220226908,0.9780522535334443,0.009990361994575946,-0.0276294647028148,0.015352651493988375,32.729723100440296,0.08280954683310626,0.20000000000000018,0.0,1
2022-09-30,0.012503246332641771,0.9784162705486474,0.012088939254456251,-0.015894331941985307,0.011590504496382265,37.15832156004882,0.07836199286490753,0.20000000000000018,0.0,0
2022-10-03,-0.0037506538312601645,0.9810698998347545,0.00919801028400678,-0.022914873594028884,0.009255843410032195,31.699413070973534,0.07836199286490753,0.0,0.0,1
2022-10-04,0.004021387262654885,0.9858786760029056,0.007709561754383124,-0.01969363736160812,0.017639141500268497,40.768414517627484,0.07836199286490753,0.0,0.0,1
2022-10-05,0.015485641697837949,0.9932928726211685,0.0078051862278152,0.0013578865200216672,0.01589996535712045,50.01554370133305,0.07836199286490753,0.0,0.0,0
2022-10-06,-0.0073440755512070854,0.9978191952295693,0.009909826699800384,0.008166636886722367,0.01382441808486064,46.252458645069886,0.07836199286490753,0.0,0.0,0
2022-10-07,-0.012304863326973892,0.9981250660197579,0.010866907968247151,-0.00533504706026422,0.008616785927158458,39.57954964754818,0.07836199286490753,-0.20000000000000018,0.0,0
2022-10-10,-0.005519721288538171,0.9986576321408327,0.011015651036451168,0.004653259062115556,0.007167977303854288,37.37080511101446,0.07836199286490753,-0.20000000000000018,0.0,0
2022-10-11,-0.0025634555979036078,0.9983065654425937,0.010632422210896107,0.008972117396913504,0.008662081289819703,38.48780772807972,0.07836199286490753,-0.20000000000000018,0.0,0
2022-10-12,-0.0010184906511189196,0.9939557346985349,0.004418755035491762,0.010835145267581447,0.006529668067474486,43.48708609980469,0.07836199286490753,-0.20000000000000018,0.0,1
2022-10-13,0.000805816280401439,0.9912165370543644,0.005129743268669787,-1.9339854036237725e-05,0.016391979146936308,43.31633836978393,0.08252413018260896,-0.20000000000000018,0.0,1
2022-10-14,0.0044659963486877174,0.9916453452179445,0.0037328560262964963,-0.007957185558554736,0.009673879650861361,53.44681209771136,0.08252413018260896,-0.20000000000000018,0.0,0
2022-10-17,-0.0012270756894514623,0.9931678113564983,0.0027233238320138525,-0.0054442628932697135,0.012584976498411043,56.91195045169232,0.08252413018260896,-0.20000000000000018,0.0,1
2022-10-18,0.010988583263886964,0.996886282308086,0.005113789541257035,0.0014572482124490804,0.005993639521554874,63.65472167754645,0.08252413018260896,-0.20000000000000018,0.0,1
2022-10-19,0.001775476176293811,1.0007813332855156,0.004730072110026629,-0.01206351867184341,0.010827524971233637,59.47481429897864,0.08252413018260896,-0.20000000000000018,0.0,0
2022-10-20,-0.009873983931927066,1.0023076750418036,0.007670312181029838,-0.014581398958629532,0.009175219534856527,46.04655854563388,0.08252413018260896,-0.20000000000000018,0.0,1
2022-10-21,0.0012713727108562,1.0031934065851855,0.007463190192151327,-0.0010364547475344432,0.015303477554405873,49.10837481711932,0.08252413018260896,-0.20000000000000018,0.0,1
2022-10-24,0.00830219127795706,1.0047898095801606,0.008075752955158923,0.012847769077885207,0.008185411630264122,51.71873137477303,0.08252413018260896,-0.20000000000000018,0.0,1
2022-10-25,0.0026792235915789053,1.0042605539923917,0.006612814714768174,0.018171452023792778,0.012455747944148358,42.90342304103308,0.08252413018260896,-0.20000000000000018,0.0,1
2022-10-26,0.0078114524802854746,1.0044150491846544,0.007339398684244532,0.027171014012932426,0.01364303619321112,53.803989825068925,0.08252413018260896,-0.20000000000000018,0.0,1
2022-10-27,0.012867329366482494,1.00907749828904,0.004674674040226909,0.03955027522986465,0.011735726070199962,71.6546398386158,0.08252413018260896,-0.20000000000000018,0.0,0
2022-10-28,-0.012300296335898242,1.0122100907269953,0.009734317070932787,0.022198364624425704,0.0067744809605817064,65.12670038320348,0.07240788655844832,-0.20000000000000018,0.0,0
2022-10-31,-0.0012842637772675358,1.0133042282764757,0.009586550091490348,0.02213983523459273,0.009500876047339547,66.17190107101706,0.07240788655844832,-0.20000000000000018,0.0,0
2022-11-01,-0.006900545530541979,1.0130211202180697,0.010333726394705811,0.004053388502033295,0.009053643234076541,61.40391622426376,0.07240788655844832,-0.20000000000000018,0.0,0
2022-11-02,-0.0008494874618303339,1.0118244766576554,0.009387691874837872,0.001422456024415375,0.004654490826967421,60.40309355621029,0.07240788655844832,-0.20000000000000018,-0.75,0
2022-11-03,-0.006428526689766123,1.0066774381237464,0.00470248796422549,0.004907222809227063,0.011044011950555106,53.768233618233616,0.07240788655844832,-0.20000000000000018,0.75,0
2022-11-04,-0.0066003896793398464,1.0024414628096034,0.0030627812334340903,-0.0029931237878492167,0.019456672351229568,50.57637447524665,0.07240788655844832,0.0,0.0,1
2022-11-07,0.018378184728221614,1.0009223143901411,0.010837841074527111,0.0069699952467825455,0.008616214165392988,54.284276567422786,0.07240788655844832,0.20000000000000018,0.0,1
2022-11-08,0.009046823766432288,1.0020404497193833,0.010822584289929068,0.013364844334048831,0.011790239212587933,57.48219923713486,0.07240788655844832,0.20000000000000018,0.0,1
2022-11-09,0.006209722711393306,1.0042187696942393,0.010702038691520586,0.01175428847667681,0.007565369207897235,65.7342941066616,0.07240788655844832,0.20000000000000018,0.0,0
2022-11-10,-0.006081764073436191,1.0067846299072376,0.010617370767931608,-0.007173981786097405,0.02447216525215116,61.48225380665617,0.07710932192364961,0.20000000000000018,0.0,1
2022-11-11,0.017234983280186356,1.013474398009525,0.009886907413282844,0.022514590508993404,0.016891040763484026,64.57552008813785,0.07710932192364961,0.20000000000000018,0.0,1
2022-11-14,0.013375543780961063,1.0185119084650478,0.008899005294261957,0.037523733329788866,0.007422828860357491,67.69208968924801,0.07710932192364961,0.20000000000000018,0.0,0
2022-11-15,-0.0008978306983770112,1.0221283436071646,0.009672273418003788,0.04379496736858801,0.01566302444492758,65.04862157715247,0.07710932192364961,0.20000000000000018,0.0,1
2022-11-16,0.003739182328805546,1.0251464316648036,0.00971983312560735,0.048588669993245404,0.009738737405346604,62.17937518426714,0.07710932192364961,0.20000000000000018,0.0,1
2022-11-17,0.0035863385602117326,1.0294240953570224,0.00757022657167597,0.05915809002464867,0.0092571451245171,71.25999620322251,0.07710932192364961,0.20000000000000018,0.0,0
2022-11-18,-0.003201732300133653,1.029812228471706,0.0063577452435597485,0.06278172287190364,0.006548859371232188,69.83641288580647,0.07710932192364961,0.20000000000000018,0.0,0
2022-11-21,-0.0029753632285509646,1.0274529373398165,0.0034183594473834013,0.04049711306068393,0.01028053171256652,72.51469084332142,0.07710932192364961,0.20000000000000018,0.0,0
2022-11-22,-0.008247803589722214,1.0241669416747814,0.005096401049414225,0.022663441310576626,0.004567810265594798,67.28064937843703,0.07710932192364961,0.20000000000000018,0.0,1
2022-11-23,0.00638264774293118,1.0214826123627367,0.0058472028525080695,0.02283919404268553,0.008139714755630514,73.29545835765518,0.07710932192364961,0.20000000000000018,0.0,1
2022-11-24,0.010197505863299927,1.0202663098033184,0.007598164807686761,0.03959215695232765,0.006197347835889477,80.12469272611398,0.07710932192364961,0.20000000000000018,0.0,0
2022-11-25,-0.000780633960381194,1.0189671471077182,0.00738287133807747,0.02118058568925929,0.007004507757404149,75.62076634358651,0.07710932192364961,0.20000000000000018,0.0,0
2022-11-28,-0.003898316208238106,1.0176209407850152,0.007514824925552223,0.00377368203035533,0.014879762508835031,69.6868513065015,0.07710932192364961,0.20000000000000018,0.0,0
2022-11-29,-0.002120752501491019,1.017287752942782,0.00603944790009171,0.0025450421986503713,0.0066394199253347564,65.64601163791949,0.0687822719449227,0.20000000000000018,0.0,0
2022-11-30,-0.002033884087158655,1.01532678662993,0.005658127010295787,-0.0032211560483684787,0.009906223638460016,68.92725341004265,0.0687822719449227,0.20000000000000018,0.0,1
2022-12-01,0.009768476834405293,1.0124778400122785,0.005470120429778604,0.0029190477441027873,0.012803957636802163,65.88545685827589,0.0687822719449227,0.20000000000000018,0.0,1
2022-12-02,0.009886202162251445,1.0109842877639499,0.006893316828753679,0.016087347883950942,0.010544753778357495,64.26576770511247,0.0687822719449227,0.20000000000000018,0.0,1
2022-12-05,0.001497302952485846,1.0113938203072157,0.006046783748004658,0.020645529648221306,0.009645901280527624,65.90545047429885,0.0687822719449227,0.0,0.0,0
2022-12-06,-0.0044822536852026085,1.0119827582146907,0.006648077628416994,0.024520783658876555,0.005245610165876664,59.71510616892419,0.0687822719449227,0.0,0.0,0
2022-12-07,-0.0026591461795627547,1.0128767846108313,0.006769498198221756,0.0153160285729943,0.009784283679777017,55.23743794484812,0.0687822719449227,0.0,0.0,1
2022-12-08,0.004226465299703053,1.012161929303993,0.005715335452225032,0.009314733621965221,0.006799173617442024,60.56070293910431,0.0687822719449227,0.0,0.0,1
2022-12-09,0.004413799046621314,1.0109749714205507,0.0040296649900856945,0.014561647307755443,0.0064767941968502,65.60467083008066,0.0687822719449227,0.0,0.0,0
2022-12-12,-0.003545912740065993,1.0096127938748685,0.004365824758907631,0.014920581590272208,0.006856035046488622,70.17760558651248,0.0687822719449227,0.0,0.0,1
2022-12-13,0.0018552850472817184,1.0093953111056584,0.0037666167651883497,0.018964520124459705,0.01324587936382145,68.03789443851943,0.06981138841078605,0.0,0.0,1
2022-12-14,0.00805502444178785,1.0111164250707307,0.00427830745041299,0.029265711391233573,0.004681139245859707,66.99335141973086,0.06981138841078605,0.0,0.0,1
2022-12-15,0.00467631552644221,1.0128765486963893,0.004315094535773152,0.024075227481901607,0.011071945425447541,70.3004561332602,0.06981138841078605,0.0,0.5,0
2022-12-16,-0.0033518427765883985,1.0130732933116429,0.005054157511206433,0.010651186383872968,0.006001378004582145,70.81371193023716,0.06981138841078605,0.0,0.0,0
2022-12-19,-0.005218380116402188,1.0130437564963766,0.0055095451356158565,0.003874120643465595,0.00772836274100947,67.36878870979456,0.06981138841078605,0.0,0.0,1
2022-12-20,0.0027916391825502096,1.0126515822659679,0.005552989557624898,0.011209070556011946,0.007052659324704332,70.78136021958089,0.06981138841078605,0.0,0.0,1
2022-12-21,0.0011690042821561608,1.0111363826436195,0.004168129002830628,0.015090452187492165,0.004372730119956458,66.5413614715863,0.06981138841078605,0.0,-0.5,0
2022-12-22,-0.0015915521649506603,1.0089452444386504,0.0032583889064191703,0.009209493874700048,0.006920940454227797,57.801573526129005,0.06981138841078605,0.0,0.0,0
2022-12-23,-0.0006361526137086404,1.0073029652663124,0.0030372429695901286,0.004135430611082347,0.004076464256652094,55.74965465451545,0.06981138841078605,0.0,0.0,1
2022-12-26,0.006080575010922296,1.0074386000576212,0.0030356524003841306,0.01383612585303906,0.002644711253560951,66.07399566261711,0.06981138841078605,0.0,0.0,0
2022-12-27,-0.0025855972022179596,1.0065185788742672,0.0034196460116712206,0.009342136628847086,0.00531523421504168,66.11506819803687,0.06981138841078605,0.0,0.0,0
2022-12-28,-0.0002871494728964308,1.0052231960163531,0.0034090599943230123,0.0009893111986685188,0.0056769495630555385,62.643166447720525,0.06981138841078605,0.0,0.0,0
2022-12-29,-0.0007441358397561881,1.0046173550236546,0.0033178158503362433,-0.0044112479621133405,0.005443751120119168,57.70591434470159,0.06981138841078605,0.0,0.0,1
2022-12-30,0.002963731578736084,1.0050740101202023,0.003434647608439351,0.0018976131392176576,0.005508958627235407,65.54509216404932,0.06480199291914102,0.0,0.0,1
2023-01-02,0.004594488939143604,1.0050802809633426,0.0029200903364372676,0.011780676806949497,0.005519827746645806,67.68171803403747,0.06480199291914102,0.0,0.0,0
2023-01-03,-0.0029897675594858786,1.0049307191184105,0.0030399681544150737,0.005947445457791023,0.015084319551069786,56.04762079569425,0.06480199291914102,0.0,0.0,0
2023-01-04,-0.012255395598315344,1.0028605573889118,0.006621245843788987,-0.0075410272264455624,0.008111248767002704,37.1362660995031,0.06480199291914102,0.0,0.0,1
2023-01-05,0.005642484981084106,1.0019898817708242,0.007416672774089188,-0.0003500974115712152,0.011037100843585173,46.75585813806207,0.06480199291914102,0.0,0.0,0
2023-01-06,-0.007933674891517195,0.9995569432460191,0.007770540916849716,-0.007649708512400322,0.013019397109398827,44.34759476453943,0.06480199291914102,-0.20000000000000018,0.0,1
2023-01-09,0.012745001629152375,0.9979206065238095,0.010145909547467111,-0.001076233324166398,0.010013790986458253,53.16094807678071,0.06480199291914102,-0.20000000000000018,0.0,1
2023-01-10,0.007212636696105612,0.9980655769330028,0.010648671882419657,0.008736828012254616,0.004069351008541317,57.32674456286612,0.06480199291914102,-0.20000000000000018,0.0,1
2023-01-11,0.0005368935499137084,1.0011498875799312,0.0077983003217053795,0.009568309316647872,0.004455690143543623,59.03025483293765,0.06480199291914102,-0.20000000000000018,0.0,1
2023-01-12,0.0025192926532231485,1.0037278802796314,0.007722585374467926,0.012865416798725882,0.009318387771426446,61.08365741688353,0.06395614435815444,-0.20000000000000018,0.0,1
2023-01-13,0.008753345079312025,1.009038193217052,0.0048959861594517215,0.018712187830150606,0.008026362454774737,62.60057762860042,0.06395614435815444,-0.20000000000000018,0.0,0
2023-01-16,-0.0032798297386377184,1.0110605516186328,0.004910990450166342,0.010727210313117519,0.006729036516107475,61.948548722987454,0.06395614435815444,-0.20000000000000018,0.0,1
2023-01-17,0.0005090112725842921,1.0118559435849834,0.0044139792123616545,0.01427412573422071,0.007578119952171559,62.46390626949062,0.06395614435815444,-0.20000000000000018,0.0,0
2023-01-18,-0.003399900781191234,1.0120859732754377,0.0050084346860070315,0.023367467498434324,0.010879732381512297,60.215350675995666,0.06395614435815444,-0.20000000000000018,0.0,1
2023-01-19,0.00042113596705495304,1.0117931651722427,0.004938866000993877,0.01805408943693254,0.004641033635184153,58.83336968844184,0.06395614435815444,-0.20000000000000018,0.0,1
2023-01-20,0.0033367572336886475,1.0102114532971163,0.002860186154133535,0.029619757199652597,0.0047964815605427745,58.134699322941565,0.06395614435815444,-0.20000000000000018,0.0,1
2023-01-23,0.0028793633886876613,1.0100367031170485,0.0026745748447243676,0.01958973381427276,0.006628383917646667,62.290008288632066,0.06395614435815444,-0.20000000000000018,0.0,1
2023-01-24,0.0008481189095626007,1.0097581546214172,0.0026712566394940986,0.013147005874397433,0.005289728654339423,75.55653560655543,0.06395614435815444,-0.20000000000000018,0.0,1
2023-01-25,0.0012739505666399253,1.0103443514480377,0.0012844390769520214,0.013893352275483606,0.005925568111461379,73.68074103312648,0.06395614435815444,-0.20000000000000018,0.0,1
2023-01-26,0.00311277903582563,1.0112784142873312,0.0011436118871950552,0.01449357204421653,0.00740804206909574,86.70080756352176,0.06420682121616728,-0.20000000000000018,0.0,0
2023-01-27,-0.0025275947466020243,1.0113057234169531,0.0022621372382495256,0.0031484389689875325,0.005759219478204845,77.16870878582776,0.06420682121616728,-0.20000000000000018,0.0,0
2023-01-30,-0.0021090037851332344,1.010665178985514,0.0023872945261234303,0.0043268160728182625,0.005558005701542101,67.9891808394155,0.057385974681928076,-0.20000000000000018,0.0,0
2023-01-31,-0.0019097249254850235,1.0094169209555353,0.0024931534102608783,0.001898850310034117,0.0059195436015513575,63.99232176921722,0.057385974681928076,-0.20000000000000018,0.0,1
2023-02-01,0.0009449341051008808,1.00744532374011,0.002440662767945856,0.006266785935141073,0.006582610594015491,62.41075296295489,0.057385974681928076,-0.20000000000000018,0.0,1
2023-02-02,0.013986332519027034,1.0072315548581128,0.007016634251425057,0.019911246496979063,0.012612778394176386,67.33513336384539,0.057385974681928076,-0.20000000000000018,0.25,0
2023-02-03,-0.009781939220090408,1.0056497446057464,0.008660774045616815,0.0065758374669349084,0.01188745110616862,57.85740713592605,0.057385974681928076,-0.30000000000000027,0.0,0
2023-02-06,-0.010477944512183313,1.0035398133305964,0.009939220091555878,-0.006830703616124478,0.0075952015630525345,46.838589554101006,0.057385974681928076,-0.10000000000000009,0.0,0
2023-02-07,-0.005569247387685716,1.001339424854968,0.0101149379663575,-0.01319883385452647,0.007127718594590439,45.146578599246986,0.057385974681928076,-0.10000000000000009,0.0,0
2023-02-08,-9.653820013244552e-05,0.9989621159687838,0.010044991748107517,-0.014549513069215925,0.0040409970325802885,44.684504354005476,0.057385974681928076,-0.10000000000000009,-0.5,0
2023-02-09,-0.0012966698660300535,0.9937142481004746,0.004742617810446759,-0.018881322670531886,0.007356149318094692,40.45834473350571,0.057385974681928076,-0.10000000000000009,-0.009999999999999787,1
2023-02-10,0.002470776201964231,0.9912498231325931,0.005093655807566555,-0.013964900854718798,0.007678036702411464,40.00077663870768,0.06050018976139726,-0.10000000000000009,0.009999999999999787,0
2023-02-13,-0.00601157126484031,0.9898325189387015,0.0036361813300432137,-0.01782110210953547,0.0063476904843032065,35.31546870603154,0.06050018976139726,-0.10000000000000009,0.0,1
2023-02-14,0.004935963763336382,0.9902820299013814,0.004132134254297104,-0.011084546169056297,0.008245005625836544,38.86407899365903,0.06598376209950585,-0.10000000000000009,0.0,1
2023-02-15,0.000493927118309756,0.9906562395451642,0.004137106036324798,-0.011530132897982992,0.007322857535621036,36.29194089333576,0.06598376209950585,-0.10000000000000009,0.0,0
2023-02-16,-0.004094928431470746,0.9906972412533628,0.004545512230195362,-0.029156387844018083,0.006219383076802317,35.439048454286336,0.06598376209950585,-0.10000000000000009,0.0,0
2023-02-17,-0.0024318489142922672,0.9900514990497297,0.004281442078533542,-0.02195010823270349,0.0063457539522649,35.285710631113076,0.06598376209950585,-0.10000000000000009,0.0,1
2023-02-20,0.0017521907973379047,0.99100419273429,0.003545219249511211,-0.0098617647244027,0.0031758067435016125,38.07230852916323,0.06598376209950585,-0.10000000000000009,0.0,0
2023-02-21,-0.00017081787957773376,0.9909984063411525,0.00234853748583655,-0.0044866378466627,0.004753364799992323,37.04911901595745,0.06598376209950585,-0.10000000000000009,0.0,0
2023-02-22,-0.002865454534092482,0.9905306275931507,0.002334020430547931,-0.007243397188389511,0.004359327285060029,18.189862270301617,0.06598376209950585,-0.10000000000000009,0.0,0
2023-02-23,-0.004337728174182431,0.9903885774982486,0.0024014408265422343,-0.010266347672141629,0.004560744528955546,20.402943097135875,0.06598376209950585,-0.10000000000000009,0.0,0
2023-02-24,-0.0007312747413590337,0.9904941976724578,0.002376367652101453,-0.013427714217989717,0.0072187770766005644,25.847136192859736,0.06598376209950585,-0.10000000000000009,0.0,0
2023-02-27,-0.004084682530496431,0.9895387356325716,0.0019076342512401561,-0.01151520199135525,0.008064628161843276,26.983335152072584,0.057547627928580924,-0.10000000000000009,-0.009999999999999787,1
2023-02-28,0.0053479946234307185,0.9893116835557106,0.003998322146242342,-0.011109916225694683,0.0059046272217481354,36.462364215164335,0.057547627928580924,-0.10000000000000009,0.0,0
2023-03-01,-0.0031943562553166105,0.989226703316648,0.004032372328880056,-0.01475542246563144,0.011854085872810324,34.87056617532164,0.057547627928580924,-0.10000000000000009,0.009999999999999787,1
2023-03-02,0.008663242754052058,0.9919998400958496,0.0055649328411175505,-0.002133818922641084,0.008363913303577594,42.98624378188848,0.057547627928580924,-0.10000000000000009,-0.009999999999999787,0
2023-03-03,-0.006487102779762277,0.9934507348885404,0.006569091505917822,-0.006190284321653361,0.0035791805841402656,42.60876246260089,0.057547627928580924,-0.10000000000000009,0.0,1
2023-03-06,0.002497160273063681,0.9955576032783333,0.006181699344161811,-0.005451221398046768,0.006660269170500378,39.605151765925676,0.057547627928580924,0.0,0.0,1
2023-03-07,0.005846596508106927,0.9972024375630143,0.00626546049406645,0.0005344131849742695,0.011669280238054342,45.754465105748565,0.057547627928580924,0.0,0.0,0
2023-03-08,-0.012871932027811672,0.9975414957429296,0.008974031950479744,-0.00950618277346682,0.004420147311880198,39.1821743567982,0.057547627928580924,0.0,0.0,0
2023-03-09,-0.00011603719969588422,0.9960769621117895,0.007473618027115811,-0.005306406477030512,0.0045474459079032315,40.730585967060506,0.057547627928580924,0.0,0.0,1
2023-03-10,0.0033341684009291495,0.996532180909729,0.007363627413915189,-0.0012595768843007837,0.011608848610482449,42.24909821532784,0.057547627928580924,0.20000000000000018,0.0,1
2023-03-13,0.009348143711590318,0.9975844759325435,0.008547614541431575,0.012211354157054766,0.007943681006622115,50.0692974478257,0.057547627928580924,0.20000000000000018,0.009999999999999787,1
2023-03-14,0.003871752264984485,0.9982995539267455,0.008316423919213294,0.010725033714085619,0.006292576986616672,54.85818461069788,0.06146061326896146,0.20000000000000018,0.0,1
2023-03-15,0.00024675464840751005,1.0016638446521229,0.00380436916420588,0.014214196276523205,0.022349455956882373,58.608324518793495,0.06146061326896146,0.20000000000000018,0.0,0
2023-03-16,-0.01345147816798975,1.0028109634994127,0.00854772588621686,-0.0080222280870611,0.007509156663337449,49.12983932454183,0.06146061326896146,0.20000000000000018,0.0,1
2023-03-17,0.002908325458965244,1.0036083929689121,0.008516607278968323,0.0013586828165592646,0.005419158445159422,53.569104828839464,0.06146061326896146,0.20000000000000018,0.0,1
2023-03-20,0.006097634252235196,1.0035446273180306,0.007771932377169947,0.004955067947781444,0.009188136778970209,54.02642516677143,0.06146061326896146,0.20000000000000018,0.0,1
2023-03-21,0.003773132904811183,1.0032618959449306,0.007759557861016543,0.0028834421515901987,0.007681047096639376,58.37822308410544,0.06146061326896146,0.20000000000000018,0.0,1
2023-03-22,0.005139307461304199,1.003561315772169,0.008112337828634426,0.021182155806209968,0.003893966476305545,56.50020532309318,0.06146061326896146,0.20000000000000018,-0.5,1
2023-03-23,0.008924567538366901,1.0077053522198018,0.002335992145322089,0.030415331434260784,0.005554382148598064,66.17090681177174,0.06146061326896146,0.20000000000000018,0.25,0
2023-03-24,-0.00325055660065543,1.0107296887061952,0.004540867248556278,0.023652877001232975,0.011083049431159614,62.3475418524308,0.06146061326896146,0.20000000000000018,0.0,0
2023-03-27,-0.005248921648501104,1.0115331489587485,0.005936672542750627,0.0088489383951873,0.004447321580945953,55.345514992574984,0.06146061326896146,0.20000000000000018,0.0,1
2023-03-28,0.002680116800534149,1.0122519685703681,0.005868694678986666,0.007651394813995349,0.004160549698206269,67.51337007286547,0.06146061326896146,0.20000000000000018,0.0,1
2023-03-29,0.0030025495197298913,1.0122319172450385,0.0056236686513109636,0.010427590320758684,0.004673562708453643,69.00325592440755,0.06146061326896146,0.20000000000000018,0.0,1
2023-03-30,0.00037952901230409175,1.0109059619969083,0.003649369775631577,0.02459337228446934,0.008943856293218122,67.68793291303547,0.048451902623493304,0.20000000000000018,0.0,1
2023-03-31,0.005626793311566347,1.0107666115456932,0.004100593274626433,0.027370619290838283,0.005984925033476422,65.92189134456336,0.048451902623493304,0.20000000000000018,0.0,0
2023-04-03,-0.009290861759458813,1.0104010360794278,0.005770032162985856,0.011656748052845778,0.011697440936519138,55.194172761740326,0.048451902623493304,0.20000000000000018,0.0,1
2023-04-04,0.010082984873371004,1.0113066350973285,0.007238697131032145,0.018016157479092465,0.00804315376050703,60.729870363826585,0.048451902623493304,0.20000000000000018,0.0,1
2023-04-05,0.004384046445045309,1.011624278276445,0.007314399833934957,0.01725122080617747,0.005828364424070778,74.66318930696283,0.048451902623493304,0.20000000000000018,0.0,0
2023-04-06,-0.005179136878680546,1.011071729488669,0.008052411710850903,0.003031118533184385,0.004092108074161751,68.30945204094108,0.048451902623493304,0.20000000000000018,0.0,1
2023-04-07,0.0015397338358560386,1.0097875992577015,0.007679981579578691,0.00785159814965275,0.004060599953997989,66.26182701702061,0.048451902623493304,0.10000000000000009,0.0,0
2023-04-10,-0.0006001876104815285,1.0107536639783665,0.005690360334337912,0.012561554370414285,0.00785693368116622,63.72874165406851,0.048451902623493304,-0.10000000000000009,0.0,0
2023-04-11,-0.004054300117389831,1.0092849667342285,0.0039418999354742966,0.005760769605727356,0.005397103309616495,56.81894728563686,0.048451902623493304,-0.10000000000000009,0.0,1
2023-04-12,0.0044325122994950394,1.007612480241117,0.003957806534199947,0.007194664730493239,0.007631354789862582,53.62822012224117,0.049008022022328124,-0.10000000000000009,0.0,1
2023-04-13,0.0075459674748579175,1.007457950369202,0.00447336612653868,0.014409924914525751,0.007941043267225344,61.83576202476169,0.049008022022328124,-0.10000000000000009,0.0,1
2023-04-14,0.004974544770415257,1.007891254147306,0.004687260904088111,0.013751979642924628,0.008810044429807406,69.91011845679881,0.049008022022328124,-0.10000000000000009,0.0,0
2023-04-17,-0.006152516278222664,1.007808134891885,0.006052343083611445,0.016963319703900526,0.008039408760094291,62.24071111804715,0.049008022022328124,-0.10000000000000009,0.0,0
2023-04-18,-0.0055719125780892,1.007883251013149,0.006418078175097213,0.0012017865226867652,0.005556323584625777,55.63324761136035,0.049008022022328124,-0.10000000000000009,0.0,1
2023-04-19,0.004576713719873782,1.0080152049009123,0.006437396714807747,0.0013938433563704944,0.006218869537770813,58.153060772828546,0.049008022022328124,-0.10000000000000009,0.0,0
2023-04-20,-0.0021137596072823284,1.0067622278765802,0.0053708587869253175,0.00447947418794703,0.004991751164126963,53.0859936103819,0.049008022022328124,-0.10000000000000009,0.0,1
2023-04-21,0.0017114824208963597,1.0046016521449137,0.004632565427082679,0.004651726893022623,0.004811975467780844,62.187057893422846,0.049008022022328124,-0.10000000000000009,0.0,1
2023-04-24,0.0019455441063704892,1.0037210469668592,0.003972239171919268,0.007210836604506943,0.005956629800761003,56.66723622723082,0.049008022022328124,-0.10000000000000009,0.0,1
2023-04-25,0.006115940312673818,1.0050155473880173,0.003146020331100208,0.01749611257210315,0.008935927068210307,58.02365775170523,0.049008022022328124,-0.10000000000000009,0.0,0
2023-04-26,-0.007333535186277218,1.0044328424284927,0.005058323472367898,0.005577036446516193,0.0113731215412171,55.82959101473162,0.049008022022328124,-0.10000000000000009,0.0,1
2023-04-27,0.006274821933590191,1.005235623407099,0.005524615945137837,0.0043083749585608455,0.006464243737976323,59.13681537915946,0.049008022022328124,-0.10000000000000009,0.0,0
2023-04-28,-0.0013789595313846714,1.0057667901328669,0.005699124369863894,-0.0020409177810782886,0.007080343704200607,58.40823716538631,0.04553752992243543,-0.10000000000000009,0.0,0
2023-05-01,-0.0019159632229287515,1.005155005345767,0.005820441471711149,0.002213162113555267,0.006232148506239619,60.389192328820805,0.04553752992243543,-0.10000000000000009,0.0,0
2023-05-02,-0.0037843921728094587,1.0032487670691357,0.0049950649814085365,0.004014676471785217,0.005621481412009368,53.83283816198991,0.04553752992243543,-0.10000000000000009,0.0,1
2023-05-03,0.003798768201457303,1.0036091307248398,0.004239839676241624,0.003237166195747543,0.004741776809747114,50.86892201037255,0.04553752992243543,-0.10000000000000009,0.0,1
2023-05-04,0.005268809311456124,1.003246711715229,0.003914537723834718,0.010659322370949464,0.009445802865780792,51.12287164910377,0.04553752992243543,-0.10000000000000009,0.25,0
2023-05-05,-0.0041556061589043125,1.0026114017797882,0.004396825083699241,0.004739825717061441,0.006926794007203866,52.9516131843952,0.04553752992243543,-0.20000000000000018,0.0,0
2023-05-08,-0.0003856510137344449,1.0022733995123587,0.00429593742091529,0.002402129229997829,0.003711943652024594,58.35266846108036,0.04553752992243543,-0.10000000000000009,0.0,0
2023-05-09,-0.0020453015080595938,1.002184731627613,0.0039547739515332974,-0.005728987523526352,0.0051898093185220534,51.954535964674,0.04553752992243543,-0.10000000000000009,0.0,0
2023-05-10,-0.0028618103774721293,1.0011293295707362,0.003676194152006905,-0.0012500346115820182,0.005645134022328955,51.15785564603835,0.049382844354835864,-0.10000000000000009,-0.25,1
2023-05-11,0.0017684600274869844,0.9996585197258686,0.0022979478057980145,-0.00572269824148397,0.008863698989993488,51.21630273993774,0.049382844354835864,-0.10000000000000009,0.0,0
2023-05-12,-0.006547357479011251,0.9982908851440141,0.003091505134328043,-0.010868615018251426,0.007288690092858998,43.21544433969311,0.049382844354835864,-0.10000000000000009,0.0,0
2023-05-15,-0.005447918677449981,0.9958778626972921,0.003249662298174513,-0.01436888940567238,0.0040067434820805405,32.2555832636086,0.049382844354835864,-0.10000000000000009,0.0,1
2023-05-16,0.001935433839248324,0.9938828547641456,0.003960185607748262,-0.008709834859270571,0.004311122639401626,39.98394200875435,0.049382844354835864,-0.10000000000000009,0.0,0
2023-05-17,-0.0007388021428880176,0.992575969661815,0.00398929960387529,-0.013190861334370974,0.005875948994068208,30.335112026703626,0.049382844354835864,-0.10000000000000009,0.0,0
2023-05-18,-0.0025144866312231118,0.9904350316168573,0.0034537730004354427,-0.020831233236922708,0.007759134980461652,29.56128632991448,0.049382844354835864,-0.10000000000000009,0.0,0
2023-05-19,-0.005808049922436109,0.9888236507522874,0.0032560493674101305,-0.02245600647668755,0.00583711267258159,27.164349550832455,0.049382844354835864,-0.10000000000000009,0.0,1
2023-05-22,0.00439415257651854,0.9890419317093223,0.003942204409767318,-0.01778173554949314,0.00315494036256205,35.95035464236227,0.049382844354835864,-0.10000000000000009,0.0,0
2023-05-23,-0.0010810927507085566,0.9890195727734551,0.003690213812661787,-0.016832731097042086,0.005322439326573427,29.66288373176259,0.049382844354835864,-0.10000000000000009,0.0,0
2023-05-24,-0.00382326003791833,0.9882080660606906,0.0038583446866606876,-0.017780709869378963,0.004613534058961363,18.484012164466392,0.049382844354835864,-0.10000000000000009,0.0,0
2023-05-25,-0.0011510590374074203,0.9880359742462155,0.0038404075508582476,-0.020643255515270686,0.00411141979789204,19.892060472080033,0.049382844354835864,-0.10000000000000009,0.0,0
2023-05-26,-0.0030564423990097067,0.9884949935878647,0.0032136463322856215,-0.017201872321254252,0.005174344278303469,18.679717894512436,0.049382844354835864,-0.10000000000000009,0.0,0
2023-05-29,-0.00012871945594572498,0.9879704950279805,0.0015323009011618356,-0.011945537199324008,0.00367998269289754,19.5607111536315,0.049382844354835864,-0.10000000000000009,0.0,0
2023-05-30,-0.001434884194828956,0.9872574952179453,0.0014957596133499309,-0.01526916231742903,0.00675877876397034,20.28809340709317,0.039262507118988266,-0.10000000000000009,0.0,1
2023-05-31,0.002372124382281404,0.9878455177556817,0.002003659060038731,-0.012203472095824952,0.008120906962153044,21.38049151805133,0.039262507118988266,-0.10000000000000009,0.0,0
2023-06-01,-0.0035294963065128915,0.9884020495503919,0.0023888233538065457,-0.013208622566285633,0.008399231679178686,23.17958088950455,0.039262507118988266,-0.10000000000000009,0.0,1
2023-06-02,0.0061336817148627265,0.9902696932841498,0.0037233223857677557,-0.0013557828702946972,0.005690497510580435,38.80842267840709,0.039262507118988266,0.20000000000000018,0.0,0
2023-06-05,-0.005777239184238336,0.9912832593047203,0.004747156580679445,-0.01146894565204104,0.004482735989904011,30.62317108245533,0.039262507118988266,0.30000000000000027,0.0,1
2023-06-06,0.0012318024997735044,0.9926647656436806,0.004758231533499464,-0.009180102419659497,0.00613529840942973,33.1625345358821,0.039262507118988266,0.30000000000000027,0.0,0
2023-06-07,-0.0012837051905092434,0.9932422972875696,0.004597310510534396,-0.006654203778515333,0.006672815422657887,34.177616808232045,0.039262507118988266,0.30000000000000027,0.0,1
2023-06-08,0.0008779639082063806,0.994745119519358,0.0043201544528806415,-0.0046363597073989515,0.007533579186582309,41.28311303847871,0.039262507118988266,0.30000000000000027,0.0,1
2023-06-09,0.007030353420354185,0.9957504945210345,0.004633406541960101,0.005434450950940084,0.0036881443957175516,45.20881015027938,0.039262507118988266,0.30000000000000027,0.0,0
2023-06-12,-0.002945761613426079,0.9971939681929219,0.0037820806149427384,0.00260173509038375,0.005149495140795299,43.13698794262126,0.039262507118988266,0.30000000000000027,0.0,1
2023-06-13,0.0011193590458071778,0.9986591732949379,0.003780558887106975,0.005166303654187132,0.005756232189334196,49.17704120046926,0.04055250210996508,0.30000000000000027,0.0,1
2023-06-14,0.0024492036405445727,1.0007120988856715,0.0035906046925473826,0.005243597776033004,0.007656371916530343,53.79141035047124,0.04055250210996508,0.30000000000000027,0.0,1
2023-06-15,0.004976929014374631,1.003212837797307,0.003815133168598266,0.013824915097606638,0.01238174908504545,63.37899764417336,0.04055250210996508,0.30000000000000027,-0.009999999999999787,1
2023-06-16,0.009490087025812999,1.005451839636567,0.004615737554811714,0.017206977930060097,0.004647289239192619,70.45662420187044,0.04055250210996508,0.30000000000000027,0.009999999999999787,0
2023-06-19,-0.0003501367384702858,1.0084457072779622,0.003861695268624226,0.022759542903775687,0.0035004148639838795,71.98321536996383,0.04055250210996508,0.30000000000000027,0.0,0
2023-06-20,-0.0016277528317081291,1.0109107911090096,0.004443298503444771,0.01983850354362726,0.004639036941518038,68.1903535110716,0.04055250210996508,0.30000000000000027,-0.009999999999999787,0
2023-06-21,-0.0003603241433216553,1.0126353401237531,0.004698723589994016,0.020781413507406254,0.005003128046652488,72.89803913962645,0.04055250210996508,0.30000000000000027,-0.25,1
2023-06-22,0.006617638951915028,1.0143037200989196,0.004970840270051723,0.026635227674032702,0.005462901018957107,73.26055340809063,0.04055250210996508,0.30000000000000027,0.0,0
2023-06-23,-0.003068550813546622,1.0134428085552813,0.003735569385102798,0.016339717898965045,0.010389541166942873,77.69361507825778,0.04055250210996508,0.30000000000000027,0.0,0
2023-06-26,-0.004766237771259507,1.011926561926509,0.0043775246753490265,0.014484029257905373,0.00308563205507292,69.14310339578097,0.04055250210996508,0.30000000000000027,0.0,1
2023-06-27,0.0003492116615053664,1.0107228384931985,0.004355348108753643,0.013703600616216116,0.006679906218867367,71.28377974875248,0.04055250210996508,0.30000000000000027,0.0,1
2023-06-28,0.004284243629030016,1.010357571545132,0.004797620120265733,0.015559242415168928,0.005736116241105316,73.28335885395022,0.04055250210996508,0.30000000000000027,0.0,0
2023-06-29,-0.00377693292288539,1.007913249855996,0.0037126709142265876,0.006713203127550971,0.007174613942822596,63.24573223385176,0.04055250210996508,0.30000000000000027,0.0,0
2023-06-30,-0.004379772168849438,1.005739906814601,0.00390186559423172,-0.0071185031529187315,0.008950544294006074,61.28871335564792,0.026973399068154658,0.30000000000000027,0.009999999999999787,1
2023-07-03,0.0036322098498984268,1.004788001557738,0.004034689974076805,-0.0031631199863338955,0.005458652016999571,63.234289132793755,0.026973399068154658,0.0,0.0,1
2023-07-04,0.0005129030135702095,1.0039058021335632,0.004038673054532776,-0.0010257561923755487,0.002516993969460721,61.780653712853876,0.026973399068154658,0.0,0.0,0
2023-07-05,-0.002579694886849393,1.0017147686619916,0.003349233382151753,-0.0032436495631487094,0.003777480011674573,54.19265105138348,0.026973399068154658,0.0,0.0,0
2023-07-06,-0.0026056420166346017,0.9999400487080431,0.0031704631520217508,-0.012376575037052806,0.006190401994561863,39.49006544524639,0.026973399068154658,0.0,0.0,1
2023-07-07,0.0031365420823148416,0.9998597834746679,0.0029941275979132307,-0.006229417072455723,0.00881965837862073,44.34740722124487,0.026973399068154658,-0.10000000000000009,0.0,1
2023-07-10,0.007261928113446503,0.9999979882170749,0.004175022854225636,0.0057810651644263356,0.004397923032760777,54.39561960930903,0.026973399068154658,-0.10000000000000009,-0.009999999999999787,1
2023-07-11,0.0033018654170349215,1.0005862735282238,0.004254966710074427,0.008749751703765574,0.004267337344184185,57.79489562792637,0.026973399068154658,-0.10000000000000009,0.009999999999999787,1
2023-07-12,0.0007378319201123418,1.0019207686701233,0.0036334503448419773,0.005187571022843285,0.01026813057789108,52.2102110372844,0.028825576985588963,-0.10000000000000009,0.0,1
2023-07-13,0.011846719009202866,1.0058039997985264,0.004364226922096491,0.020951812240625145,0.005881766513112702,65.96162085372178,0.028825576985588963,-0.10000000000000009,0.0,1
2023-07-14,0.007081930556925409,1.010606225838049,0.0042398967345383,0.03270513528703822,0.003446759927770034,76.0432999874561,0.028825576985588963,-0.10000000000000009,0.0,1
2023-07-17,0.00038184037288013783,1.0139949389252203,0.00482298548035114,0.029360610054035785,0.004064861967756307,76.06206718265284,0.028825576985588963,-0.10000000000000009,0.0,1
2023-07-18,0.0008764642952547863,1.0167665197518898,0.005108511139470972,0.029734653868542793,0.0049536538408294075,74.51714993370193,0.028825576985588963,-0.10000000000000009,0.0,0
2023-07-19,-0.0007747078827242682,1.0192463951394,0.005400129490306607,0.03159811870718898,0.005649465002087165,79.03409480385372,0.028825576985588963,-0.10000000000000009,0.0,0
2023-07-20,-0.0021066989289000304,1.019364759265128,0.0035407034363045624,0.032114172108262506,0.008613528699846973,82.74101921857131,0.028825576985588963,-0.10000000000000009,0.0,0
2023-07-21,-0.0060807699705690554,1.0169731096963504,0.002786493259314007,0.022630599334831247,0.003358103714486793,71.11711960633392,0.028825576985588963,-0.10000000000000009,0.0,0
2023-07-24,-0.0010570004201242433,1.0141081280456223,0.0026068043561202456,0.01418474167391226,0.0068525384137325075,69.30050324911156,0.028825576985588963,-0.10000000000000009,0.0,0
2023-07-25,-0.005586867539592366,1.0102465429123744,0.00253153749781331,0.005199592091160943,0.006043234925854968,65.26411653839793,0.028825576985588963,-0.10000000000000009,0.0,0
2023-07-26,-0.001149188725558914,1.0065886271810898,0.0024489527220375143,0.0033041582194777153,0.004352199805928826,67.06168694922367,0.028825576985588963,-0.10000000000000009,0.0,1
2023-07-27,0.002525837950030141,1.0035525787594415,0.003579498036434751,-0.00593803088807221,0.015082949280490733,66.70180655807945,0.028825576985588963,-0.10000000000000009,0.25,0
2023-07-28,-0.00899161957941541,1.0001860347656506,0.004478201634418768,-0.02180377568434133,0.009087317995215453,50.7752723224609,0.029024184562655986,-0.10000000000000009,0.0,1
2023-07-31,0.004145109563362226,0.9978312048726886,0.005489532569398934,-0.018123965071384807,0.003561703116506447,51.54776436274569,0.029024184562655986,-0.10000000000000009,0.0,0
2023-08-01,-0.0024194883487713703,0.9962652002877748,0.005114896998972692,-0.02135734804008882,0.004350791419560329,48.65054363004642,0.029024184562655986,-0.10000000000000009,0.0,1
2023-08-02,0.000935672717465863,0.9949432093666086,0.005202057171908748,-0.019682198882400637,0.007927156793096876,36.06000029183021,0.029024184562655986,-0.10000000000000009,-0.25,0
2023-08-03,-0.005789423526761706,0.992126792863427,0.005217765901723278,-0.02330006110877536,0.0036921253684391686,20.59751387247114,0.029024184562655986,-0.10000000000000009,0.0,1
2023-08-04,0.0006790391062911905,0.9913635020647416,0.0037646464187331644,-0.01665736327900258,0.009559202747752385,21.11994814131492,0.029024184562655986,-0.20000000000000018,0.0,1
2023-08-07,0.0046651443464760245,0.9908264992585375,0.003928334468154402,-0.011024580502753789,0.0041706610130413605,27.384649282866604,0.029024184562655986,-0.10000000000000009,0.0,1
2023-08-08,4.398837146823986e-05,0.9909394210152155,0.0037603985128019375,-0.005424515595132129,0.0071641554311656684,27.919803356374587,0.029024184562655986,-0.10000000000000009,0.0,0
2023-08-09,-0.004021942081347207,0.9903019949027432,0.00412332132770828,-0.00828497286078067,0.003506256666081076,26.838311943058898,0.029024184562655986,-0.10000000000000009,0.0,1
2023-08-10,0.0017124995716848446,0.9916538477182416,0.0031400461345493028,-0.009089540545144326,0.008231312477344887,33.47542758012263,0.030741251257319524,-0.10000000000000009,0.0,1
2023-08-11,0.00036237321552645696,0.9932817620354126,0.0031416434837081945,0.00026352798717166337,0.004784915450644941,34.86334625228886,0.030741251257319524,-0.10000000000000009,0.0,0
2023-08-14,-0.003392720966774565,0.9935005495151361,0.002507158463321715,-0.0072451646187432495,0.0075708915357352025,36.79358069330421,0.030741251257319524,-0.10000000000000009,0.0,0
2023-08-15,-0.003152985991122126,0.9932851354488705,0.002562538475869037,-0.007975114054081689,0.004474711955168963,35.09287796540748,0.030741251257319524,-0.10000000000000009,0.0,0
2023-08-16,-0.0005233900728965901,0.9937555878072113,0.002224934120278258,-0.009421187600713865,0.003387746302537508,30.614627416123852,0.030741251257319524,-0.10000000000000009,0.0,0
2023-08-17,-0.0026861019315007617,0.9933788052981201,0.0016902097664870683,-0.00632920216717392,0.005048937167978038,36.295548341637726,0.030741251257319524,-0.10000000000000009,0.0,0
2023-08-18,-2.170454328709326e-05,0.9926171877917095,0.0015671518456359334,-0.007025038168670172,0.00452078178392417,27.58219107124357,0.030741251257319524,-0.10000000000000009,0.0,1
2023-08-21,8.703930010756089e-05,0.9924927612055932,0.0015417235280881663,-0.011549872845436515,0.003948982309760597,30.193616313006586,0.030741251257319524,-0.10000000000000009,0.0,1
2023-08-22,0.0020924881975554754,0.9930284878937716,0.0017069294786636077,-0.009525121997356889,0.008991708779068495,32.90948051368284,0.030741251257319524,-0.10000000000000009,0.0,0
2023-08-23,-0.004740106320141768,0.9929025619796101,0.0026701651900410553,-0.010239318089480087,0.006225391848323939,34.19759624863248,0.030741251257319524,-0.10000000000000009,0.0,1
2023-08-24,0.0017603294476837839,0.9937008400174727,0.0027303296424516024,-0.010192058890154065,0.005651417100078751,36.59549582436247,0.030741251257319524,-0.10000000000000009,0.0,0
2023-08-25,-0.006133924717840578,0.9931357208307692,0.0038066365981674084,-0.01661981692506842,0.006765226782906493,19.67468758214511,0.030741251257319524,-0.10000000000000009,0.0,0
2023-08-28,-0.00016204929212715324,0.9927350490186206,0.003784088873321144,-0.013432023127343373,0.0020347769098418285,19.457066417530143,0.030741251257319524,-0.10000000000000009,0.0,1
2023-08-29,0.002608996915706596,0.9921833919573794,0.003909488563848408,-0.007729455191363033,0.006759067010896766,29.214669025285787,0.030741251257319524,-0.10000000000000009,0.0,1
2023-08-30,0.004032535580629437,0.9932272025321537,0.003966462766074976,-0.003206377026820806,0.008220992996631298,34.311165984390996,0.030741251257319524,-0.10000000000000009,0.0,1
2023-08-31,0.005827092305068504,0.9945044943845958,0.004665141522654881,0.005302376077471527,0.00938033788451169,43.93826121252436,0.029524389418848607,-0.10000000000000009,0.0,0
2023-09-01,-0.008089840838697682,0.9958199936608421,0.005452953955405988,-0.0028087165583827733,0.00875537860238016,39.00849510440539,0.029524389418848607,0.19999999999999973,0.0,0
2023-09-04,-0.006292945547030637,0.9964618489651604,0.006350927065912472,-0.009170228134923297,0.0032529637591848797,36.32262663964242,0.029524389418848607,0.2999999999999998,0.0,1
2023-09-05,0.0017269857930499732,0.9968461808428999,0.006258630041033661,-0.009531622585373323,0.008484096184895517,39.0917711765961,0.029524389418848607,0.2999999999999998,0.0,0
2023-09-06,-0.006328395394398223,0.9952807763703866,0.006070644239340338,-0.011112265101196672,0.00401200032541447,36.27657608504347,0.029524389418848607,0.2999999999999998,0.0,0
2023-09-07,-0.00018237880644911275,0.9926037031098079,0.004319707768369763,-0.013030009604073856,0.004343208151518739,36.1617765418751,0.029524389418848607,0.2999999999999998,0.0,0
2023-09-08,-0.0024603954040161025,0.9912040855529279,0.003607917168278893,-0.009381969609796759,0.004392364993863927,34.37873826538201,0.029524389418848607,0.2999999999999998,0.0,1
2023-09-11,0.0018970398979003544,0.991173095618698,0.0034277633574014404,-0.007341868134974061,0.004235566546787595,34.09347705786925,0.029524389418848607,0.2999999999999998,0.0,1
2023-09-12,0.0030101195583809304,0.9910885890533272,0.0037246389178479723,-0.006944726622828523,0.0052521221560846345,41.1985010566679,0.029524389418848607,0.2999999999999998,0.0,1
2023-09-13,0.0002689045736952167,0.9922816176236177,0.002093751770801196,-0.010667209197878225,0.0044635027749034585,39.40408353876757,0.03602259657668627,0.2999999999999998,0.0,0
2023-09-14,-0.001771189028006659,0.9931128931032087,0.0023315304831032987,-0.01814088825669491,0.009309216696464674,43.2848704573761,0.03602259657668627,0.2999999999999998,0.0,0
2023-09-15,-0.009041573245960888,0.993081559109694,0.004776624689986624,-0.01908297673858217,0.004979322213284124,36.1558840737353,0.03602259657668627,0.2999999999999998,0.0,1
2023-09-18,0.002923086612704795,0.9931116391583826,0.004957648147084253,-0.009985564385616819,0.00392180963964875,36.47676401620124,0.03602259657668627,0.2999999999999998,0.0,1
2023-09-19,0.0022882530643852927,0.9929883897254084,0.004823195381261224,-0.009430859651951451,0.004013528713397593,34.30304289390784,0.03602259657668627,0.2999999999999998,0.0,0
2023-09-20,-0.0009934598434746533,0.9924245741103914,0.004768547010023613,-0.00411258095907463,0.004792120125632313,25.423213404350378,0.03602259657668627,0.2999999999999998,-0.25,0
2023-09-21,-0.0027165130783666225,0.9918963134285622,0.004809523031838081,-0.006636753754259428,0.005117603153839182,28.778988174360663,0.03602259657668627,0.2999999999999998,0.0,1
2023-09-22,0.0007995380695380305,0.9929850008224484,0.002330631444461943,-0.0033904685111323385,0.005280674183811695,35.362108232535704,0.03602259657668627,0.2999999999999998,0.0,0
2023-09-25,-0.0012245689773250357,0.9933052217170464,0.00194031186148465,-0.006495603105548309,0.007334928015943393,31.03764381610121,0.03602259657668627,0.2999999999999998,0.0,0
2023-09-26,-0.005338197611603257,0.9925047325157335,0.002294192706688163,-0.014764801644343128,0.0038530458184255815,31.990742957465486,0.03602259657668627,0.2999999999999998,0.0,0
2023-09-27,-0.0020927596526203462,0.9917916509447514,0.0022382310971003514,-0.01709097084926836,0.006118769614242654,30.348425936019964,0.03602259657668627,0.2999999999999998,0.0,0
2023-09-28,-0.006071963299337679,0.991009869353013,0.0028760215089544206,-0.021325741291842726,0.008261911021959858,27.690161080871988,0.03602259657668627,0.2999999999999998,0.0,1
2023-09-29,0.005439666364406293,0.9904607215053937,0.004571147079164631,-0.007024014742855078,0.0056254631549318285,33.380256234678995,0.03602259657668627,0.2999999999999998,0.0,1
2023-10-02,0.0002640956540915784,0.9898776252856574,0.004670093063339567,-0.009656633537020398,0.009298225858608926,28.905870112653787,0.032039250440590195,0.0,0.0,0
2023-10-03,-0.007996826272971713,0.9892530792962692,0.0053147028546236316,-0.019819139247483464,0.004237654420686696,23.81828260431365,0.032039250440590195,0.0,0.0,0
2023-10-04,-0.0008064248286944187,0.9886063703408956,0.00534567345295625,-0.01963562879544034,0.007517300902171728,24.313214755857757,0.032039250440590195,0.0,0.0,1
2023-10-05,0.0033202797285585284,0.9896495152787345,0.005130150482418489,-0.013701251397373215,0.0034225212929020633,35.46588747955698,0.032039250440590195,0.0,0.0,1
2023-10-06,0.00376515917344844,0.990056040692783,0.004728829682839913,-0.010778599784984855,0.010830146998651318,36.66416581925408,0.032039250440590195,0.0,0.0,1
2023-10-09,0.001976115262350975,0.9908007927806598,0.004839729330173073,-0.0076085324736809845,0.005201903878996088,36.164377064988855,0.032039250440590195,0.0,0.0,1
2023-10-10,0.0010790061501657622,0.9934527281135185,0.001836781888945378,-0.0012059761040027484,0.006008200848211288,38.61797599133078,0.032039250440590195,0.0,0.0,1
2023-10-11,0.0024497971874435365,0.9966494021725891,0.0010686501688576047,0.003340617448604588,0.003845010714995508,44.64159917795304,0.032039250440590195,0.0,0.0,1
2023-10-12,0.0018379162458757037,0.999380101298971,0.0009934341401863923,0.011325404207596756,0.008765307787198223,45.95901230354783,0.036123345048709066,0.0,0.0,0
2023-10-13,-0.008239741642275256,0.9996672744891096,0.004532691864659035,-0.0024340816118773034,0.005921578792013766,39.56735413392924,0.036123345048709066,0.0,0.0,0
2023-10-16,-0.0014413625107041472,0.9994922971143752,0.004381546018089763,-0.004134939363173995,0.003639651810722244,42.9043437966105,0.036123345048709066,0.0,0.0,1
2023-10-17,0.003113486233303764,0.9996816541790792,0.004690536063094131,0.007018625797496236,0.0058358188573934735,48.49654083889382,0.036123345048709066,0.0,0.0,1
2023-10-18,0.0017762268203020959,0.9995965979929541,0.004594915120152747,0.009621503136894916,0.006466895733328072,57.379113716977315,0.036123345048709066,0.0,0.0,0
2023-10-19,-0.003266877693623771,0.9985143154299767,0.004486228848874235,0.0029929759234488262,0.005361891780302816,47.25851558915423,0.036123345048709066,0.0,0.0,1
2023-10-20,0.004552195331632758,0.999811815347053,0.0032341827964118743,0.0037794066251346514,0.003332772935320873,52.206011557832475,0.036123345048709066,0.0,0.0,1
2023-10-23,0.00032824384587826216,1.0013854919802836,0.0029955374528167662,0.002128569476997244,0.007132204980284816,63.62943920784538,0.036123345048709066,0.0,0.0,1
2023-10-24,0.007543641543408253,1.0032033574116859,0.004112670909242206,0.008599982601256384,0.009957854972034033,70.92318569769203,0.036123345048709066,0.0,0.0,0
2023-10-25,-0.006982386055249035,1.0035027254047881,0.005835601794424699,-0.0008900685525897734,0.0037658530701867882,58.62423954461183,0.036123345048709066,0.0,0.0,0
2023-10-26,-0.0026523324751750454,1.003752511675196,0.005743893026349162,-0.005368090415329707,0.004106175993733171,52.06034269159663,0.036123345048709066,0.0,0.0,0
2023-10-27,-0.0002640885189518771,1.0033257784166532,0.0052927052346554765,0.002630656287197164,0.005813174761634107,49.6875880512316,0.036123345048709066,0.0,0.0,0
2023-10-30,-0.0001901352849225102,1.0028179973756735,0.005279803340750964,0.003886985888134964,0.007345583609636828,48.263484525375965,0.031600807885607596,0.0,0.0,1
2023-10-31,0.0049784288024075085,1.0011435665420578,0.004343263760828917,0.005753366512307512,0.009559171914272465,51.02520968299987,0.031600807885607596,0.0,0.0,0
2023-11-01,-0.003385352882468773,1.0003305768800483,0.0032759733153395793,0.0005712948843343835,0.005472712947546153,45.622112363703565,0.031600807885607596,0.0,0.0,1
2023-11-02,0.0007517134694974281,1.0003267949936407,0.003008383583647724,0.0046053606474856235,0.008107137625304538,55.763747009144645,0.031600807885607596,0.0,0.0,1
2023-11-03,0.0030264395151795576,1.0010168931839252,0.0031873649762029018,0.003079524081331053,0.011442823880400644,60.758861182262386,0.031600807885607596,0.10000000000000009,0.0,1
2023-11-06,0.010646343526523161,1.0034434480130787,0.0051961976946157075,0.013426002430571238,0.0031310335543095697,66.66391129797972,0.031600807885607596,0.10000000000000009,0.0,0
2023-11-07,-0.0009864732863567038,1.0047783592053974,0.005368695075272878,0.004846086071851552,0.005300372018936841,64.13130776874804,0.031600807885607596,0.10000000000000009,0.0,0
2023-11-08,-0.0023744990630868434,1.0065529008634766,0.00512835504167114,0.00950886057264011,0.005180026483021922,65.25936922107276,0.031600807885607596,0.10000000000000009,0.0,1
2023-11-09,0.0013388626477159882,1.0084705768659366,0.0050931389462578296,0.013548722470379415,0.004343899541368442,62.837322216651806,0.031600807885607596,0.10000000000000009,0.0,0
2023-11-10,-0.00400042116726107,1.008762638195818,0.005776590686480853,0.009760766932393361,0.0032688868396573683,57.43291379719782,0.031600807885607596,0.10000000000000009,0.0,1
2023-11-13,0.0021166411059054813,1.0071712352345055,0.002541469685690735,0.012090502194815445,0.0037383665309811943,52.184183999322855,0.031600807885607596,0.10000000000000009,0.0,1
2023-11-14,0.0010916021349414162,1.006100933236941,0.002666352951323106,0.00817616906976748,0.016223176080403308,63.245186318824075,0.03206379880695964,0.10000000000000009,0.0,1
2023-11-15,0.01649151831354989,1.008082081153453,0.0077035347609378454,0.028283627768527664,0.0049981414497042975,78.26228229789447,0.03206379880695964,0.10000000000000009,0.0,0
2023-11-16,-0.002181714495114284,1.0092923548613384,0.0080910436097683,0.025269497581539513,0.005804634416427991,75.39314869534732,0.03206379880695964,0.10000000000000009,0.0,0
2023-11-17,-7.599816506165258e-05,1.0115175020098437,0.007442489183935097,0.022098260417306337,0.006181470832224485,75.54970044854302,0.03206379880695964,0.10000000000000009,0.0,1
2023-11-20,0.00490807531990578,1.0140752291034203,0.007418521769432359,0.016294970285838373,0.004319699987256104,75.5791148956434,0.03206379880695964,0.10000000000000009,0.0,1
2023-11-21,0.0035684002956233307,1.0173292013383834,0.007252708788765746,0.020928636385317834,0.004049279649475552,81.96947817866382,0.03206379880695964,0.10000000000000009,0.0,0
2023-11-22,-0.002532964312081498,1.0165416252885482,0.0033647891372816712,0.020766469609890814,0.006222056456970834,77.89877922881325,0.03206379880695964,0.10000000000000009,0.0,0
2023-11-23,-0.002504894436201721,1.0156854909355988,0.003437201738780047,0.016848137369979588,0.003583106563789312,73.07802877237593,0.03206379880695964,0.10000000000000009,0.0,1
2023-11-24,0.0014178090521081987,1.0150484639980124,0.003420756360977006,0.022379783591019553,0.004449943599653728,67.7281574132048,0.03206379880695964,0.10000000000000009,0.0,1
2023-11-27,0.003128907582130358,1.0138877815664424,0.002971961750894491,0.023412518442879504,0.00305355289334597,71.26054000977288,0.03206379880695964,0.10000000000000009,0.0,1
2023-11-28,0.0016438017038615804,1.0125054230381967,0.0025945620403139357,0.023977030172182445,0.0065791019551395295,75.85568352458188,0.03206379880695964,0.10000000000000009,0.0,1
2023-11-29,0.0043364265486818265,1.0121293722433555,0.0025841227655461207,0.011732427494621556,0.005058026277950989,77.3387856290542,0.03206379880695964,0.10000000000000009,0.0,0
2023-11-30,-0.002930098224145139,1.0118521173414676,0.002754540986239211,0.010973607879999348,0.008245266394094859,78.88557178113687,0.031070994037184718,0.10000000000000009,0.0,0
2023-12-01,-0.00743921803314862,1.0103154370616505,0.004871000192968131,0.0035290211494145574,0.007521022944050524,67.1413274714242,0.031070994037184718,0.10000000000000009,0.0,0
2023-12-04,-0.0003593113742242915,1.0086252091319903,0.0045014932281626785,-0.001731137011313666,0.007498544665494224,66.02944223034022,0.031070994037184718,0.0,0.0,0
2023-12-05,-0.004627728334785308,1.0058623761915413,0.004471835224220346,-0.00988398439707927,0.006065751799151085,45.544061674031894,0.031070994037184718,0.0,0.0,0
2023-12-06,-0.004069243241750842,1.0015013834996607,0.0025768379069226544,-0.011408941431523933,0.002825153273952838,43.59296450913285,0.031070994037184718,0.0,0.0,0
2023-12-07,-0.0024977977499498483,0.997431116141372,0.0026237184467087955,-0.011401908093179869,0.003635504043508685,41.32151659263379,0.031070994037184718,0.0,0.0,1
2023-12-08,0.00236343746955181,0.9950211710612936,0.002873802378226095,-0.010468385201248709,0.006400897106473734,37.87523463959861,0.031070994037184718,-0.19999999999999973,0.0,0
2023-12-11,-0.002443802160275177,0.9924243100722019,0.0027543547316291653,-0.01596555752728468,0.0033561134326255994,30.466821575991304,0.031070994037184718,-0.19999999999999973,0.0,1
2023-12-12,7.529635204672758e-05,0.9908200787952958,0.0025358866872244442,-0.0175064878328115,0.005592547639626018,32.5416192031621,0.03206982426621163,-0.19999999999999973,0.0,1
2023-12-13,0.0029805145498138508,0.9912751798897365,0.0025807220977120825,-0.01883291063969439,0.0031703641000726274,39.49936463458342,0.03206982426621163,-0.19999999999999973,0.0,1
2023-12-14,0.008099171382361048,0.9933279809583712,0.0039215522534364715,-0.007979552877804497,0.011383003933005313,48.0252200808946,0.03206982426621163,-0.19999999999999973,0.0,1
2023-12-15,0.009872373342467489,0.996392489413024,0.005216606802485296,0.009322614333360901,0.009430279560993795,54.54844013267134,0.03206982426621163,-0.19999999999999973,0.0,0
2023-12-18,-0.008945032271384545,0.9988265888054733,0.00746268322756423,0.0006537372453629953,0.0032569223413252864,45.24944408579012,0.03206982426621163,-0.19999999999999973,0.0,1
2023-12-19,0.0026216654758792757,1.0018187898136595,0.007348993178477832,0.007941596487482494,0.006583787041100025,43.642314181393964,0.03206982426621163,-0.19999999999999973,0.0,1
2023-12-20,0.0052379143458374244,1.0048812501943627,0.0074221760442392615,0.017360997599392913,0.00401288857522535,50.547909661550705,0.03206982426621163,-0.19999999999999973,0.0,0
2023-12-21,-0.0032180185590533483,1.0057227795169927,0.00734743736136551,0.016626438257881127,0.005802921957767902,54.295537238043245,0.03206982426621163,-0.19999999999999973,0.0,1
2023-12-22,0.005525202446632571,1.0054927287104558,0.006223091251123823,0.019833193160446738,0.004212871309648858,58.666188221496775,0.03206982426621163,-0.19999999999999973,0.0,1
2023-12-25,0.0018524459586828357,1.0075057501396962,0.0035260338166874837,0.02422538324182244,0.0038554509678682507,64.50112610550602,0.03206982426621163,-0.19999999999999973,0.0,0
2023-12-26,-0.0005730958886397408,1.0089895713175645,0.003758492702278841,0.023561333451141087,0.0027573270910361447,68.47499008623035,0.03206982426621163,-0.19999999999999973,0.0,1
2023-12-27,0.002065020563667419,1.0099550138518043,0.003260360282125178,0.02262705383988939,0.008442551721532241,72.68403437004561,0.03206982426621163,-0.19999999999999973,0.0,1
2023-12-28,0.0059431859276410925,1.0123180151131566,0.0027381590538551664,0.02043999812526298,0.006161437253752037,74.37474638233334,0.03206982426621163,-0.19999999999999973,0.0,0
2023-12-29,-0.003641424869924248,1.0126373840987384,0.003543655538218942,0.006784787242648083,0.003904715212341373,72.79630068939737,0.03206982426621163,-0.19999999999999973,0.0,0
2024-01-01,-0.0011166791890978578,1.0123958252021408,0.003639638803650903,0.014737390326283073,0.001214107279640607,71.43041355481915,0.032890323100042806,-0.19999999999999973,0.0,0
2024-01-02,-0.0015454528986756921,1.0118035529313931,0.0037383142942064257,0.010519916307736299,0.00942724334665843,68.1914259389735,0.032890323100042806,-0.19999999999999973,0.0,0
2024-01-03,-0.008786204622023064,1.0092678764753165,0.005307594877988666,-0.003577892105025793,0.006241903050472452,54.15503906340436,0.032890323100042806,-0.19999999999999973,0.0,0
2024-01-04,-0.0012785158887330672,1.0052216586932312,0.003245892220854765,-0.0016390896637590302,0.004865997969210012,44.28425349407167,0.032890323100042806,-0.19999999999999973,0.0,1
2024-01-05,0.0017953771819319009,1.0023044871549553,0.003930373388109713,-0.00534234020148916,0.01064439124178648,55.24180593185796,0.032890323100042806,-0.19999999999999973,0.0,0
2024-01-08,-0.00047052628163146704,0.9994262102113929,0.003984583465795175,-0.00764863005649552,0.004899328500787612,51.94273205344337,0.032890323100042806,0.0,0.0,1
2024-01-09,0.0008651256948868369,0.996997133731333,0.004201871394560191,-0.006220590494198652,0.004994038285159586,46.55611923676383,0.032890323100042806,0.0,0.0,0
2024-01-10,-0.0017601046005020216,0.9962200454538944,0.001481700751309026,-0.010014087471865496,0.004241731132256522,48.38005234079674,0.032890323100042806,0.0,0.0,1
2024-01-11,0.003907190486658552,0.9966788927022244,0.0021676773390761073,-0.012017785923966073,0.00546291927457385,46.04224924012158,0.03602001932159715,0.0,0.0,1
2024-01-12,0.000592943161743742,0.9973568723640722,0.002104777044519904,-0.007819016116024313,0.004508104851512824,44.062503938794286,0.03602001932159715,0.0,0.0,0
2024-01-15,-0.0032727697071506245,0.9971911444087089,0.002745589889186059,-0.009960639633982193,0.002266082301251393,40.863052448247245,0.03602001932159715,0.0,0.0,0
2024-01-16,0.0,0.9969827833484752,0.002709702305181729,-0.008428212140189184,0.007270805711132936,37.369163824532514,0.03602001932159715,0.0,0.0,0
2024-01-17,-0.006113749991014994,0.9964702271298794,0.0038383370707669525,-0.005754792310078249,0.00363530171086558,20.262496337081075,0.03602001932159715,0.0,0.0,1
2024-01-18,0.0006421361876616238,0.9951145268144883,0.0029817647892376445,-0.0038427486092317276,0.005402528568221515,24.162338495620048,0.03602001932159715,0.0,0.0,0
2024-01-19,-0.0006091998707791202,0.9938224746169037,0.0028006481151960356,-0.006233792650904291,0.0022417055634030227,24.56087355011894,0.03602001932159715,0.0,0.0,1
2024-01-22,0.0012090614520767762,0.9934568735341666,0.002952813826291883,-0.004563889385492792,0.0027135462034485478,28.673207924504723,0.03602001932159715,0.0,0.0,0
2024-01-23,-0.0011097587522371777,0.9928963980165272,0.002902546368907511,-0.006528061422752307,0.008635385567253838,38.092602330279796,0.03602001932159715,0.0,0.0,0
2024-01-24,-0.00205215722482599,0.9933537786094726,0.0013182364677247847,-0.0068187190975166345,0.007330935434256259,36.90195850629823,0.03602001932159715,0.0,0.0,1
2024-01-25,0.002198116850315124,0.9943102201437907,0.0017378935109247128,-0.00850953270995558,0.006821334859434513,37.89079681204806,0.03602001932159715,0.0,0.0,0
2024-01-26,-0.003188993491867853,0.9947288070837937,0.002245719812281907,-0.012257064776393989,0.006444549509064681,34.165658648793354,0.03602001932159715,0.0,0.0,0
2024-01-29,-0.0003253046819037264,0.9948024320990894,0.002033436929920551,-0.009336167597081446,0.004850705822056283,31.641339353627544,0.03602001932159715,0.0,0.0,0
2024-01-30,-0.0008343042513787591,0.9948952946493647,0.002029913290872047,-0.01016268264414244,0.003965071458098172,32.779368186333485,0.032977691561590694,0.0,0.0,1
2024-01-31,0.0008241081449942289,0.9950783927574737,0.0020081448351716887,-0.0032530882257865157,0.007193410188956743,23.71754320042237,0.032977691561590694,0.0,0.0,0
2024-02-01,-0.0036408998446917362,0.9942154684865592,0.0019130014069480687,-0.007519451577754244,0.007892874146873244,18.665405632618743,0.02766390715255418,0.0,0.0,1
2024-02-02,0.006546518613900432,0.9950541292252207,0.0037507664986180375,-0.0004132110509137421,0.010568588064697605,38.84050591204199,0.02766390715255418,0.0,0.0,0
2024-02-05,-0.008699545159365218,0.9946292332969597,0.005622116902212788,-0.010305762613847413,0.005827629814852577,29.94325168426461,0.02766390715255418,0.0,0.0,0
2024-02-06,-0.0035447479784265212,0.9938852730754768,0.0057127044491000895,-0.012718334792194752,0.0035890972500974097,32.1800714106235,0.02766390715255418,0.0,0.0,1
2024-02-07,0.001430711534839757,0.9931000828776407,0.0057857614475441445,-0.00927269132130859,0.0025989071336188674,33.62791559019165,0.02766390715255418,0.0,0.0,1
2024-02-08,0.0017241086979722375,0.993493043887224,0.005805824514346977,-0.009741274142575973,0.004335045735031198,37.22170495126522,0.02766390715255418,0.0,0.0,1
2024-02-09,0.00014005430257113538,0.9926332713569754,0.0043951111206705865,-0.006434108987179221,0.002835425944932741,35.36132516230812,0.027304549205419804,0.0,0.0,1
2024-02-12,0.0019436726497759071,0.9936437757606978,0.002280811914401514,-0.004178996904422361,0.004424394324295949,39.79504646167357,0.027304549205419804,0.0,0.0,0
2024-02-13,-0.0024021357911608865,0.9950014245871133,0.001801261732471569,-0.005741580150898762,0.008687501590783086,39.44060385614016,0.030442276466047247,0.0,0.0,0
2024-02-14,-0.005879202295596797,0.9948902475011426,0.003282638441921723,-0.012400914985241429,0.0036344093035713034,30.576895765393758,0.030442276466047247,0.0,0.0,1
2024-02-15,0.0021679108452647977,0.9947906032137026,0.0033758293469093627,-0.0066431755100554435,0.0056914654565513,36.744124636915764,0.030442276466047247,0.0,0.0,1
2024-02-16,0.0038892439644739873,0.9952126509872643,0.003997607352123767,-0.009265629473918735,0.0042749379494460595,42.61765493951053,0.030442276466047247,0.0,0.0,1
2024-02-19,0.0010246971826746165,0.995461436110228,0.003902678022140839,0.0004530598180505496,0.00248732929938622,44.769405806513326,0.030442276466047247,0.0,0.0,0
2024-02-20,-0.0008837131826242572,0.9960025805329836,0.003748389150223746,0.0031247707637671596,0.00705836825031989,42.829633242245144,0.030442276466047247,0.0,0.0,1
2024-02-21,0.003503573049315589,0.9981395940842503,0.001943411360597589,0.005201138811584016,0.002829872401627786,50.97670146896305,0.030442276466047247,0.0,0.0,1
2024-02-22,0.0006708392833341126,1.0000586883430895,0.00201364078817839,0.004144213450722356,0.007500871451342167,43.36846523340951,0.030442276466047247,0.0,0.0,1
2024-02-23,0.0004871754532318473,1.0011174534096026,0.0015953372317235551,0.0044927243350758594,0.002371263641042616,57.13742308409472,0.030442276466047247,0.0,0.0,0
2024-02-26,-0.0005194228009101076,1.001877312421102,0.001724067630908033,0.0020233625065673166,0.004221553267624575,63.623905785425976,0.030442276466047247,0.0,0.0,1
2024-02-27,0.002853848012403848,1.0032007772823106,0.0017020427675511097,0.007302662666561988,0.002994258669672461,65.48854910705492,0.030442276466047247,0.0,0.0,0
2024-02-28,-0.0005639159695992602,1.0037810078742955,0.0013878368485322526,0.012688428743859559,0.004471552892637113,61.90149467127914,0.030442276466047247,0.0,0.0,0
2024-02-29,-0.0005528021705811792,1.0039599343041623,0.0014742671927346124,0.009939154336583655,0.0046320726930538045,60.44683424974005,0.02664363761735533,0.0,0.0,0
2024-03-01,-0.0031226566602047257,1.003900325738103,0.002125032824148832,0.0028849966894568535,0.003911686249553998,51.1002748264407,0.02664363761735533,0.0,0.0,1
2024-03-04,0.003491335816306229,1.004028537271308,0.0027304561892404536,0.005356219312520949,0.0025743468398861814,61.02804750118529,0.02664363761735533,0.0,0.0,1
2024-03-05,0.0011506775155347704,1.0035801706490808,0.0024421116399365402,0.007403315699489932,0.0030090126518000212,77.23595286093621,0.02664363761735533,0.0,0.0,1
2024-03-06,7.599404215485883e-05,1.0033283431128681,0.002416529173512131,0.00396241668391073,0.006551352640575824,75.16458921728683,0.02664363761735533,0.0,0.0,1
2024-03-07,0.004011016541833223,1.0038773210250458,0.0028754228896287607,0.007313581023822069,0.006568162817465578,75.34529855340105,0.02664363761735533,0.0,0.0,1
2024-03-08,0.004642906047294559,1.0057590099859879,0.001962293791493677,0.011497666506556259,0.0046557417240179165,78.73891658303128,0.02664363761735533,0.19999999999999973,0.0,0
2024-03-11,-0.0006565677953876969,1.006938884465866,0.002365862049318319,0.011358872571934908,0.003276607648947407,79.38552111121332,0.02664363761735533,0.19999999999999973,0.0,0
2024-03-12,-0.0010603929401840073,1.0076059376729347,0.0027096960039730473,0.007411435640192421,0.0035578429471611523,72.82289954747799,0.03118203999363489,0.19999999999999973,0.0,0
2024-03-13,-0.0003278122880970846,1.007912953140415,0.0027645810722824894,0.007649423394029409,0.0026369943260932077,71.02844761566767,0.03118203999363489,0.19999999999999973,0.0,1
2024-03-14,0.0025197242768419947,1.0079043588002863,0.002466276022643684,0.01074716533560749,0.006442999729923066,73.3524035322819,0.03118203999363489,0.19999999999999973,0.0,0
2024-03-15,-0.006562695389562556,1.0061672675960593,0.003304119808179288,0.007259264424253509,0.0025488344969578835,59.21336393706357,0.03118203999363489,0.19999999999999973,0.0,0
2024-03-18,-7.623501546549782e-05,1.004603845691195,0.0033387636596131525,0.0036782980087650685,0.0024537277876018173,55.04291234028973,0.03118203999363489,0.19999999999999973,0.0,0
2024-03-19,-0.0007937371227215717,1.003092274894369,0.0033417124643420047,0.0017289742770050243,0.003934564541055356,54.604558954335076,0.03118203999363489,0.19999999999999973,0.0,0
2024-03-20,-0.0009777760139780822,1.0016752628498118,0.0033192522820290724,0.0006734624921582721,0.003438788640420367,53.81555194009227,0.03118203999363489,0.19999999999999973,0.0,1
2024-03-21,0.006803066718666706,1.0008049313605905,0.004754624902019641,0.0034562312784283122,0.008049987373017627,68.31650798997414,0.03118203999363489,0.19999999999999973,0.0,0
2024-03-22,-0.006843421167792574,1.000249414348466,0.004847499873720713,-0.008016528394788058,0.0055703406822424474,52.4702134094305,0.03118203999363489,0.19999999999999973,0.0,0
2024-03-25,-0.005047075233675091,0.998927629743785,0.0052622272781125455,-0.0123747006410726,0.0037935054419132716,44.59297069951987,0.03118203999363489,0.19999999999999973,0.0,1
2024-03-26,0.002839613982804634,0.9983294939222587,0.005601911807512331,-0.008518866436885486,0.0035160389649314516,48.11118940319466,0.03118203999363489,0.19999999999999973,0.0,0
2024-03-27,-0.0005415890093947162,0.997817695912625,0.0055988317748586645,-0.00873089152727713,0.0025423576796380614,42.23612752837316,0.03118203999363489,0.19999999999999973,0.0,0
2024-03-28,-0.0017517638968261862,0.9956576867312951,0.0038076386924689436,-0.01295444361431275,0.004888036200946695,32.94817448379598,0.03118203999363489,0.19999999999999973,0.0,0
2024-03-29,-0.0017487746285576034,0.9944574700840166,0.002834832979849476,-0.008171495486744673,0.003558010659233622,32.01253502007336,0.030635370831787023,0.19999999999999973,0.0,0
2024-04-01,-0.00016178799477861716,0.9944135115601528,0.001879995165638392,-0.008256355839603713,0.006476322389062024,32.79579596462314,0.030635370831787023,0.19999999999999973,0.0,0
2024-04-02,-0.005143150317636236,0.9930944069289411,0.001963724182611777,-0.0125732852386079,0.004974336160273013,29.05150202217976,0.030635370831787023,0.19999999999999973,0.0,1
2024-04-03,0.0029182757337018472,0.9923194794760006,0.002923592220481989,-0.008722454410838743,0.006236912336510757,29.639256991052903,0.030635370831787023,0.19999999999999973,0.0,1
2024-04-04,0.006481340849805228,0.9930586714184038,0.0044429675594074005,-0.009039219069370108,0.003761934846363738,45.064670198959114,0.030635370831787023,0.19999999999999973,0.0,0
2024-04-05,-0.00011922747634585118,0.9943604005993318,0.004296965685257937,-0.0023298920874758045,0.0052394844006784895,45.01905663773606,0.030635370831787023,0.09999999999999964,0.0,0
2024-04-08,-0.0006065486129902542,0.9955716889345686,0.0043262301558503816,0.0021227614628291924,0.0033959379945507373,45.22338895018069,0.030635370831787023,-0.10000000000000009,0.0,1
2024-04-09,0.0030636417249643166,0.9982137390757825,0.0028608753787228427,0.0023466290648734844,0.0035559798531783916,50.0372021951792,0.030635370831787023,-0.10000000000000009,0.0,0
2024-04-10,-0.0004018391107306618,1.000202600046017,0.0030727372246944222,0.0024867828104397915,0.012397142392318823,40.449645070883534,0.034531887822721874,-0.10000000000000009,0.0,0
2024-04-11,-0.010827671256997462,0.999404596852117,0.005276260213022843,-0.0066276607132482734,0.005153591177879354,36.61395452188727,0.034531887822721874,-0.10000000000000009,0.0,0
2024-04-12,-0.0013837832894822988,0.9980912090049933,0.005206700386247757,-0.006264453244926083,0.009872048551204195,40.17642551116374,0.034531887822721874,-0.10000000000000009,0.0,0
2024-04-15,-0.007199109613056143,0.9958212982118128,0.005577267989173095,-0.013258821495770512,0.003936506799364866,29.375247689965164,0.034531887822721874,-0.10000000000000009,0.0,0
2024-04-16,-0.002242108544694643,0.9925600472395611,0.004440966318845936,-0.010381445339757378,0.004699487576463857,28.26213470462811,0.034531887822721874,-0.10000000000000009,0.0,0
2024-04-17,-0.00040354405243714364,0.9892636430772541,0.00444058158543652,-0.013659214401444575,0.004191840831934893,29.163485008891385,0.034531887822721874,-0.10000000000000009,0.0,1
2024-04-18,0.00451316778317401,0.9891507399602298,0.004191698874129742,-0.01558800263620308,0.004118706523026455,37.22600187981825,0.034531887822721874,-0.10000000000000009,0.0,0
2024-04-19,-0.002363091527059935,0.9886172655205839,0.004216880492947738,-0.01779715271956861,0.0064419380019464685,35.5232675671468,0.034531887822721874,-0.10000000000000009,0.0,1
2024-04-22,0.0013216500410460075,0.989463634825927,0.002861514582009029,-0.015902121082640885,0.0043297063984607176,41.627906976744185,0.034531887822721874,-0.10000000000000009,0.0,0
2024-04-23,-0.00039414857141839565,0.9908380658268737,0.0025781657004904732,-0.019294532047272606,0.006630998044480489,37.119239135390885,0.034531887822721874,-0.10000000000000009,0.0,1
2024-04-24,0.004720570617393394,0.9929717231977573,0.0030812562522925645,-0.014268937337297838,0.003420919931006956,34.23361759425494,0.034531887822721874,-0.10000000000000009,0.0,0
2024-04-25,-0.0004172858578515015,0.9940644560966855,0.0026598634059222617,-0.003894768990647224,0.004969746679621632,33.97977964209244,0.034531887822721874,-0.10000000000000009,0.0,1
2024-04-26,0.002779056228315868,0.9959567662178012,0.0021938359470167162,0.00025760321214973736,0.0072110323550969024,38.824744501060565,0.030740992611862028,-0.10000000000000009,0.0,0
2024-04-29,-0.002120068399481645,0.9972615654185351,0.002768463457816464,0.005374792006093809,0.004148383395287974,32.21720778430647,0.030740992611862028,-0.10000000000000009,0.0,1
2024-04-30,0.0008251340439218158,0.9985109694223264,0.00267664851374326,0.008465449976300166,0.004870740646716169,33.87772037369167,0.030740992611862028,-0.10000000000000009,0.0,0
2024-05-01,-0.004586615036051955,0.9982809572630138,0.0028121204558840865,0.004245264383730074,0.003617891553331881,40.02878243954896,0.030740992611862028,-0.10000000000000009,0.0,1
2024-05-02,0.005157048926138108,0.9992295675720231,0.00386285648736925,0.0048889738037616315,0.005128700050712166,49.365710038874916,0.030740992611862028,-0.10000000000000009,0.0,1
2024-05-03,0.0010733945474359352,0.9997791073947683,0.0036720415902739534,0.008350440531347925,0.00786334191920499,61.875241759807814,0.030740992611862028,0.0,0.0,1
2024-05-06,0.00233441227800002,1.001074325519419,0.003546132119230632,0.009370311866142567,0.0033234828167417194,68.7763356352003,0.030740992611862028,0.10000000000000009,0.0,1
2024-05-07,0.0008721746157627219,1.0024921064028065,0.0035457450005900956,0.010649004891540192,0.0031579506755649634,70.42030029068992,0.030740992611862028,0.10000000000000009,0.0,0
2024-05-08,-0.0015803038824503401,1.0045712911637272,0.00245505747765291,0.004310951576576683,0.0021165057285483543,62.41178230756319,0.030740992611862028,0.10000000000000009,0.0,0
2024-05-09,-0.00033310542298736756,1.0050208375075582,0.0014874921804391233,0.004395530202683684,0.005369731569992863,66.83757210073,0.030740992611862028,0.10000000000000009,0.0,1
2024-05-10,0.003559004264149568,1.0057206151097269,0.002047942042276536,0.005176735510190156,0.002897124395962661,69.27321707896414,0.030740992611862028,0.10000000000000009,0.0,0
2024-05-13,-0.0013678194040684932,1.005382774010846,0.0021001173978838295,0.005934485180821847,0.003791974031286774,67.1220621204307,0.030740992611862028,0.10000000000000009,0.0,1
2024-05-14,0.002148010508616016,1.0050815167052451,0.0022684147767915016,0.007264115113368774,0.004810984949767949,64.26585826231195,0.030740992611862028,0.10000000000000009,0.0,1
2024-05-15,0.001946593428366894,1.0053713720387856,0.0019977917651294985,0.013875103615399231,0.00561061933635982,67.41886767853457,0.033966287906298076,0.10000000000000009,0.0,1
2024-05-16,0.006958517197712899,1.0070014211689828,0.003011612928692238,0.015692196608433573,0.0038235228758391735,71.37693839761252,0.033966287906298076,0.10000000000000009,0.0,0
2024-05-17,-0.002021339610122852,1.0074916417297837,0.003571890863955413,0.012552269654495296,0.003915838485675418,71.5173308595456,0.033966287906298076,0.10000000000000009,0.0,1
2024-05-20,0.0007068450993499287,1.0084278447913542,0.0032573536352855114,0.010908110957985828,0.00274876384000456,71.42925665607153,0.033966287906298076,0.10000000000000009,0.0,0
2024-05-21,-0.001346704651206121,1.0087093813042283,0.00356412537389667,0.008666982565065373,0.0027151519462119585,78.71442213835414,0.033966287906298076,0.10000000000000009,0.0,0
2024-05-22,-0.0005210343327269884,1.0087573345149845,0.0036138425490439526,0.009737123934068226,0.0038995266515608373,73.12052875213506,0.033966287906298076,0.10000000000000009,0.0,0
2024-05-23,-0.0027604945630765876,1.0069727102958987,0.0013442154669544594,0.007285282283335581,0.004458948731615137,64.98633005642486,0.033966287906298076,0.10000000000000009,0.0,0
2024-05-24,-0.0011568313063549107,1.0055630270717095,0.0012634917805478603,0.0025519365172632646,0.0046655388141672825,59.251188589540405,0.033966287906298076,0.10000000000000009,0.0,1
2024-05-27,0.0032325156678336686,1.0043913526199315,0.0022466494592762645,0.00717032847836685,0.002346132902840822,62.50274366538815,0.033966287906298076,0.10000000000000009,0.0,1
2024-05-28,0.0013143355434903636,1.0037312581740532,0.002313241615345463,0.006332475506884538,0.0027978574599563303,67.533500696094,0.033966287906298076,0.10000000000000009,0.0,0
2024-05-29,-0.0009224489840714556,1.002809823159853,0.002343553692791303,0.0034508742596923714,0.0045537782826058065,66.19196139586889,0.033966287906298076,0.10000000000000009,0.0,0
2024-05-30,-0.004612329057552267,1.0020051551431024,0.0029461580110980447,-0.00807966606790933,0.005275667534062455,52.479860889314736,0.032684457984661686,0.10000000000000009,0.0,1
2024-05-31,0.0031097347455193436,1.0019513931163992,0.0032814312178029836,-0.0029797403978647496,0.006547736203958875,59.16167382969357,0.032684457984661686,0.10000000000000009,0.0,1
2024-06-03,0.0016279400589764847,1.0016120914263944,0.003004958508681391,-0.002062038735022753,0.005791394255704896,58.519094964554256,0.032684457984661686,0.0,0.0,1
2024-06-04,0.005006481625289716,1.0018054003046606,0.0037405285544917528,0.004286596762233197,0.005272696233722829,62.13224984264873,0.032684457984661686,0.0,0.0,0
2024-06-05,-0.0023396196060713192,1.001751719089481,0.003955174195968907,0.0024592638439564496,0.0026629066675751896,48.80738347814253,0.032684457984661686,0.0,0.0,0
2024-06-06,-0.000674161906872528,1.0025033303979294,0.0029263553339009874,0.0045565167980055055,0.0032226815038493384,51.058608429153225,0.032684457984661686,0.0,0.0,1
2024-06-07,0.0018301472109247818,1.0030865307550565,0.002786152520687172,0.007560580728275257,0.00888771004688523,52.86876077905021,0.032684457984661686,0.10000000000000009,0.0,0
2024-06-10,-0.010606295366450635,1.0016801082136224,0.005865856271365794,-0.006337932591949924,0.004563490615221309,40.50005251491147,0.032684457984661686,0.10000000000000009,0.0,0
2024-06-11,-0.0013563397936425803,0.9991765308155981,0.004718210250549233,-0.008988198030755234,0.004871469961741884,39.675727487619106,0.032684457984661686,0.10000000000000009,0.0,0
2024-06-12,-0.0022233252467021014,0.9969080769310997,0.004720281163329507,-0.010278572064139957,0.010868023390940505,40.22698197431491,0.0327438063397234,0.10000000000000009,0.25,1
2024-06-13,0.0067799586265469,0.9961280895543082,0.006371333870244812,0.0010488650373134956,0.005917166286671399,50.0472473592101,0.0327438063397234,0.10000000000000009,0.0,0
2024-06-14,-0.00687287799533598,0.993848456799497,0.006551781123789222,-0.008913238617154207,0.007227044581242919,39.81043183137587,0.0327438063397234,0.10000000000000009,0.0,0
2024-06-17,-0.0034140414735827074,0.9932266876870102,0.005039810254561059,-0.013902158103327733,0.0035990567666522233,35.64410538834899,0.0327438063397234,0.10000000000000009,0.0,1
2024-06-18,0.0035981656628754077,0.993342206820928,0.005519074965235287,-0.015283977381746361,0.004668181217329807,40.492668478227635,0.0327438063397234,0.10000000000000009,0.0,1
2024-06-19,0.0001503895755938789,0.9938969587870204,0.005427193328307217,-0.01282627535624925,0.0025126263859284043,44.45069245489764,0.0327438063397234,0.10000000000000009,0.0,1
2024-06-20,0.0008601434112416317,0.9930956223814565,0.004066723270570916,-0.01131062766869062,0.003982796836780504,41.808733067283825,0.0327438063397234,0.10000000000000009,0.0,0
2024-06-21,-0.004196899470109816,0.9929838569344389,0.0032084346820930153,-0.017258618969085204,0.004745475180507878,36.40909603158995,0.0327438063397234,0.10000000000000009,0.0,0
2024-06-24,-0.0017420859848481518,0.9934521126920199,0.0029156541287420567,-0.00845400930902096,0.005855307560358042,28.202737716361227,0.0327438063397234,0.10000000000000009,0.0,1
2024-06-25,0.004207219620098845,0.9938993228710696,0.0031228173986274288,-0.002929991833631962,0.004988636895009486,35.748232056282575,0.0327438063397234,0.10000000000000009,0.0,0
2024-06-26,-0.0021526644623542923,0.9939489065812755,0.0032362816013983492,-0.002859381094165614,0.004922706002306353,34.70248034412978,0.0327438063397234,0.10000000000000009,0.0,0
2024-06-27,-0.0027554909460054677,0.9931846776912807,0.003231041221120356,-0.012303534215063472,0.004525441937689227,30.467064306900042,0.0327438063397234,0.10000000000000009,0.0,1
2024-06-28,0.002655728098447163,0.9938082676101325,0.0031625186990772037,-0.0028270328144278656,0.003263082218940438,42.37052997070358,0.030884574497845874,0.10000000000000009,0.0,1
2024-07-01,0.002501303028703994,0.9952345396349294,0.00313310720424483,0.0030917959416907337,0.005349575759487072,46.93782517751829,0.030884574497845874,0.10000000000000009,0.0,1
2024-07-02,0.00017178606538514885,0.996103755486162,0.0025263720232876225,-0.0003328548614068838,0.0033016784623935294,49.64251202627563,0.030884574497845874,0.10000000000000009,0.0,1
2024-07-03,0.0010534106278563549,0.9974438646541349,0.00220287762141504,0.0005697298765725556,0.00730367323091133,41.700467971035316,0.030884574497845874,0.10000000000000009,0.0,1
2024-07-04,0.004176934043238045,0.9999277884996713,0.0015488859808347139,0.0038855580954910707,0.003004500842327158,57.553987754400346,0.030884574497845874,0.10000000000000009,0.0,1
2024-07-05,0.0016107649996139894,1.002220922485664,0.001527501841476837,0.00974036060044181,0.0025579283041267257,65.8986046349173,0.030884574497845874,0.19999999999999973,0.0,1
2024-07-08,0.0014182900309382962,1.0036907703821574,0.0014979230798751464,0.012937088793637752,0.002958312416334298,63.41432340068349,0.030884574497845874,0.09999999999999964,0.0,1
2024-07-09,0.00045487934906107697,1.0051258993573853,0.0014301875572587943,0.00915212832328205,0.0025835217254442716,63.7909805666815,0.030884574497845874,0.09999999999999964,0.0,0
2024-07-10,-0.0014924617474129098,1.0060126290603404,0.0020541054990167525,0.00981981059408632,0.0015588452508239548,59.63172855955186,0.030884574497845874,0.09999999999999964,0.0,1
2024-07-11,0.00171162134456182,1.00666224095045,0.00134420370596631,0.014343253386909893,0.006037549072211142,71.02538271604939,0.030305324166257863,0.09999999999999964,0.0,1
2024-07-12,0.0036424246238953017,1.0071894390595584,0.0018751885836177822,0.015341451408105833,0.004425962003695099,78.67691625397295,0.030305324166257863,0.09999999999999964,0.0,1
2024-07-15,0.0011756735673211782,1.007437238164074,0.0018695424792738245,0.01399884313689137,0.0034509298192664213,76.31361794542312,0.030305324166257863,0.09999999999999964,0.0,1
2024-07-16,0.0014717265118406875,1.0079957143454785,0.0018370600680083797,0.01531675484687689,0.00313256877528666,83.87694042694653,0.030305324166257863,0.09999999999999964,0.0,1
2024-07-17,8.715248765667205e-05,1.0088738968706938,0.0012910850411176423,0.01433672913712325,0.004660884998482345,93.65415124272872,0.030305324166257863,0.09999999999999964,0.0,1
2024-07-18,0.00345714833044819,1.0099731166839563,0.0015356521078137128,0.013609660967322634,0.0033594826194092253,93.87832493634541,0.030305324166257863,0.09999999999999964,0.0,0
2024-07-19,-0.00353208229081603,1.0095941199822387,0.0025772343936915267,0.008405204425303126,0.0022190532396722936,80.1364417983703,0.030305324166257863,0.09999999999999964,0.0,0
2024-07-22,-0.0002180452451537862,1.008859466036211,0.0025655456359622957,0.006757452406968012,0.0025559732325541895,79.31488005657587,0.030305324166257863,0.09999999999999964,0.0,0
2024-07-23,-0.0008603399994553396,1.0079099752440162,0.0024997730793855024,0.005433947561321872,0.0051344106002486475,75.75332531407554,0.030305324166257863,0.09999999999999964,0.0,0
2024-07-24,-0.00359155869312322,1.0062963392731126,0.00289878117162948,0.0033202896793464998,0.0036648194254106305,60.67729242726027,0.030305324166257863,0.09999999999999964,0.0,0
2024-07-25,-0.001029748560296584,1.0036979023525747,0.0015951392373294191,0.0005745173548037386,0.003234519785822903,55.49051840011625,0.030305324166257863,0.09999999999999964,0.0,1
2024-07-26,0.0010851384423078425,1.0021096082707805,0.0017077842515600538,-0.001974951782911183,0.0023783011575885704,54.87683050902077,0.030305324166257863,0.09999999999999964,0.0,1
2024-07-29,0.00022795394253760648,1.0007249263681932,0.0017645098015858394,-0.002919689004552639,0.006341276806903091,54.44565798340809,0.028588983663437872,0.09999999999999964,0.0,0
2024-07-30,-0.003159325678096292,0.9990490180499848,0.002049676009652178,-0.007530434206378223,0.003494260593788515,50.85210747927247,0.028588983663437872,0.09999999999999964,0.0,0
2024-07-31,-0.00031368354387706354,0.9980999079658447,0.0016073902429703804,-0.007928217100780177,0.003990773244967392,46.6812746624772,0.028588983663437872,0.09999999999999964,0.0,1
2024-08-01,0.0007252143928826449,0.9976718066949009,0.0016899324128347279,-0.010629154133032115,0.005493207473898812,39.28429444258454,0.028588983663437872,0.09999999999999964,0.0,0
2024-08-02,-0.0033549348611565666,0.9966048266610272,0.0019371773877833087,-0.010453268387780712,0.013280589641383192,30.523406051008266,0.028588983663437872,0.2999999999999998,0.0,1
2024-08-05,0.011423649815007764,0.9972667977102738,0.006055959809256585,0.0010692453387586287,0.010418595747930687,51.29336134342051,0.028588983663437872,0.20000000000000018,0.0,1
2024-08-06,0.0036794715598382766,0.9991364586291405,0.005620197104893107,0.005617824394903437,0.005338246419960049,56.092159988493485,0.028588983663437872,0.20000000000000018,0.0,0
2024-08-07,-0.002261616420014434,1.000650507812779,0.0059177404945874494,0.006960058763673338,0.002696503241368189,48.18323721978927,0.028588983663437872,0.20000000000000018,0.0,1
2024-08-08,0.00017478447067253988,1.0021303703729194,0.005953380930551913,0.008174225701977456,0.005908253534130903,53.815023162334924,0.028588983663437872,0.20000000000000018,0.0,0
2024-08-09,-0.0011351369276645373,1.0042876645240342,0.005528108252540029,0.005938227667434681,0.0019884741016755907,52.30846542709855,0.028588983663437872,0.20000000000000018,0.0,0
2024-08-12,-0.00017473410383794796,1.004211897355615,0.002235343689449793,0.0055332406861399175,0.0024175411270353254,53.42249715344221,0.028588983663437872,0.20000000000000018,0.0,1
2024-08-13,0.002055996775592428,1.003781123462942,0.0016071831265861353,0.010794041356867012,0.0042782897261857515,62.805776704052754,0.028588983663437872,0.20000000000000018,0.0,1
2024-08-14,0.005553525057191644,1.0046456379316842,0.002647391090617571,0.01672644174660287,0.005475698977370154,70.52367279462032,0.03018255418139759,0.20000000000000018,0.0,1
2024-08-15,0.0014757817963280129,1.00587142877001,0.002572658772945843,0.017489010446202435,0.00602475170630039,70.86293698990328,0.03018255418139759,0.20000000000000018,0.0,0
2024-08-16,-0.0036758995319072785,1.0065894623355616,0.003365602122960024,0.01716133308476886,0.002795451619544369,63.96110072852203,0.03018255418139759,0.20000000000000018,0.0,1
2024-08-19,0.004762838560523397,1.0080484071248428,0.0036314136227234874,0.01046273585869395,0.004417504150702254,73.1414642789072,0.03018255418139759,0.20000000000000018,0.0,1
2024-08-20,0.005576511052951094,1.0098935249434213,0.003962814593837109,0.01237259629776788,0.004041501465213636,76.92420911693627,0.03018255418139759,0.20000000000000018,0.0,1
2024-08-21,0.0037390286396496997,1.0110092748207133,0.003715978893236586,0.018461255127065757,0.003838332807343546,78.37176340750861,0.03018255418139759,0.20000000000000018,0.0,1
2024-08-22,0.0024652959222828397,1.0121484422997995,0.0036822696242713136,0.02079364462949118,0.005217682156961122,84.89938504282979,0.03018255418139759,0.20000000000000018,0.0,0
2024-08-23,-0.00342409723658188,1.0135571462598172,0.0035756086161884675,0.01845443316802764,0.008019942196624765,73.34829811573245,0.03018255418139759,0.20000000000000018,0.0,1
2024-08-26,0.006365920264025826,1.0149839435782007,0.003874711017289577,0.02511695577471529,0.004310014150058816,75.07581912408097,0.03018255418139759,0.20000000000000018,0.0,0
2024-08-27,-0.0020766916139590696,1.0148132890168504,0.004081194933712745,0.020889159169840132,0.002534693341505056,75.32021101019612,0.03018255418139759,0.20000000000000018,0.0,1
2024-08-28,0.0011849710056877072,1.0140536776498321,0.0038718892864246313,0.01645398057288383,0.006843431951955949,75.89952242997123,0.03018255418139759,0.20000000000000018,0.0,0
2024-08-29,-0.004739286454720659,1.0121169561318373,0.0044435537855917655,0.010145958973021285,0.007539736499801925,70.00987274870548,0.03018255418139759,0.20000000000000018,0.0,0
2024-08-30,-0.004000090438690873,1.0101087460110205,0.004543430099898992,0.009817270613210027,0.0037634377946153394,64.73600654422941,0.023720977310795366,0.20000000000000018,0.0,0
2024-09-02,-0.003214000190856159,1.0069041185852234,0.002318881963471259,0.0018003045920742533,0.0031787080204876694,59.38392375175642,0.023720977310795366,0.0,0.0,1
2024-09-03,0.0020474717717107183,1.0046129797645968,0.003129565255260799,-0.0017154822108236267,0.0033221474883550345,56.51919785435745,0.023720977310795366,0.0,0.0,0
2024-09-04,-0.0016794385642910914,1.001720589230354,0.0026907235477948805,-0.007104504422277835,0.004811261586737736,53.283980657147495,0.023720977310795366,0.0,0.0,1
2024-09-05,0.0028587264145090163,1.0002262968539908,0.0030957927212527446,-0.006714829722172744,0.004146225927408609,60.0875645794355,0.023720977310795366,0.0,0.0,1
2024-09-06,0.0027667685247454443,0.9998974977345061,0.0028117886400426026,-0.000544406440959766,0.007418560628005951,58.404513989878424,0.023720977310795366,-0.09999999999999964,0.0,0
2024-09-09,-0.002150916950658943,0.9998799015263522,0.0024755449348368534,-0.009002761818708738,0.005089011193652729,50.07771519828047,0.023720977310795366,-0.09999999999999964,0.0,0
2024-09-10,-0.0044813102943156435,0.9988831954351638,0.003237024929149497,-0.011390691282914256,0.003088147477645681,40.6414828892646,0.023720977310795366,-0.09999999999999964,0.0,0
2024-09-11,-0.0014988742242775244,0.9982720450650199,0.0032220692725585007,-0.01404082532840878,0.004734847358121966,35.76789051058027,0.0256375930962649,-0.09999999999999964,0.0,0
2024-09-12,-0.0009138923865484871,0.9970278644741812,0.0026249854440060726,-0.010251182748412524,0.0037215986537069506,38.03376232120658,0.0256375930962649,-0.09999999999999964,0.0,1
2024-09-13,0.006081768854457881,0.9959560329273972,0.003969325535726789,-0.00023259919704865517,0.002574897525470534,37.498070334610745,0.0256375930962649,-0.09999999999999964,0.0,1
2024-09-16,0.0009536418367903643,0.9956934121525022,0.003906959025010167,0.003947508306723524,0.004353416954975451,41.08062586619893,0.0256375930962649,-0.09999999999999964,0.0,1
2024-09-17,0.003706113070797379,0.9971584850622,0.0031953404882363676,0.005609294645497087,0.0029715732382532725,44.68613704310675,0.0256375930962649,-0.09999999999999964,0.0,0
2024-09-18,-0.0005783979918021487,0.9990206264026992,0.0029871683556235394,0.006718373909460507,0.002848436757159031,49.77299434599919,0.0256375930962649,-0.09999999999999964,0.25,0
2024-09-19,-0.0007446361121506984,1.0010762055553095,0.0029487309530530944,0.0031011433186525217,0.009911104761757673,54.611099913296925,0.0256375930962649,-0.09999999999999964,-0.5,1
2024-09-20,0.004241518250529985,1.0023895615537006,0.002347246773349828,0.004576384802990718,0.0039718771022833645,65.24451175232906,0.0256375930962649,-0.09999999999999964,0.0,0
2024-09-23,-0.00010049842305048795,1.0038169118897244,0.0024552039251840834,0.0066406268479934916,0.007464974221325965,62.87536365279992,0.0256375930962649,-0.09999999999999964,0.0,0
2024-09-24,-0.004400265316868879,1.0037355119272098,0.0030721009625165113,0.006722577260118934,0.0053546793849242255,57.99399654346442,0.0256375930962649,-0.09999999999999964,0.0,1
2024-09-25,0.007151230534546471,1.0049030895791933,0.004513854040018447,0.015443905190127838,0.006318165893344494,62.55392299957834,0.0256375930962649,-0.09999999999999964,0.0,0
2024-09-26,-0.005376310297212861,1.0051677750826904,0.005407131134975301,0.01090842517968138,0.005637342127806958,52.11576608643442,0.0256375930962649,-0.09999999999999964,0.0,1
2024-09-27,0.004146666853728442,1.0050040316774178,0.005389998691066376,0.008964039567419757,0.006555712194987723,59.12800739239184,0.0256375930962649,-0.09999999999999964,0.0,0
2024-09-30,-0.0006589094951865437,1.004600196608187,0.005405723868267656,0.00733858336453741,0.006470065913049418,64.68270454647694,0.021594830249674013,-0.09999999999999964,0.0,0
2024-10-01,-0.0029734512140978664,1.004735374354164,0.005134859270856564,0.0006348453513724817,0.007605282732639561,62.374706542819226,0.021594830249674013,-0.09999999999999964,0.0,0
2024-10-02,-0.006527790072830886,1.0023758672893162,0.004243868900774086,-0.005321768967322171,0.004343569646450476,55.0014175971054,0.021594830249674013,-0.09999999999999964,0.0,0
2024-10-03,-0.001392079970037985,1.001034216659453,0.0038746572231767866,-0.005966247180329343,0.0035230309028031035,46.9287738776894,0.021594830249674013,-0.09999999999999964,0.0,0
2024-10-04,-0.0011698119884905323,0.9988242132865213,0.0023887177267755506,-0.011322573131292701,0.007595615747721207,44.50003596774314,0.021594830249674013,-0.20000000000000018,0.0,0
2024-10-07,-0.005531086014798681,0.9958122139506251,0.0024208162010189165,-0.016692212138139984,0.002686693653813212,34.51648014023422,0.021594830249674013,-0.10000000000000053,0.0,1
2024-10-08,0.00010970973519652816,0.9931898693545065,0.0029329667588726014,-0.012237918472453035,0.0032620403272640816,35.124278242703,0.021594830249674013,-0.10000000000000053,0.0,0
2024-10-09,0.0,0.9918028936679344,0.00230025982815494,-0.01925147725501819,0.0036339263924086585,35.7216465825115,0.021594830249674013,-0.10000000000000053,0.0,0
2024-10-10,-0.002954669543280719,0.9902080944072554,0.0023705906783173625,-0.016863618794953017,0.0036927349125269867,26.852655809868054,0.023432342160979003,-0.10000000000000053,0.0,0
2024-10-11,-0.0008638422329961815,0.9890158211151621,0.002398235704927104,-0.021769290380710626,0.002452358469326221,26.387169903045063,0.023432342160979003,-0.10000000000000053,0.0,0
2024-10-14,-0.0007756225559412133,0.9888561367611736,0.0012316563335091819,-0.02188353795976916,0.003112208974417867,28.823822657642765,0.023432342160979003,-0.10000000000000053,0.0,0
2024-10-15,-0.001483708503107417,0.9886374681045743,0.0011058076323190516,-0.020422050428069438,0.002974339641197538,12.571115766025173,0.023432342160979003,-0.10000000000000053,0.0,0
2024-10-16,-0.002296510595518164,0.9880482154028859,0.0009390525309260137,-0.016249947743128046,0.0030697924341467203,13.863241421183758,0.023432342160979003,-0.10000000000000053,0.0,0
2024-10-17,-0.0019877858886587774,0.9877129848068555,0.0006708831180473041,-0.0168367904036143,0.005161812137913173,0.37968782893747743,0.023432342160979003,-0.10000000000000053,0.0,0
2024-10-18,-0.0030323382838881585,0.9873095304066318,0.0008490415315912253,-0.018670102364465535,0.0032696426509434386,0.3513520094899718,0.023432342160979003,-0.10000000000000053,0.0,1
2024-10-21,0.003608352223611222,0.9875887483577914,0.002657563339162458,-0.009651415239290473,0.004458686541645905,11.556878035433343,0.023432342160979003,-0.10000000000000053,0.0,0
2024-10-22,-0.004673224704925039,0.9872470908099111,0.0031316781156626957,-0.014387667980034102,0.003311421749285813,12.331936760047299,0.023432342160979003,-0.10000000000000053,0.0,0
2024-10-23,-0.0019003483549562272,0.9874362408690791,0.003117041065163038,-0.016260674753812876,0.004244813112627047,12.140308771274292,0.023432342160979003,-0.10000000000000053,0.25,0
2024-10-24,-0.0015524310655355977,0.9875193890138841,0.0031094696534494856,-0.014877149760722186,0.0035859514830019774,12.001505959907362,0.023432342160979003,-0.10000000000000053,0.0,1
2024-10-25,0.004048280359946421,0.989014453872066,0.00378236410660187,-0.010033921766352316,0.002826665679877744,26.37148583094529,0.023432342160979003,-0.10000000000000053,0.0,0
2024-10-28,-0.002548029968427179,0.9893851247767808,0.0032388772479986444,-0.011789906963249774,0.004119878721228864,24.003652955400042,0.023432342160979003,-0.10000000000000053,0.0,1
2024-10-29,0.0018712969894509879,0.9908168979870533,0.0028461741588500316,-0.008469530202075637,0.005163566006977476,28.212358959445012,0.023432342160979003,-0.10000000000000053,0.0,1
2024-10-30,0.0003570732687898648,0.9923525622862523,0.002644483235278389,-0.005832364667858858,0.005243467891622438,31.757928137131515,0.023432342160979003,-0.10000000000000053,0.0,1
2024-10-31,0.0035618565060204777,0.9946617732675127,0.002672400357002121,-0.0003041008065091111,0.003990849390938245,39.77896406126618,0.02297322337046781,-0.10000000000000053,0.0,1
2024-11-01,0.0024819583506552334,0.9964852258171044,0.002367248352922386,0.005225285896967691,0.005107125007720149,44.88680305999795,0.02297322337046781,-0.10000000000000053,0.0,0
2024-11-04,-0.0010655995851049926,0.9983781883280779,0.0018182904224811193,0.0005438037901521753,0.004179137593416162,45.432482222236196,0.02297322337046781,0.0,0.0,0
2024-11-05,-4.352012235619984e-05,0.9998999657432185,0.0019046833215792015,0.005197775077214972,0.004455799390911024,48.58156147575426,0.02297322337046781,0.0,0.0,1
2024-11-06,0.005554702899202235,1.002185790472588,0.002684844758801778,0.012705843957326879,0.022828918083194212,59.148471946544646,0.02297322337046781,0.0,0.0,0
2024-11-07,-0.01841790161863377,1.000832362192842,0.009367038794717354,-0.004400473010763961,0.010428663090818278,41.41442217516582,0.02297322337046781,0.0,0.0,1
2024-11-08,0.005786161482286278,0.9997948392093595,0.009890503682872259,-0.002677215616463391,0.00805574687264201,43.72098047768325,0.02297322337046781,0.0,-0.25,0
2024-11-11,-0.007436133497694897,0.9978191570066223,0.010203822992944258,-0.007564686059786996,0.009301416907386796,41.62278063452023,0.02297322337046781,0.0,0.0,0
2024-11-12,-0.004713679148511618,0.9950727513604539,0.010088780776863262,-0.014087642531746436,0.006230535863196042,39.68801401735147,0.02297322337046781,0.0,0.0,0
2024-11-13,-0.004469625327243376,0.9904242181937191,0.008646746261558778,-0.018844645724670483,0.008409990843205473,37.87149296341612,0.02546981818418237,0.0,0.0,0
2024-11-14,-0.0049545500735181935,0.9886625987991114,0.005139760224936898,-0.027170906692571273,0.007729216200265634,30.996563933146547,0.02546981818418237,0.0,0.0,0
2024-11-15,-0.003222246420885977,0.9851171527291811,0.001537220929756685,-0.0327063842238261,0.0063832497007055705,30.70662540067768,0.02546981818418237,0.0,0.0,1
2024-11-18,0.00034766267324415345,0.9832832407343314,0.00220017147525177,-0.03133788639318713,0.005249681259651897,29.006072996211884,0.02546981818418237,0.0,0.0,1
2024-11-19,0.005806019818599184,0.983009993866868,0.0044807251550728604,-0.025671412064697585,0.006847479367436836,34.56785293993005,0.02546981818418237,0.0,0.0,1
2024-11-20,0.001198629558994746,0.9837080458735792,0.0041851502899057395,-0.029892213552940805,0.009787821340765761,32.17119491754528,0.02546981818418237,0.0,0.0,0
2024-11-21,-0.005789868023150069,0.984447856879652,0.004433449650484717,-0.017411796745528507,0.008373778355363752,27.030645137905537,0.02546981818418237,0.0,0.0,0
2024-11-22,-0.007286603503216971,0.9849441368236148,0.005369623131243685,-0.030183044900049638,0.015169681815283434,24.84044750200968,0.02546981818418237,0.0,0.0,1
2024-11-25,0.0010059984149974888,0.9853949763017941,0.005423173888113857,-0.02193438409097681,0.007643364267835114,25.825789820754153,0.02546981818418237,0.0,0.0,0
2024-11-26,-0.0033944345196962322,0.9842927049178232,0.0038691974514046255,-0.0206379653787081,0.01115837190631451,18.995676322929057,0.02546981818418237,0.0,0.0,1
2024-11-27,0.004490308188931369,0.9836297179456566,0.004879187481194592,-0.011823549523885979,0.0102928702465896,30.9842997885645,0.02546981818418237,0.0,0.0,1
2024-11-28,0.006791653575785039,0.9853060725209002,0.005731531106388997,-0.00015843228768774864,0.003412364145922555,31.96309484432831,0.024477375396616763,0.0,0.0,1
2024-11-29,5.281913081822687e-05,0.9885660104468129,0.003962922446938804,0.003126699893301277,0.004970491690793276,36.568205776934434,0.024477375396616763,0.0,0.0,0
2024-12-02,-0.0016977970845830637,0.9913290431925134,0.0042691636213607375,0.001075557702244767,0.007920437267193091,38.80364941294388,0.024477375396616763,0.0,0.0,0
2024-12-03,-0.004158447181446645,0.9941479092428035,0.004485101475071687,-0.008842044860002396,0.004614224097563136,39.08345651860398,0.024477375396616763,0.0,0.0,1
2024-12-04,0.0009143989742383951,0.9965107465406619,0.00407482126367254,-0.009123424994631035,0.00629139673725661,44.51688226319946,0.024477375396616763,0.0,0.0,1
2024-12-05,0.0003154091131798431,0.9966287384577432,0.002057304156819073,-0.0030386186707642704,0.00754566292750905,48.24916477278678,0.024477375396616763,0.0,0.0,1
2024-12-06,0.006795994648919557,0.9980465611790611,0.004072927472070281,0.011104241248326208,0.007590789069308786,54.95611906080432,0.024477375396616763,0.10000000000000053,0.0,0
2024-12-09,-0.0019018358549437453,0.9991404777373694,0.004100553642581418,0.008167072472274661,0.005649809944834413,46.94635063120541,0.024477375396616763,0.10000000000000053,0.0,0
2024-12-10,-0.0009710081955754957,1.000682432650899,0.0034047904323309683,0.010618612687548934,0.00636015281533466,44.537428729078535,0.024477375396616763,0.10000000000000053,0.0,0
2024-12-11,-0.002106648858464677,1.0015005851174152,0.0036869304084690972,0.0039814082020031005,0.005611783296252677,48.499340949627985,0.02768278464651197,0.10000000000000053,0.0,0
2024-12-12,-0.002479601489141614,1.001634447067462,0.0039129219422798225,-0.005263968120720164,0.006198358593952541,54.81238357136521,0.02768278464651197,0.10000000000000053,0.0,0
2024-12-13,-0.0031212470011464655,0.9997822765207972,0.0007905200044861742,-0.00842115930965881,0.006553971961952022,49.293965138081894,0.02768278464651197,0.10000000000000053,0.0,1
2024-12-16,0.003436723753809101,0.9988421385302888,0.0026261781931146548,-0.0033212184244588716,0.004667627217284557,57.97188586691025,0.02768278464651197,0.10000000000000053,0.0,1
2024-12-17,0.0006941552918395821,0.9984907661278325,0.0027414894597618746,0.0015354637523958825,0.005027321339048812,53.507223575909904,0.02768278464651197,0.10000000000000053,0.0,0
2024-12-18,-0.0021200121370241742,0.9983040247665844,0.002743190935119363,-0.0015008302030594667,0.004520389686964406,39.5937554065943,0.02768278464651197,0.10000000000000053,0.25,0
2024-12-19,-0.013796860409498679,0.9962543453686019,0.00656577773981579,-0.015587476548773016,0.006734181629755111,27.27367651665449,0.02768278464651197,0.10000000000000053,-0.25,1
2024-12-20,0.0014199956440721362,0.9946718974945976,0.006849568155461198,-0.020843954300533096,0.008569194053883091,30.625323766098546,0.02768278464651197,0.10000000000000053,0.0,1
2024-12-23,0.006572816929756531,0.9934274827652395,0.007584419323058411,-0.012530135272070142,0.005970247142934351,43.033735797185514,0.02768278464651197,0.10000000000000053,0.0,0
2024-12-24,-0.002611890288039209,0.9914851252951604,0.007494778848288499,-0.014152031764736561,0.0022865057325891507,39.640328385594316,0.02768278464651197,0.10000000000000053,0.0,0
2024-12-25,-0.0003120618074839987,0.9901414935031174,0.0075374966678121835,-0.01237910683642962,0.00302521705608644,38.991372840563415,0.02768278464651197,0.10000000000000053,0.0,0
2024-12-26,-0.00029107357560742564,0.9918507590188197,0.003451700224476619,-0.010212298121635599,0.0032605147128949665,28.775502987871718,0.02768278464651197,0.10000000000000053,0.0,1
2024-12-27,0.0022721812206090153,0.9936237818336275,0.0035010530252640535,-0.0048572347211987,0.003670685683399443,33.896493940694086,0.02768278464651197,0.10000000000000053,0.0,1
2024-12-30,0.000594492107253819,0.9941019400096717,0.0017674866172556656,-0.007675973754124543,0.008083283688406953,35.62676514724426,0.024578274243159948,0.10000000000000053,0.0,0
2024-12-31,-0.0022269349976842268,0.9945595370749498,0.0016322765001473988,-0.010572631101226415,0.0072773195324763815,35.54641326706684,0.024578274243159948,0.10000000000000053,0.0,0
2025-01-02,-0.005217249054994322,0.9943455344027566,0.0028739892466293363,-0.01364363263635715,0.013885674079345722,33.4013374425178,0.024578274243159948,0.10000000000000053,0.0,0
2025-01-03,-0.00808116751134591,0.9930016646937221,0.00421165041758307,-0.007927051682934949,0.003884092530470727,30.120099100177754,0.024578274243159948,0.10000000000000053,0.0,1
2025-01-06,0.003617188874099675,0.9920766515284182,0.00461849118592935,-0.005750366600534851,0.013459842457019009,30.27438204880201,0.024578274243159948,0.10000000000000053,0.0,1
2025-01-07,0.007862458055476917,0.9921037594590789,0.006502171797933668,-0.004476514182807589,0.00739057293353018,38.94930378702843,0.024578274243159948,0.0,0.0,0
2025-01-08,-0.003931263264369433,0.9919384483811239,0.006638326469341906,-0.0057934205823321205,0.007892060223986513,37.76805951633227,0.024578274243159948,0.0,0.0,0
2025-01-09,-0.0029809405322528404,0.9922646133317213,0.006365515609135921,-0.008447665658681158,0.003582507406156231,46.42482077349126,0.024578274243159948,0.0,0.0,0
2025-01-10,-0.0016578833712275198,0.9938290361336392,0.0050074596605170305,-0.009803323698361788,0.008812660521443338,43.25961735777382,0.024578274243159948,-0.10000000000000053,0.0,0
2025-01-13,-0.005163311937805948,0.9937546023561422,0.005212337807104333,-0.017149233073158188,0.00648048117377804,30.537291625157735,0.024578274243159948,-0.10000000000000053,0.0,1
2025-01-14,0.002032546814788372,0.9925916392554456,0.0027612706512602473,-0.01573667965283454,0.006259465233264109,35.30202145348214,0.024578274243159948,-0.10000000000000053,0.0,1
2025-01-15,0.004050693063236022,0.9928528847691291,0.003743918311950698,-0.009544050030053874,0.007725075179273653,40.73214186806492,0.028606119475473424,-0.10000000000000053,0.0,0
2025-01-16,-0.001122253065001133,0.9934356050663272,0.0035536989566753957,-0.0054668651979497,0.004636246298616178,40.069744157905134,0.028606119475473424,-0.10000000000000053,0.0,1
2025-01-17,0.0006490050075860232,0.9937515314605619,0.003494277674719332,0.003286316572813197,0.006135339188062998,38.0708504398827,0.028606119475473424,-0.10000000000000053,0.0,0
2025-01-20,-0.0023843130829300785,0.9948094294054767,0.002540864444549686,-0.0027132068103283835,0.014392382027901371,35.565835025823205,0.028606119475473424,-0.10000000000000053,0.0,1
2025-01-21,0.01394279770201634,0.9978746953147489,0.006564222293026572,0.00330333084233958,0.008586625044528961,51.12366076120204,0.028606119475473424,-0.10000000000000053,0.0,0
2025-01-22,-0.0014152030165982543,0.9997905506115693,0.006801986950593366,0.00583766560668697,0.00550868121924164,54.45408252439577,0.028606119475473424,-0.10000000000000053,0.0,1
2025-01-23,0.00040599688560072345,1.0019755857685857,0.006663240325398176,0.009254560392779165,0.0038274640931902307,63.453056650157265,0.028606119475473424,-0.10000000000000053,0.0,1
2025-01-24,0.0005624851491667915,1.0041013667463445,0.006668514096166112,0.011499198796423471,0.010190456472708083,61.14918178084265,0.028606119475473424,-0.10000000000000053,0.0,1
2025-01-27,0.00495113811170067,1.0075627161326133,0.006191515402994288,0.021783055678773033,0.007585258280293657,58.6980335679978,0.028606119475473424,-0.10000000000000053,0.0,0
2025-01-28,-0.0021516145137691067,1.007957638040605,0.0027622499967987053,0.017516422662374076,0.0038784723272374715,61.094072247145625,0.028606119475473424,-0.10000000000000053,0.0,0
2025-01-29,-0.0015331053400753358,1.0082928909974282,0.002782799523470418,0.011857737682165137,0.005896310256749655,63.18250157355007,0.028965932720523835,-0.10000000000000053,0.0,0
2025-01-30,-0.00036486163034166186,1.0082269577413212,0.0028068868648516575,0.012624971095829718,0.007114311295285598,65.1805917079229,0.028965932720523835,-0.10000000000000053,0.0,0
2025-01-31,-0.00268257458552168,1.0072369861878088,0.0030898442931475293,0.009253518496275426,0.0048356602425855925,69.33719821917643,0.02583270097034074,-0.10000000000000053,0.0,0
2025-02-03,-0.014377536010052872,1.0032717255847252,0.005742362518939906,-0.0028796131254961166,0.011073730138797653,48.333424353303116,0.02583270097034074,-0.10000000000000053,0.0,1
2025-02-04,0.007766210111102678,1.001283928215198,0.007931830245670563,-0.008953724428593657,0.010676730038312487,51.82806649057484,0.02583270097034074,-0.10000000000000053,0.0,1
2025-02-05,0.004398011689169534,1.0000654801190119,0.00848770138842401,-0.003184394872754237,0.006364771194853571,56.50704462093516,0.02583270097034074,-0.10000000000000053,0.25,1
2025-02-06,0.0027041830597469563,0.9991785012201174,0.008659072780175078,-0.0008944567386282021,0.004879159147924827,58.01305083567074,0.02583270097034074,-0.10000000000000053,0.0,0
2025-02-07,-0.0014540054721770002,0.9985306282363696,0.00859667493178837,-0.00290801110192096,0.0078308776519488,58.914289189385364,0.02583270097034074,-0.20000000000000018,0.0,0
2025-02-10,-0.007135643922794088,0.9994385067091507,0.00574708892389291,-0.014900269313396608,0.0035410359593762365,39.87283904974641,0.02583270097034074,-0.09999999999999964,0.0,0
2025-02-11,-0.0009786114722859507,0.9987649320029011,0.004456120592465907,-0.013742252727844462,0.005750707107269926,40.22063174819397,0.02583270097034074,-0.09999999999999964,0.0,1
2025-02-12,0.006156768707821447,0.9983337079190869,0.004977639406120069,-0.006146409644966266,0.007471865206015124,46.18817404239494,0.030356652727771882,-0.09999999999999964,0.0,1
2025-02-13,0.0026084706288276305,0.9976975423055402,0.004964125747476787,-0.0031902741234464127,0.006395462882982714,48.043894703949476,0.030356652727771882,-0.09999999999999964,0.0,1
2025-02-14,0.006705875470178757,0.9983930853288672,0.005716841441966716,0.006193396599582401,0.00626853943441393,49.532454800821974,0.030356652727771882,-0.09999999999999964,0.0,1
2025-02-17,0.0026327820045104477,1.0007931705418514,0.003119007361035357,0.023558737067803648,0.0037850922258944857,53.463813168437945,0.030356652727771882,-0.09999999999999964,0.0,0
2025-02-18,-0.0003669738116622856,1.0040183367140518,0.002907972194117077,0.015298099450863134,0.004167119536176733,54.504059583783025,0.030356652727771882,-0.09999999999999964,0.0,0
2025-02-19,-0.003531586340879578,1.0054174123947968,0.0038195323200460184,0.007282446576582391,0.005490888964723383,51.753637909213865,0.030356652727771882,-0.09999999999999964,0.0,0
2025-02-20,-0.00261560548386075,1.0059231219253233,0.004175910678661392,0.0019383683229905468,0.005668298981808731,51.803818229927465,0.030356652727771882,-0.09999999999999964,0.0,1
2025-02-21,0.007633917867490458,1.0062619719891106,0.0045232760351795916,0.011057166187375955,0.0054794738270150115,71.50021597658935,0.030356652727771882,-0.09999999999999964,0.0,0
2025-02-24,-0.002451152351532815,1.0059502883509615,0.004565591103860316,0.015827494323417568,0.007092929842644504,63.8061517442146,0.030356652727771882,-0.09999999999999964,0.0,0
2025-02-25,-0.001286799161344221,1.0054098255795976,0.004589133710365677,0.015514122125832586,0.005783300355576341,58.81859886404651,0.030356652727771882,-0.09999999999999964,0.0,1
2025-02-26,0.005998783902478877,1.0064064256818395,0.00495404664313802,0.01535466804680996,0.004841726932445879,61.48133177274312,0.030356652727771882,-0.09999999999999964,0.0,0
2025-02-27,-0.0033563824334480463,1.0074010326657843,0.005114718040331844,0.009313983593788544,0.00810626752546762,59.25145868382413,0.030356652727771882,-0.09999999999999964,0.0,0
2025-02-28,-0.008929464425346478,1.005386196972132,0.005351398489700385,-0.00636186332368871,0.00376763592256335,57.242112315499114,0.02582188301709687,-0.09999999999999964,0.0,1
2025-03-03,0.0018017084062638133,1.0034149161077972,0.005595187660859893,-0.007185481338603195,0.01053954271679376,59.597879587978355,0.02582188301709687,-0.09999999999999964,0.0,1
2025-03-04,0.0068361476632621265,1.0031108291072812,0.006630608355848973,-3.149243203892649e-05,0.008373612512871657,60.127110380144885,0.02582188301709687,-0.09999999999999964,0.0,1
2025-03-05,0.013538875107199866,1.0038606486644401,0.00872804283142013,0.017098928987993922,0.01721822078198293,66.6007033097325,0.02582188301709687,-0.09999999999999964,0.0,1
2025-03-06,0.015803682242369943,1.0078230192064956,0.009924469596372823,0.035882296686623016,0.006351312596136846,70.67195710075141,0.02582188301709687,-0.09999999999999964,0.0,0
2025-03-07,-0.000647234466842117,1.0133850441598706,0.007153709561481727,0.027368987490506314,0.00959601484708147,69.0150164277747,0.02582188301709687,0.0,0.0,1
2025-03-10,0.0067335647250317265,1.0192403656248732,0.0064862082823709515,0.03682826710932474,0.006188555962630478,71.96058896089036,0.02582188301709687,0.09999999999999964,0.0,0
2025-03-11,-0.001951039928978826,1.0233655285186098,0.008038510709564727,0.03613867614019406,0.008621923112158246,73.32007324799108,0.02582188301709687,0.09999999999999964,0.0,1
2025-03-12,0.006897692458530891,1.026142399589577,0.0071214390899646905,0.037064516147301996,0.005252597627429285,77.83351588760398,0.028036932494036382,0.09999999999999964,0.25,0
2025-03-13,-0.002558252061335975,1.0254721041463726,0.004725594297294903,0.03789501631164138,0.0069999632065008855,73.11494243019177,0.028036932494036382,0.09999999999999964,0.0,0
2025-03-14,-0.002811636557319863,1.0248440440516577,0.00507965343808581,0.04430188931104473,0.00726074006201372,72.690647236732,0.028036932494036382,0.09999999999999964,0.0,1
2025-03-17,0.002361313594480885,1.0233428518053482,0.0042029526765367305,0.0448852350474509,0.005491091847773989,74.66389031642831,0.028036932494036382,0.09999999999999964,0.0,1
2025-03-18,0.0034831765334208953,1.0227566681968916,0.004149285841480425,0.04140555264307699,0.005258486960609603,73.9019556368441,0.028036932494036382,0.09999999999999964,0.0,1
2025-03-19,0.0018596741869165712,1.020877838817833,0.0029379794872741215,0.029405238705902503,0.006376909005336666,77.7721135157291,0.028036932494036382,0.09999999999999964,0.0,0
2025-03-20,-0.002520622057834987,1.0190152898845866,0.002928325336058492,0.010835572960419038,0.009091969779666342,84.66761029676367,0.028036932494036382,0.09999999999999964,0.0,0
2025-03-21,-0.005059227151979595,1.0173417525621322,0.003643931009933884,0.006372885401437989,0.005124042769385574,78.32182653191917,0.028036932494036382,0.09999999999999964,0.0,0
2025-03-24,-0.001928790453157081,1.0147832786581492,0.0034565045525607333,-0.002286366341526236,0.006108785156291255,73.97045092725818,0.028036932494036382,0.09999999999999964,0.0,0
2025-03-25,-0.0029709464430933696,1.011017542674966,0.0025198190689545287,-0.003305930185485084,0.004819319118350168,64.1984988928616,0.028036932494036382,0.09999999999999964,0.0,0
2025-03-26,-0.0014886306947903272,1.006956534065645,0.0013865312419857466,-0.011607268660156156,0.0031056889006763027,49.207174619441275,0.028036932494036382,0.09999999999999964,0.0,0
2025-03-27,-0.004210979976130513,1.0026211651890689,0.001504386587037326,-0.013245002654388105,0.0071404204639303505,45.48664847069417,0.028036932494036382,0.09999999999999964,0.0,1
2025-03-28,0.005486903144057864,0.9997048905158608,0.0037872753267071116,-0.005033288778450995,0.007350778436200856,43.97686607626966,0.028036932494036382,0.09999999999999964,0.0,1
2025-03-31,0.0021215078090845996,0.9975910726390746,0.003973542722666665,-0.0052713254727962955,0.005794316787483016,48.44004399383318,0.02416487845498505,0.09999999999999964,0.0,0
2025-04-01,-0.0004652105854351385,0.9963367571752029,0.003686288982410971,-0.00918526641082773,0.004726663496972905,38.83361691071084,0.02416487845498505,0.09999999999999964,0.0,0
2025-04-02,-0.002116018504694228,0.9957171190759283,0.003771603503571722,-0.013117129321936205,0.008393686140667782,39.29671000737895,0.02416487845498505,0.09999999999999964,0.0,1
2025-04-03,0.010439658179454803,0.9982670774488775,0.005011055064087716,-0.0002945298294479981,0.023001841572325973,55.265773419345074,0.02416487845498505,0.09999999999999964,0.0,1
2025-04-04,0.012380016951382578,1.0015614404158186,0.006546994080729175,0.017228229516181637,0.01292496549068,63.248328515075926,0.02416487845498505,0.20000000000000018,0.0,0
2025-04-07,-0.005360440510336351,1.0039463958505253,0.007927934008521329,0.013730712226239561,0.013347978361070763,55.151447966946556,0.02416487845498505,0.10000000000000053,0.0,0
2025-04-08,-0.00629822288861126,1.0053706339663342,0.008927042769809792,0.01034769915469913,0.00915855227599198,48.23508888229855,0.02416487845498505,0.10000000000000053,0.0,1
2025-04-09,0.005962451246217304,1.0084567044299786,0.008768714909136421,0.017887106042523193,0.011164182552634527,54.75380936473654,0.02416487845498505,0.10000000000000053,0.0,0
2025-04-10,-0.0025847176829951746,1.0089490047730192,0.008070592311967358,0.01954945759083193,0.02485540840485995,56.870070354797036,0.023652435704448527,0.10000000000000053,0.0,1
2025-04-11,0.027919435356977162,1.0110162648012981,0.01425652670897225,0.04229572706341789,0.019627565675913585,71.55952353406103,0.023652435704448527,0.10000000000000053,0.0,1
2025-04-14,0.007577279343956134,1.0154454628242762,0.013290665360357654,0.0479702159495643,0.011028219028330849,76.14274063686204,0.023652435704448527,0.10000000000000053,0.0,0
2025-04-15,-0.0003062430815494732,1.0212498225279396,0.012059582475116466,0.04813688669593574,0.008130437703280653,77.08456856175557,0.023652435704448527,0.10000000000000053,0.0,0
2025-04-16,-0.004144378660155601,1.025301995569597,0.013217890160596582,0.0460063794046397,0.008498170586235799,76.96602842990956,0.023652435704448527,0.10000000000000053,0.0,1
2025-04-17,0.009220013132087201,1.0311366620118605,0.012398754719899867,0.044743803762612444,0.004831218533352594,77.94212362465336,0.023652435704448527,0.10000000000000053,0.0,1
2025-04-22,0.010177273336324122,1.0326945490779917,0.006360124703544183,0.042470642790865876,0.008041215956023943,79.71320326286822,0.023652435704448527,0.10000000000000053,0.0,0
2025-04-23,-0.01403016623455533,1.030431038949823,0.010031609600331913,0.03338399983330631,0.00899284938723211,70.23186278507163,0.023652435704448527,0.10000000000000053,0.25,0
2025-04-24,-0.0021068835399171704,1.02777026639603,0.01008575221058896,0.03774271501383342,0.006355254161229687,70.17730650558428,0.023652435704448527,0.10000000000000053,0.0,1
2025-04-25,0.003934726147248657,1.0264920631139796,0.009937286215747755,0.035650930229124356,0.005992800211584592,68.54982618384507,0.023652435704448527,0.10000000000000053,0.0,0
2025-04-28,-0.0025294967307852856,1.022755560779445,0.008980437896236178,0.03570826806175864,0.006803451739968306,63.10528034998481,0.023652435704448527,0.10000000000000053,0.0,1
2025-04-29,0.005818618549439769,1.0181110010778174,0.007764216555982018,0.013439987191540936,0.004222687137375671,68.47556693041636,0.023652435704448527,0.10000000000000053,0.0,0
2025-04-30,-0.0017425088679668965,1.0162179284835973,0.0039030324983234544,0.004065970687051168,0.006303219822135343,71.54529619179654,0.023652435704448527,0.10000000000000053,0.0,0
2025-05-01,-0.00565124200256939,1.013881259206543,0.004761928320436878,-0.001302404870777707,0.006532832477931085,65.67045353475972,0.023652435704448527,0.10000000000000053,0.0,0
2025-05-02,-0.002507785777999927,1.0102811556497377,0.00426531746747308,0.0003388585218166984,0.009153889907230648,65.66931388520717,0.023652435704448527,0.10000000000000053,0.0,1
2025-05-05,0.002366562932993199,1.0080674127046048,0.004475757750463437,-0.006454281189930744,0.004564349164130859,53.98729751692478,0.023652435704448527,0.10000000000000053,0.0,0
2025-05-06,-0.0008710742701883989,1.0051622553462805,0.002893480809820221,-0.01732072884631297,0.007069186758496164,48.0007620718749,0.023652435704448527,0.10000000000000053,0.0,1
2025-05-07,0.0025974827882915275,1.0027436183855778,0.003465013354971144,-0.0007485727182000579,0.004465268655478779,50.20035584435678,0.02045931285060676,0.0,0.0,0
2025-05-08,-0.0032222829801346053,1.00068021287644,0.0027038115193796994,-0.0018654904163403208,0.008900467750341538,50.890309871437154,0.02045931285060676,0.0,0.0,0
2025-05-09,-0.0072507998190278755,0.9983260021647594,0.004120750805144465,-0.01298639218814257,0.008134510051654898,38.30747235527411,0.02045931285060676,0.0,0.0,1
2025-05-12,0.0004828175986058003,0.9954522621407673,0.003776166714381765,-0.010005657194605333,0.014946746906352474,27.43438166848135,0.02045931285060676,0.0,0.0,0
2025-05-13,-0.011938820247321957,0.9923196369753673,0.00586793174612858,-0.027483722948508427,0.007277243599213334,28.69006219819964,0.02271341317403519,0.0,0.0,1
2025-05-14,0.008109462705120363,0.9902327507718254,0.007636961734982714,-0.01788579575939142,0.007342436554985679,39.3551932522805,0.02271341317403519,0.0,0.0,0
2025-05-15,-0.00032419902750946417,0.9887257734764612,0.007703167014502697,-0.01262429718524627,0.0047351393372531995,34.80227044718502,0.02271341317403519,0.0,0.0,1
2025-05-16,0.0009625714399328356,0.9886051211055152,0.007212779311890578,-0.009189136140157594,0.007013868830193952,37.60754593961913,0.02271341317403519,0.0,0.0,0
2025-05-19,-0.0004587228270362953,0.98877554307146,0.007191606497300166,-0.011981850829636653,0.010054550946982916,29.713931488490473,0.02271341317403519,0.0,0.0,1
2025-05-20,0.004100138468513759,0.9924436042255815,0.0036441010335605335,-0.007065920279796023,0.0052144241858782985,36.38153617922091,0.02271341317403519,0.0,0.0,1
2025-05-21,0.004853828028530183,0.9945379461890644,0.0024964108667108334,-0.00483132252435714,0.006635320243704129,46.71490446075927,0.02271341317403519,0.0,0.0,1
2025-05-22,0.003829962183004465,0.9971677233418246,0.0022838212302193233,0.002209538614892592,0.006835878425158877,53.005269213212074,0.02271341317403519,0.0,0.0,0
2025-05-23,-0.0043547334541853555,0.9991475281875529,0.003921346591150716,0.005133202854337826,0.00856507721555689,46.549393758696084,0.02271341317403519,0.0,0.0,1
2025-05-26,0.008063275420608917,1.0023020032968106,0.0045994344401081915,0.012748895713531994,0.004360702483782845,54.36533505154639,0.02271341317403519,0.0,0.0,1
2025-05-27,0.0013780624862818058,1.0051443747242361,0.004641731174725817,0.026398514339556423,0.0073632786310732995,53.427252194299115,0.02271341317403519,0.0,0.0,0
2025-05-28,-0.004512133069928481,1.0062489163066428,0.005408958271668223,0.013547938453340347,0.00540921807814245,52.2649009400816,0.02271341317403519,0.0,0.0,0
2025-05-29,-0.009121845100342862,1.0049254706483255,0.006611260348139477,0.004628210645897246,0.012669501849419791,50.67213503711487,0.02271341317403519,0.0,0.0,1
2025-05-30,0.012880357778047635,1.0062733631360228,0.008962298797848328,0.016589641278110134,0.006682539759037155,58.82482755498719,0.02271341317403519,0.0,0.0,0
2025-06-02,-0.0022025434804063826,1.0057931936978577,0.008302457355625955,0.014816077691544915,0.008210859241708002,67.56487123243156,0.02271341317403519,0.0,0.0,1
2025-06-03,0.008819226592268192,1.0063204531658947,0.009290127474150455,0.019585528781685957,0.0076402156404704324,68.00739787455346,0.02271341317403519,0.0,0.0,0
2025-06-04,-0.006022474969410441,1.00697412381726,0.009542308408392743,0.008549773297625407,0.006606191153678735,62.51487954931171,0.022654641232340955,0.0,0.0,1
2025-06-05,0.003300948975710094,1.009794875460597,0.007736544138861063,0.00801827277424172,0.007713402017741472,63.717293687676374,0.022654641232340955,0.0,0.0,1
2025-06-06,0.002783278827282354,1.0101045259811339,0.005670598823342534,0.015244990012569959,0.007542953275300101,65.43364103697971,0.022654641232340955,0.0,0.0,0
2025-06-09,-0.004015539686889502,1.0102730304578316,0.006001706545222502,0.0030801221692697833,0.004625067048320038,60.107662526615115,0.022654641232340955,0.0,0.0,1
2025-06-10,0.0017713400708556648,1.0083415913028266,0.004278513169307749,0.0034740682145839585,0.006449458000601259,58.45515177241691,0.022654641232340955,0.0,0.0,1
2025-06-11,0.0008235503479774309,1.00815626585225,0.002925472270402753,0.008852556616037344,0.00742565718030146,56.68692917921822,0.02348152286694849,0.0,0.25,1
2025-06-12,0.0062840581474452595,1.008240314350839,0.003724315408684039,0.024537920958421333,0.010936505830458835,63.91960121549331,0.02348152286694849,0.0,0.0,1
2025-06-13,0.00789975565342127,1.0090085516330638,0.004723777413393957,0.019499995494964173,0.010273662549960184,63.91749569256671,0.02348152286694849,0.0,0.0,0
2025-06-16,-0.0037559350278424386,1.0099869218618787,0.004634111334845988,0.017912816989682057,0.00778373192909345,59.952598946173,0.02348152286694849,0.0,0.0,0
2025-06-17,-0.0004620169272109287,1.0107411735054164,0.004837664359915231,0.008547911477330361,0.005329221315523029,63.4078762432522,0.02348152286694849,0.0,0.0,0
2025-06-18,-0.00594800541714724,1.0106708365000223,0.0060902825908319734,0.008623472654029296,0.004150706967729009,66.28747642734476,0.02348152286694849,0.0,0.0,0
2025-06-19,-0.0004476588490744948,1.0094664467174643,0.005263858043521152,0.004854978419361,0.0033457543672257535,57.93350469527915,0.02348152286694849,0.0,0.0,1
2025-06-20,0.0030739436330802228,1.0069176078872464,0.0034633607729298564,0.005146243723962884,0.0033401607580501986,62.55778149114737,0.02348152286694849,0.0,0.0,0
2025-06-23,-0.0010350377251370224,1.0053786286794646,0.0032275741676213647,0.008154162492419958,0.008365065674726302,54.33688098680151,0.02348152286694849,0.0,0.0,1
2025-06-24,0.008536921477964032,1.0052874106306502,0.0053731712009495525,0.014962851046811165,0.004566605659372102,68.62956960201693,0.02348152286694849,0.0,0.0,1
2025-06-25,0.0011379258177608431,1.0063417645474386,0.0038571284034655696,0.015281667908184637,0.0034829899345615095,67.24282895177657,0.02348152286694849,0.0,0.0,1
2025-06-26,0.006157340641507414,1.0079608300308327,0.003831839661650627,0.015153817367633993,0.006403507384679271,69.44290985341856,0.02348152286694849,0.0,0.0,1
2025-06-27,0.0007249234392081583,1.0097051621285869,0.0040464988033196755,0.007927346411195746,0.005695371395595903,75.67842787727695,0.02348152286694849,0.0,0.0,1
2025-06-30,0.003013925168278586,1.0119984750279305,0.0033574883428296796,0.014776598981891764,0.005335901141943631,76.321255577936,0.02348152286694849,0.0,0.0,1
2025-07-01,0.005092043354438136,1.0137953607376735,0.0023840766710282466,0.020415334576336708,0.005303103472513336,78.24541403653365,0.02348152286694849,0.0,0.0,1
2025-07-02,0.0015583858686389895,1.015292880097809,0.002297904379822901,0.028120803522718063,0.00514813185712422,76.18729435372529,0.02348152286694849,0.0,0.0,0
2025-07-03,-0.00044844072685967795,1.0156469791356422,0.0021449814435541173,0.02811999929788289,0.007838252112915523,70.83558955761444,0.024056936773476423,-0.10000000000000053,0.0,0
2025-07-04,-0.002436668096811645,1.0156231960093878,0.00293206554177916,0.022471791442590483,0.0025663712602065716,73.09213376016567,0.024056936773476423,-0.10000000000000053,0.0,1
2025-07-07,0.0007892943572744837,1.014911021357873,0.0027825350404189313,0.02433905222042787,0.006028371342008049,74.45714605210992,0.024056936773476423,-0.10000000000000053,0.0,0
2025-07-08,-0.003755652578407487,1.0126945097020623,0.002214092347339112,0.011853873552104544,0.006828623787012756,78.55398104328941,0.024056936773476423,-0.10000000000000053,0.0,0
2025-07-09,-0.001020078368183408,1.0100555679108956,0.0017651696077376573,0.009672770590785973,0.0032395623957388498,77.36515213131725,0.024056936773476423,-0.10000000000000053,0.0,1
2025-07-10,0.0005631767029690149,1.007909296772301,0.00194648657640966,0.004059061109362494,0.007256612204391952,75.82966988035383,0.024056936773476423,-0.10000000000000053,0.0,0
2025-07-11,-0.0024225628397964716,1.0062874522415113,0.0019442043225814199,0.0009010882797348962,0.004086899247405872,72.98065258512835,0.024056936773476423,-0.10000000000000053,0.0,0
2025-07-14,-0.0017639848026551608,1.004055228550693,0.0016073366763003727,-0.003866757080744798,0.0035953284506474253,61.4815986606422,0.024056936773476423,-0.10000000000000053,0.0,0
2025-07-15,-0.0013532100753280707,1.0023575013851074,0.0011155014264435663,-0.010254561305124144,0.007709270007357149,57.41841121923447,0.02699577382454521,-0.10000000000000053,0.0,0
2025-07-16,-0.005049252023215933,0.9998158037447612,0.002032257302616835,-0.016784264971215324,0.013155508285623499,39.14618729516392,0.02699577382454521,-0.10000000000000053,0.0,1
2025-07-17,0.002443466592228827,0.9975062243927247,0.002692913429184182,-0.013939620536424613,0.005703746156300245,42.40360556874319,0.02699577382454521,-0.10000000000000053,0.0,0
2025-07-18,-0.0017422791502890167,0.9955755215119914,0.002659784378101131,-0.013253238623411545,0.004899950450400523,34.30252185102863,0.02699577382454521,-0.10000000000000053,0.0,1
2025-07-21,0.0013141727864731667,0.9941449251673297,0.002924461774228829,-0.012735725003862886,0.008752249892559655,24.94845282096709,0.02699577382454521,-0.10000000000000053,0.0,1
2025-07-22,0.005484812962579078,0.9942219390908681,0.00403453318402079,-0.00357855233175719,0.005926143389102445,34.48100000000001,0.02699577382454521,-0.10000000000000053,0.0,1
2025-07-23,0.003815255517533478,0.9959335208788576,0.0027278507228478176,0.0012443978457550298,0.0034239084406852568,42.30525516011136,0.02699577382454521,-0.10000000000000053,0.0,1
2025-07-24,0.002990702834968051,0.9979133688494495,0.0027478024922956506,0.0036735767290889676,0.004616395981398747,50.343759421609256,0.02699577382454521,-0.10000000000000053,0.0,0
2025-07-25,-0.0015400473566333783,1.000041703235837,0.0026725503094367237,0.004561485214696459,0.004532559002157628,47.00941472515077,0.02699577382454521,-0.10000000000000053,0.0,1
2025-07-28,5.871164147408514e-05,1.0020678785535648,0.0028543854270826883,0.006395731444179598,0.013669376741030042,52.75146426734886,0.02699577382454521,-0.10000000000000053,0.0,0
2025-07-29,-0.013614622984389979,1.0012125769567317,0.0070265355774544146,-0.00596082318319302,0.006983608764949659,37.631855809961515,0.02699577382454521,-0.10000000000000053,0.0,0
2025-07-30,-0.003950425906899313,0.9990842006777862,0.006338894556390761,-0.0048630038083653515,0.009816365631935569,33.78974478843881,0.02699577382454521,-0.10000000000000053,0.0,0
2025-07-31,-0.010526402697315196,0.9947641633581603,0.005899877556648946,-0.01773834012001907,0.004700740682950274,28.939383921421694,0.02699577382454521,-0.10000000000000053,0.0,0
2025-08-01,-0.0004912575965008159,0.9905468152103122,0.006109215815228674,-0.016507364909605804,0.01648661035541538,29.625340074341608,0.02699577382454521,0.10000000000000053,0.0,1
2025-08-04,0.014263281535664252,0.9884514852363574,0.010890848338734202,-0.0037887263125171433,0.0032695749583419587,44.90395121564128,0.02699577382454521,0.10000000000000053,0.0,0
2025-08-05,-0.00022017339786817303,0.9888814656616356,0.009082550746148168,-0.009441095851312253,0.00501725140036421,48.39527777138177,0.02699577382454521,0.10000000000000053,0.0,0
2025-08-06,-0.00042840360126583654,0.989984265514247,0.008851140691300137,-0.013628713346855559,0.007025927003866551,45.966189034805204,0.025407132878730865,0.10000000000000053,0.0,1
2025-08-07,0.007254479395229829,0.9942931441765221,0.006585780802478913,-0.009435586970051202,0.006952838444551151,53.11615834278521,0.025407132878730865,0.10000000000000053,0.0,1
2025-08-08,0.0011559956311337771,0.9987530306038628,0.006336704513700064,-0.0067608635296060315,0.004153205832640129,53.006700991484394,0.025407132878730865,0.10000000000000053,0.0,0
2025-08-11,-0.0024576614146443188,0.9999532982114496,0.0036948923389688347,-0.009260076997977262,0.007355328941907854,46.80159040648996,0.025407132878730865,0.10000000000000053,0.0,0
2025-08-12,-0.0025329006384293695,1.0007493147769195,0.004025331863622731,0.0018705672710863652,0.00819596271883518,41.537090837364644,0.02742286323014409,0.10000000000000053,0.0,1
2025-08-13,0.005044498085522431,1.0021328002350764,0.004402760284427276,0.010918058316954138,0.005030306488936113,43.40219565400325,0.02742286323014409,0.10000000000000053,0.0,1
2025-08-14,0.0030687789312298097,1.002655327358118,0.003353912020504687,0.02480788281743629,0.006588986377978007,47.134073012356254,0.02742286323014409,0.10000000000000053,0.0,0
2025-08-15,-0.0052547013700186,1.0020659499220492,0.0043018270425915,0.019923868779980314,0.005785535843219314,43.53072612627367,0.02742286323014409,0.10000000000000053,0.0,1
2025-08-18,0.004741219356902748,1.00274688604071,0.004643175488942203,0.01034866412362967,0.004211422642539655,57.730284134005466,0.02742286323014409,0.10000000000000053,0.0,0
2025-08-19,-0.003267246064411977,1.003716939872511,0.004792601415859468,0.007269380349127941,0.004491366670099402,58.35158106487599,0.02742286323014409,0.10000000000000053,0.0,0
2025-08-20,-0.002212071132819071,1.0035401583216497,0.004282716084175487,0.00547197664565191,0.004183706276378545,67.55821580202111,0.02742286323014409,0.10000000000000053,0.0,1
2025-08-21,0.0007923034548853458,1.0030172480049129,0.0039012150852172876,-0.0009787634097025988,0.005086350818757713,68.66944914046547,0.02742286323014409,0.10000000000000053,0.0,0
2025-08-22,-0.003321295517033751,1.0029756911642373,0.003448597175745618,-0.005446507656289623,0.012636660718034314,52.710932694169344,0.02742286323014409,0.10000000000000053,0.0,1
2025-08-25,0.008313816789309092,1.003231380637136,0.004907336009847285,0.005292696937911456,0.004484091279752688,60.80894011715316,0.02742286323014409,0.10000000000000053,0.0,0
2025-08-26,-0.007784397121532227,1.0022791100583475,0.005973290702883596,0.0,0.005335071025178679,52.946520382342165,0.02742286323014409,0.10000000000000053,0.0,1
2025-08-27,0.0018041788739109332,1.0018441319141673,0.00601295606402324,-0.0032240554699657364,0.005846978741778599,48.03201238781443,0.02742286323014409,0.10000000000000053,0.0,1
2025-08-28,0.0007338296814596301,1.0008377780476745,0.00601099138564617,-0.00554435622376781,0.004994365475588964,47.60305002997059,0.02742286323014409,0.10000000000000053,0.0,1
2025-08-29,0.0028852694977008486,1.000906423922076,0.005804046295593426,0.002593244406993156,0.004543532775063442,52.78424106913593,0.02742286323014409,0.10000000000000053,0.0,1
2025-09-01,0.0008769080505832694,1.0001495627918462,0.004273276766445961,-0.0012628056239605279,0.004036074975458299,56.277416643203125,0.02742286323014409,0.0,0.0,1
2025-09-02,0.0020620331010148263,1.0012560561052808,0.000887968709791981,0.00407719077999924,0.008756595936923205,53.53364514149543,0.02742286323014409,0.0,0.0,0
2025-09-03,-0.006818667442679227,1.0009539482516367,0.0038847417774596164,-0.0005584418509879674,0.006224255983450886,43.52775853935178,0.025502911298512343,0.0,0.0,1
2025-09-04,0.0020988615312806935,1.0011798852829488,0.004000038492612712,0.0007463527953903704,0.0030612913591002927,50.81757289204098,0.025502911298512343,0.0,0.0,0
2025-09-05,-0.00030312345978267263,1.0008419338639498,0.00371293940538316,0.003776842626082466,0.00908695051034266,45.08176017487495,0.025502911298512343,0.09999999999999964,0.0,1
2025-09-08,0.00482587972341042,1.0009284614040135,0.004411258103181333,0.0003045997618176255,0.004276328712059516,54.28585755900092,0.025502911298512343,0.09999999999999964,0.0,1
2025-09-09,0.004778174989349404,1.00119431435108,0.0048195969413380255,0.012969587725017107,0.005243264054181104,61.44425120523082,0.025502911298512343,0.09999999999999964,0.0,0
2025-09-10,-0.00564072504420543,1.0022272245262434,0.004353205189008451,0.0054417081137903,0.003549972303085532,54.17797917846749,0.025502911298512343,0.09999999999999964,0.0,1
2025-09-11,5.857199639236477e-05,1.0030042781234993,0.004337836517227614,0.004763273728788153,0.006558151506796042,57.89635937194063,0.02942496681215201,0.09999999999999964,0.0,1
2025-09-12,0.0026755139493517266,1.003979102884621,0.00436258469109167,0.004553125391932422,0.003878067660725206,52.47955839551624,0.02942496681215201,0.09999999999999964,0.0,0
2025-09-15,-0.0007035886474966446,1.0041216974892615,0.003938043856323606,0.002966823535073493,0.004882435451678141,62.735652858186725,0.02942496681215201,0.09999999999999964,0.0,1
2025-09-16,0.0031762058226916245,1.0036193517721999,0.003518708214787861,0.004082002275127561,0.008008603041424835,64.11334848976941,0.02942496681215201,0.09999999999999964,0.0,1
2025-09-17,0.009152790526439691,1.0055214901863456,0.003881999769576684,0.020228755109872987,0.0032549212684412315,70.70626286906035,0.02942496681215201,0.09999999999999964,0.0,0
2025-09-18,-0.003796270085562381,1.0068717446146682,0.004844001326057238,0.014226969236700304,0.008205809818586558,63.13696730549985,0.02942496681215201,0.09999999999999964,-0.25,0
2025-09-19,-0.0029830694629607857,1.0070682156176733,0.005314376480555436,0.011508071562509103,0.005385469302582332,58.61500258665287,0.02942496681215201,0.09999999999999964,0.0,0
2025-09-22,-0.004589194686919318,1.00712923200044,0.005874700805412121,0.002030385972811244,0.0050878213646854634,51.735579778843395,0.02942496681215201,0.09999999999999964,0.009999999999999787,1
2025-09-23,0.005463925860591745,1.006981840110043,0.006242775837533503,0.0027142615060347097,0.0032452262061865166,63.980008077544426,0.02942496681215201,0.09999999999999964,0.0,1
2025-09-24,0.001134202821486019,1.005259892479797,0.004211906512477944,0.009546114904199543,0.007215944154050999,63.293692032571855,0.02942496681215201,0.09999999999999964,0.0,0
2025-09-25,-0.005907559229970993,1.0034540471847495,0.00465102206021801,0.003523383067043362,0.007356774322421597,56.797113332003754,0.02942496681215201,0.09999999999999964,0.0,0
2025-09-26,-0.0069743194983751255,1.001347972330996,0.005293812728355294,-0.006134610344358138,0.003673455286447537,46.244889405128525,0.02942496681215201,0.09999999999999964,0.0,1
2025-09-29,0.003898836318379839,1.0007885068018842,0.005673285034064305,-0.0015571988475223675,0.00423068558447239,45.39090395694292,0.02942496681215201,0.09999999999999964,0.0,1
2025-09-30,0.001982573876127436,0.9995357467299354,0.004926350416168155,-0.0027451987396204247,0.003945006670021323,52.323251432366064,0.02942496681215201,0.09999999999999964,0.0,1
2025-10-01,0.0003755697563918581,0.9977719284629828,0.004848585056809655,-0.011418935399543195,0.0052800763534328575,52.6087749090944,0.02942496681215201,0.09999999999999964,0.0,0
2025-10-02,-0.0001525687209337212,0.9972786103735978,0.004116601694804157,-0.007803114593050053,0.006265313806162644,49.94177847616746,0.027576695499640813,0.09999999999999964,0.0,0
2025-10-03,-0.0007620456756015637,0.9980505828619668,0.0018820463156325703,-0.005592828271186345,0.0034538323040429796,49.883993520540095,0.027576695499640813,0.09999999999999964,0.0,0
2025-10-06,-0.0010776005590223958,0.9981258577753679,0.001205205879507536,-0.002084774745603868,0.006618632076767949,45.48655287522832,0.027576695499640813,0.0,0.0,0
2025-10-07,-0.00018737642672239652,0.9980156763949619,0.0005679959403412206,-0.00769364886826196,0.004767236593890383,32.57509733646185,0.027576695499640813,0.0,0.0,0
2025-10-08,-0.0047551225397653996,0.9968366828146753,0.0019231135333396933,-0.013531043039174295,0.004234707602548537,31.84384578157767,0.027576695499640813,0.0,0.009999999999999787,0
2025-10-09,-0.0019424973329146278,0.9954009608963795,0.001798447614544551,-0.009596388359731645,0.008628762055091627,32.718260288553424,0.027576695499640813,0.0,0.0,0
2025-10-10,-0.005632840619910651,0.9934100604362291,0.0023633941985256508,-0.008258451635377084,0.005974871158724289,31.926894850696485,0.027576695499640813,0.0,0.0,1
2025-10-13,0.0031094642734201816,0.9920582770648404,0.0035395537335248467,-0.009038264327435819,0.006059814610503898,27.604427028741284,0.027576695499640813,0.0,0.0,0
2025-10-14,-0.0030652003132498606,0.9904432780492095,0.0034273705550771686,-0.014030517887932303,0.005364129117951787,23.415915204910377,0.027576695499640813,0.0,0.0,1
2025-10-15,0.0030629787385783036,0.9906878519172589,0.0038715460115691888,-0.011381809420336397,0.003937142577085294,33.49463182766577,0.027576695499640813,0.0,0.0,1
2025-10-16,0.0037966881314348555,0.9916959795893205,0.004308905311478701,-0.007476906490767932,0.003000620800448737,47.91166179433194,0.027576695499640813,0.0,0.010000000000000675,1
2025-10-17,0.004574577684245407,0.9943622143470546,0.0030592658430743454,-0.0021761451424960887,0.006007028289328154,48.924825408518814,0.027576695499640813,0.0,0.0,0
2025-10-20,-0.003602179138539885,0.995642610166799,0.003954427500757757,-0.004697947368088928,0.0026944516935501683,41.197195084589985,0.027576695499640813,0.0,0.0,0
2025-10-21,-0.0011179075454055276,0.9976391425452781,0.003533159674931705,-0.005624280473539356,0.0049692610154,39.34122748498999,0.027576695499640813,0.0,0.0,0
2025-10-22,-0.0037817161497502028,0.9985221198744768,0.003995778479765728,-0.0046517241696747424,0.0033505934368035224,35.81344035141879,0.027576695499640813,0.0,0.0,1
2025-10-23,0.0006965288242495316,0.998455998724039,0.0034587289033165456,-0.002019861648342003,0.0029926400893828128,37.597312884213196,0.027576695499640813,0.0,0.0,1
2025-10-24,0.0008249220313640837,0.9972483209102753,0.0022331242059462956,0.004461364932168976,0.003954679305387494,39.89318949041743,0.030767177440369275,0.0,0.0,1
2025-10-27,0.0011747476354984077,0.9971336499868072,0.002069163995393435,0.002524040857281973,0.0026531734159566736,41.7900113818344,0.030767177440369275,0.0,0.009999999999999787,1
2025-10-28,0.001724439736437322,0.997600470451047,0.002221435680225898,0.007340533669422777,0.00349348355742333,49.67817626038662,0.030767177440369275,0.0,0.0,1
2025-10-29,0.0005246466257384785,0.9989215084068822,0.0004752522483924951,0.004791376857361085,0.003953442190187749,53.03645648449138,0.030767177440369275,0.0,0.0,0
2025-10-30,-0.004676089129250882,0.9993944436180807,0.0026047438300349345,-0.003689796302731585,0.007503084419870681,54.44159123187055,0.030767177440369275,0.0,-0.25,0
2025-10-31,-0.0026617087187809085,0.9992665353210947,0.0027620490010837433,-0.01086655165804884,0.004669391448366342,46.352168192103356,0.030767177440369275,0.0,-0.010000000000000231,0
2025-11-03,-0.003838812718454432,0.9982758004058171,0.00278369335319466,-0.011101460028976384,0.003110412026443931,45.372555486684895,0.030767177440369275,0.0,0.010000000000000231,0
2025-11-04,-0.0007718380054315688,0.9968135999603034,0.002148099377537537,-0.010758849359114753,0.0051577368795624615,39.416603429959025,0.030767177440369275,0.0,0.0,0
2025-11-05,-0.0029173258419082915,0.9945697881696315,0.001465883703234028,-0.009900512911576786,0.0024228915088675192,28.970837698947264,0.02825768574815979,0.0,0.0,1
2025-11-06,0.0009772937991558983,0.9933114477044843,0.0019306198589589688,-0.009622721143902835,0.004269723154418958,20.19186299104453,0.02825768574815979,0.0,0.0,1
2025-11-07,0.004561919954874316,0.9929841895069689,0.003347319390277373,-0.005924733860507625,0.005149057392713864,34.56020132288177,0.02825768574815979,0.0,0.0,0
2025-11-10,-0.0004617997950285835,0.9935079997603306,0.0027704039504742794,-0.007549676285786733,0.003335602781042425,35.33625176896838,0.02825768574815979,0.0,0.0,1
2025-11-11,0.0011557557451913336,0.9942060699098149,0.0027215378557822706,-0.008113095314827845,0.005033162284619985,43.08513685368285,0.02825768574815979,0.0,0.0,1
2025-11-12,0.0026187998451556727,0.9960282478848471,0.0019040671525865764,-0.006037021365276063,0.002997647806320142,46.86194109676959,0.02825768574815979,0.0,0.0,1
2025-11-13,0.0004056464170609786,0.9979074643371595,0.001979271246814018,-0.0009622342079705914,0.00599296746447097,46.075550891920244,0.02825768574815979,0.0,0.009999999999999787,1
2025-11-14,0.0034314281509766342,0.9996271104873562,0.0015907841107644324,0.005141285428488684,0.003919201844634115,50.038050347146566,0.02825768574815979,0.0,0.0,0
2025-11-17,-0.0014287326216213536,1.001042611337356,0.0019058308330338384,0.007573091683786837,0.0029309320996282915,44.830807978226424,0.02825768574815979,0.0,0.0,0
2025-11-18,-0.002132669270616838,1.0018512838162208,0.0024347136221211977,0.006200895605580126,0.0028628354690864166,40.92639267527391,0.02825768574815979,0.0,0.0,0
2025-11-19,-0.0008106653194661639,1.0018254361756942,0.002186820644641729,0.008326821328046297,0.005371592535910462,46.595829566375926,0.02825768574815979,0.0,0.0,0
2025-11-20,-0.0034967590310897023,1.0012289881653393,0.0026129799029967877,0.0038199184275291564,0.0037780090434638893,45.26010409852385,0.02825768574815979,0.10000000000000053,0.0,0
2025-11-21,-0.0005306256310669832,0.9999068454138783,0.0011880090811607871,-0.0012688656415481558,0.005190841398742937,51.09675969222494,0.02825768574815979,0.10000000000000053,0.0,0
2025-11-24,-0.0023360129840279686,0.9985804289687839,0.0012091574998618893,-0.003141565518246292,0.004214523864156087,48.16975806146465,0.02825768574815979,0.10000000000000053,0.0,1
2025-11-25,0.0010828438194874224,0.9979294774854103,0.0017589046878424875,-0.0032141644796918056,0.006192841734740739,55.874992394897475,0.02825768574815979,0.10000000000000053,0.0,1
2025-11-26,0.0038857634592328605,0.9980483526027464,0.0029089716528381934,-0.0019545717163935716,0.004553724767914861,60.39464103684288,0.02825768574815979,0.10000000000000053,0.0,1
2025-11-27,0.0032254476698920787,0.9991172450494413,0.0025854142962723823,0.0008585768890105872,0.0033265588364030916,58.473900181315,0.02825768574815979,0.10000000000000053,0.0,0
2025-11-28,-0.00019717279488074002,1.000128792369398,0.0025378123891946626,-0.002760720132073513,0.004255620455794319,59.04980340760157,0.02825768574815979,0.10000000000000053,0.010000000000000231,1
2025-12-01,0.00013914779273482836,1.0014348161375308,0.0018367405662624216,-0.0011949311028773835,0.005331270040171537,57.43563237733491,0.02825768574815979,0.10000000000000053,0.0,1
2025-12-02,0.0005340106853513049,1.0025662311025043,0.0018929451834268673,0.001474254845118983,0.002658563868179105,53.68891407646367,0.02825768574815979,0.10000000000000053,0.0,1
2025-12-03,0.0017441337417734015,1.0030395169340445,0.00140161350011139,0.004034896154357703,0.004098339227378579,56.179928226704625,0.025050483344446484,0.10000000000000053,0.0,1
2025-12-04,0.003348405480923855,1.0034203695382535,0.0014487524356893366,0.010931796994636311,0.0024505316109688343,56.05176172726634,0.025050483344446484,0.10000000000000053,0.0,0
2025-12-05,-0.002060723075929638,1.0037564805277444,0.0020037192602545694,0.009384151614818093,0.003683746219803479,54.64408146803791,0.025050483344446484,0.10000000000000053,0.0,0
2025-12-08,-0.00022115992647664395,1.0040080889440535,0.0020369782247694093,0.01152384913529425,0.004776165320023661,59.080800593031874,0.025050483344446484,0.10000000000000053,0.0,1
2025-12-09,0.00010466455726287904,1.004226142754125,0.0020530738360412712,0.010535467745503846,0.0034198790646712165,61.361981390749314,0.025050483344446484,0.10000000000000053,0.0,0
2025-12-10,-0.0011278422618286044,1.004056384538659,0.00204877510092278,0.005488652074997491,0.0030176730087417792,68.42260905304417,0.025050483344446484,0.10000000000000053,0.0,1
2025-12-11,0.006271748856121917,1.0041775112653089,0.0032845494419042796,0.00854182549745297,0.0065281038139456795,77.3574273930363,0.025050483344446484,0.10000000000000053,-0.25,1
2025-12-12,0.003263644397137,1.005377631156215,0.003064709706859423,0.012032892729486822,0.0022633598805168573,86.69325926652729,0.025050483344446484,0.10000000000000053,0.0,0
2025-12-15,-0.00015262371126645302,1.006525873609681,0.0030543383146721995,0.011737651452448539,0.003586239872536193,85.64108172288272,0.025050483344446484,0.10000000000000053,0.0,1
2025-12-16,0.0014458302179327642,1.007763023777293,0.0029390056329368338,0.01265968123113681,0.004989816927813468,84.2025429591657,0.025050483344446484,0.2999999999999998,0.0,0
2025-12-17,-0.00043476576500012243,1.0091177396202273,0.0027695934597495838,0.010457039253367384,0.004544654402637123,80.04491607402403,0.025050483344446484,0.2999999999999998,0.0,0
2025-12-18,-0.0006105804521927549,1.0089495725617637,0.0016477856727650046,0.006470004258773088,0.0038708949087919945,78.4811453845274,0.02714566064448043,0.2999999999999998,0.0,0
2025-12-19,-0.0014187562314870172,1.007885717523858,0.0010505020892780776,0.00711745885606252,0.002846932179717334,73.41944011113259,0.02714566064448043,0.1999999999999993,0.0,0
2025-12-22,-0.001498647547091836,1.0065124602200035,0.0011878648344049276,0.005830594166968517,0.00507419415502439,68.15859919562378,0.02714566064448043,0.1999999999999993,0.0,1
2025-12-23,0.00494162732000869,1.0056466686970977,0.0026948415482392755,0.010695250139520995,0.0033400219554315883,71.9707663585447,0.02714566064448043,0.1999999999999993,0.0,1
2025-12-24,0.002512564596030664,1.0054415831348185,0.0028408300840109786,0.014378746462158754,0.002958626526231875,71.10885125356906,0.02714566064448043,0.1999999999999993,0.0,0
2025-12-26,-0.000860452476322382,1.0053899749255695,0.0028735328786702887,0.007189084767547316,0.003085589321767136,74.50495049504951,0.02714566064448043,0.1999999999999993,0.0,0
2025-12-29,-0.0010712826260231845,1.0054518032883883,0.0028119576195021747,0.0028371966019848927,0.0029306309666090134,72.01670053516183,0.02714566064448043,0.1999999999999993,0.0,1
2025-12-30,1.1847274655973905e-05,1.0058223760500877,0.002573670645078308,0.0030021594016642617,0.00298568035864617,71.91602197644926,0.02714566064448043,0.1999999999999993,0.0,0
