model,index,y_true,y_pred
logreg,0,0,0
logreg,1,0,0
logreg,2,0,0
logreg,3,0,0
logreg,4,1,0
logreg,5,1,0
logreg,6,1,0
logreg,7,0,0
logreg,8,1,0
logreg,9,1,0
logreg,10,0,0
logreg,11,1,0
logreg,12,1,0
logreg,13,0,0
logreg,14,0,0
logreg,15,0,0
logreg,16,1,0
logreg,17,1,0
logreg,18,0,0
logreg,19,0,0
logreg,20,0,0
logreg,21,0,0
logreg,22,1,1
logreg,23,1,0
logreg,24,1,0
logreg,25,0,0
logreg,26,0,0
logreg,27,1,0
logreg,28,1,0
logreg,29,0,0
logreg,30,1,0
logreg,31,1,0
logreg,32,1,0
logreg,33,0,0
logreg,34,0,0
logreg,35,1,0
logreg,36,1,0
logreg,37,0,0
logreg,38,0,0
logreg,39,1,0
logreg,40,0,0
logreg,41,0,0
logreg,42,0,0
logreg,43,1,0
logreg,44,1,0
logreg,45,0,0
logreg,46,0,0
logreg,47,1,1
logreg,48,0,0
logreg,49,1,0
logreg,50,1,0
logreg,51,1,0
logreg,52,1,0
logreg,53,1,0
logreg,54,0,0
logreg,55,1,0
logreg,56,0,0
logreg,57,1,0
logreg,58,1,0
logreg,59,1,0
logreg,60,1,0
logreg,61,1,0
logreg,62,1,0
logreg,63,0,0
logreg,64,0,0
logreg,65,0,0
logreg,66,1,0
logreg,67,1,0
logreg,68,0,0
logreg,69,0,0
logreg,70,0,1
logreg,71,0,1
logreg,72,0,0
logreg,73,1,0
logreg,74,0,0
logreg,75,1,0
logreg,76,1,0
logreg,77,0,0
logreg,78,0,1
logreg,79,1,0
logreg,80,0,0
logreg,81,0,0
logreg,82,0,0
logreg,83,0,0
logreg,84,0,0
logreg,85,1,0
logreg,86,0,0
logreg,87,1,0
logreg,88,0,0
logreg,89,1,0
logreg,90,1,0
logreg,91,0,0
logreg,92,0,1
logreg,93,1,0
logreg,94,1,0
logreg,95,1,0
logreg,96,1,0
logreg,97,0,0
logreg,98,1,1
logreg,99,1,0
logreg,100,1,0
logreg,101,1,0
logreg,102,1,0
logreg,103,0,0
logreg,104,0,0
logreg,105,1,0
logreg,106,1,0
logreg,107,1,0
logreg,108,1,0
logreg,109,0,0
logreg,110,1,0
logreg,111,1,0
logreg,112,0,0
logreg,113,1,1
logreg,114,0,0
logreg,115,0,0
logreg,116,1,0
logreg,117,1,0
logreg,118,1,0
logreg,119,0,0
logreg,120,0,0
logreg,121,1,0
logreg,122,0,0
logreg,123,1,0
logreg,124,1,0
logreg,125,1,0
logreg,126,0,0
logreg,127,1,0
logreg,128,0,0
logreg,129,0,0
logreg,130,0,0
logreg,131,1,0
logreg,132,1,0
logreg,133,0,0
logreg,134,0,0
logreg,135,0,0
logreg,136,0,0
logreg,137,1,0
logreg,138,0,0
logreg,139,0,1
logreg,140,1,1
logreg,141,0,0
logreg,142,0,0
logreg,143,0,1
logreg,144,1,1
logreg,145,0,0
logreg,146,0,0
logreg,147,0,0
logreg,148,0,0
logreg,149,0,0
logreg,150,0,0
logreg,151,1,0
logreg,152,0,0
logreg,153,1,0
logreg,154,0,0
logreg,155,1,1
logreg,156,0,0
logreg,157,1,0
logreg,158,1,0
logreg,159,0,0
logreg,160,1,0
logreg,161,1,0
logreg,162,1,0
logreg,163,1,0
logreg,164,0,0
logreg,165,0,0
logreg,166,0,0
logreg,167,1,0
logreg,168,0,0
logreg,169,0,0
logreg,170,1,0
logreg,171,1,0
logreg,172,0,0
logreg,173,0,0
logreg,174,1,1
logreg,175,1,1
logreg,176,0,1
logreg,177,0,1
logreg,178,1,1
logreg,179,1,0
logreg,180,1,0
logreg,181,1,0
logreg,182,1,0
logreg,183,1,0
logreg,184,1,0
logreg,185,1,0
logreg,186,0,0
logreg,187,0,0
logreg,188,0,0
logreg,189,0,0
logreg,190,0,0
logreg,191,0,1
logreg,192,1,1
logreg,193,0,1
logreg,194,1,1
logreg,195,0,1
logreg,196,1,1
logreg,197,0,1
logreg,198,1,1
logreg,199,1,1
logreg,200,1,0
logreg,201,0,0
logreg,202,1,0
logreg,203,1,0
logreg,204,0,0
logreg,205,0,0
logreg,206,0,0
logreg,207,0,0
logreg,208,0,0
logreg,209,1,0
logreg,210,1,0
logreg,211,0,0
logreg,212,1,1
logreg,213,0,0
logreg,214,0,1
logreg,215,1,1
logreg,216,1,0
logreg,217,1,0
logreg,218,0,0
logreg,219,0,1
logreg,220,1,1
logreg,221,0,1
logreg,222,0,1
logreg,223,0,1
logreg,224,1,1
logreg,225,1,0
logreg,226,1,0
logreg,227,0,0
logreg,228,0,1
logreg,229,1,1
logreg,230,1,0
logreg,231,0,0
logreg,232,0,0
logreg,233,1,0
logreg,234,0,0
logreg,235,0,0
logreg,236,0,1
logreg,237,0,1
logreg,238,1,1
logreg,239,1,0
logreg,240,0,0
logreg,241,0,1
logreg,242,1,1
logreg,243,1,0
logreg,244,1,0
logreg,245,1,0
logreg,246,1,0
logreg,247,1,0
logreg,248,0,0
logreg,249,0,1
logreg,250,1,0
logreg,251,1,0
logreg,252,0,0
logreg,253,1,0
logreg,254,1,0
logreg,255,1,0
logreg,256,0,0
logreg,257,0,1
logreg,258,0,1
logreg,259,0,0
logreg,260,1,0
logreg,261,0,0
logreg,262,1,0
logreg,263,1,0
logreg,264,1,0
logreg,265,0,0
logreg,266,0,0
logreg,267,1,0
logreg,268,0,0
logreg,269,1,0
logreg,270,1,0
logreg,271,1,0
logreg,272,0,0
logreg,273,0,0
logreg,274,1,0
logreg,275,1,0
logreg,276,0,0
logreg,277,0,0
logreg,278,1,0
logreg,279,1,0
logreg,280,1,0
logreg,281,1,0
logreg,282,0,0
logreg,283,0,0
logreg,284,0,1
logreg,285,0,1
logreg,286,0,1
logreg,287,0,1
logreg,288,1,1
logreg,289,0,0
logreg,290,1,1
logreg,291,1,1
logreg,292,1,1
logreg,293,1,0
logreg,294,0,0
logreg,295,1,1
logreg,296,1,0
logreg,297,0,0
logreg,298,1,0
logreg,299,1,0
logreg,300,0,0
logreg,301,1,0
logreg,302,1,0
logreg,303,0,0
logreg,304,0,1
logreg,305,0,0
logreg,306,0,0
logreg,307,0,1
logreg,308,1,1
logreg,309,0,0
logreg,310,1,1
logreg,311,0,0
logreg,312,1,1
logreg,313,1,0
logreg,314,0,0
logreg,315,0,1
logreg,316,0,0
logreg,317,1,1
logreg,318,0,0
logreg,319,1,0
logreg,320,0,0
logreg,321,0,0
logreg,322,1,0
logreg,323,0,0
logreg,324,0,1
logreg,325,0,0
logreg,326,1,1
logreg,327,0,0
logreg,328,1,1
logreg,329,0,0
logreg,330,0,1
logreg,331,1,1
logreg,332,1,0
logreg,333,1,0
logreg,334,1,0
logreg,335,0,0
logreg,336,0,0
logreg,337,1,1
logreg,338,1,0
logreg,339,1,0
logreg,340,0,0
logreg,341,1,0
logreg,342,1,0
logreg,343,1,0
logreg,344,0,0
logreg,345,1,0
logreg,346,0,0
logreg,347,0,0
logreg,348,0,0
logreg,349,1,1
logreg,350,1,0
logreg,351,1,0
logreg,352,1,0
logreg,353,1,0
logreg,354,0,0
logreg,355,0,0
logreg,356,0,0
logreg,357,1,0
logreg,358,0,0
logreg,359,0,1
logreg,360,0,0
logreg,361,0,0
logreg,362,1,0
logreg,363,0,0
logreg,364,0,1
logreg,365,1,1
logreg,366,0,1
logreg,367,0,1
logreg,368,0,1
logreg,369,0,1
logreg,370,0,0
logreg,371,1,1
logreg,372,1,0
logreg,373,0,0
logreg,374,0,0
logreg,375,1,0
logreg,376,0,0
logreg,377,0,0
logreg,378,0,1
logreg,379,0,0
logreg,380,0,1
logreg,381,0,0
logreg,382,1,0
logreg,383,0,0
logreg,384,1,1
logreg,385,0,0
logreg,386,1,1
logreg,387,0,0
logreg,388,1,0
logreg,389,0,0
logreg,390,1,0
logreg,391,0,0
logreg,392,1,0
logreg,393,1,0
logreg,394,1,0
logreg,395,1,0
logreg,396,0,0
logreg,397,0,0
logreg,398,1,0
logreg,399,0,0
logreg,400,1,0
logreg,401,1,0
logreg,402,1,0
logreg,403,0,0
logreg,404,1,0
logreg,405,0,0
logreg,406,0,0
logreg,407,0,0
logreg,408,0,0
logreg,409,1,0
logreg,410,1,0
logreg,411,0,0
logreg,412,0,0
logreg,413,1,1
logreg,414,1,0
logreg,415,1,0
logreg,416,0,0
logreg,417,0,0
logreg,418,1,0
logreg,419,0,0
logreg,420,0,1
logreg,421,0,1
logreg,422,1,1
logreg,423,0,0
logreg,424,0,1
logreg,425,1,1
logreg,426,1,1
logreg,427,1,1
logreg,428,0,0
logreg,429,0,1
logreg,430,1,0
logreg,431,0,0
logreg,432,0,0
logreg,433,1,1
logreg,434,1,0
logreg,435,1,0
logreg,436,1,0
logreg,437,1,0
logreg,438,1,0
logreg,439,1,0
logreg,440,1,0
logreg,441,0,0
logreg,442,1,0
logreg,443,1,0
logreg,444,1,0
logreg,445,1,0
logreg,446,1,0
logreg,447,1,0
logreg,448,0,0
logreg,449,0,1
logreg,450,0,0
logreg,451,0,0
logreg,452,0,1
logreg,453,1,1
logreg,454,1,0
logreg,455,0,1
logreg,456,0,1
logreg,457,1,1
logreg,458,0,1
logreg,459,1,1
logreg,460,1,0
logreg,461,0,0
logreg,462,1,0
logreg,463,0,0
logreg,464,0,0
logreg,465,1,0
logreg,466,1,0
logreg,467,1,0
logreg,468,0,0
logreg,469,1,0
logreg,470,1,0
logreg,471,1,0
logreg,472,1,0
logreg,473,0,0
logreg,474,1,0
logreg,475,0,0
logreg,476,1,0
logreg,477,0,0
logreg,478,0,1
logreg,479,0,1
logreg,480,1,1
logreg,481,0,1
logreg,482,1,1
logreg,483,1,1
logreg,484,0,0
logreg,485,0,1
logreg,486,0,1
logreg,487,0,1
logreg,488,1,1
logreg,489,1,0
logreg,490,1,0
logreg,491,0,0
logreg,492,0,0
logreg,493,1,0
logreg,494,0,0
logreg,495,0,0
logreg,496,1,0
logreg,497,0,0
logreg,498,1,0
logreg,499,0,0
logreg,500,0,0
logreg,501,0,1
logreg,502,0,1
logreg,503,0,1
logreg,504,0,1
logreg,505,1,1
logreg,506,0,1
logreg,507,0,1
logreg,508,0,1
logreg,509,0,1
logreg,510,0,1
logreg,511,0,1
logreg,512,0,1
logreg,513,0,1
logreg,514,1,1
logreg,515,0,0
logreg,516,0,1
logreg,517,0,1
logreg,518,1,1
logreg,519,0,0
logreg,520,1,1
logreg,521,1,0
logreg,522,1,0
logreg,523,1,0
logreg,524,0,0
logreg,525,0,0
logreg,526,1,0
logreg,527,0,0
logreg,528,1,1
logreg,529,0,0
logreg,530,0,1
logreg,531,0,1
logreg,532,0,1
logreg,533,0,1
logreg,534,1,1
logreg,535,1,1
logreg,536,1,1
logreg,537,0,1
logreg,538,0,1
logreg,539,1,1
logreg,540,0,1
logreg,541,1,1
logreg,542,1,0
logreg,543,1,0
logreg,544,0,0
logreg,545,0,0
logreg,546,1,1
logreg,547,1,1
logreg,548,1,0
logreg,549,0,0
logreg,550,0,0
logreg,551,0,0
logreg,552,0,0
logreg,553,0,1
logreg,554,1,1
logreg,555,1,0
logreg,556,0,0
logreg,557,0,0
logreg,558,1,1
logreg,559,1,1
logreg,560,0,0
logreg,561,0,1
logreg,562,0,1
logreg,563,1,0
logreg,564,1,0
logreg,565,0,0
logreg,566,0,1
logreg,567,0,1
logreg,568,1,1
logreg,569,1,0
logreg,570,0,0
logreg,571,0,0
logreg,572,0,1
logreg,573,0,1
logreg,574,1,1
logreg,575,1,1
logreg,576,0,0
logreg,577,1,0
logreg,578,0,0
logreg,579,1,0
logreg,580,0,0
logreg,581,1,0
logreg,582,1,0
logreg,583,1,0
logreg,584,0,0
logreg,585,0,0
logreg,586,0,0
logreg,587,0,0
logreg,588,0,0
logreg,589,1,1
logreg,590,1,0
logreg,591,1,0
logreg,592,0,0
logreg,593,0,0
logreg,594,0,1
logreg,595,1,1
logreg,596,1,0
logreg,597,1,0
logreg,598,1,0
logreg,599,0,0
logreg,600,0,0
logreg,601,0,0
logreg,602,1,1
logreg,603,0,0
logreg,604,0,0
logreg,605,1,0
logreg,606,0,0
logreg,607,0,0
logreg,608,1,1
logreg,609,1,1
logreg,610,1,0
logreg,611,1,0
logreg,612,0,0
logreg,613,1,0
logreg,614,0,0
logreg,615,1,0
logreg,616,0,0
logreg,617,0,0
logreg,618,1,0
logreg,619,1,0
logreg,620,1,0
logreg,621,0,0
logreg,622,0,1
logreg,623,0,1
logreg,624,0,1
logreg,625,0,1
logreg,626,0,1
logreg,627,1,1
logreg,628,1,0
logreg,629,0,0
logreg,630,0,1
logreg,631,1,1
logreg,632,1,0
logreg,633,0,0
logreg,634,0,0
logreg,635,1,1
logreg,636,0,0
logreg,637,1,0
logreg,638,1,0
logreg,639,0,0
logreg,640,0,0
logreg,641,1,0
logreg,642,1,0
logreg,643,0,0
logreg,644,0,1
logreg,645,1,0
logreg,646,0,0
logreg,647,1,0
logreg,648,0,0
logreg,649,0,1
logreg,650,0,1
logreg,651,1,1
logreg,652,0,1
logreg,653,1,1
logreg,654,0,1
logreg,655,0,1
logreg,656,1,1
logreg,657,0,1
logreg,658,1,1
logreg,659,0,0
logreg,660,1,1
logreg,661,0,0
logreg,662,1,1
logreg,663,1,0
logreg,664,1,0
logreg,665,0,0
logreg,666,1,0
logreg,667,1,0
logreg,668,0,0
logreg,669,0,0
logreg,670,1,1
logreg,671,0,0
logreg,672,1,0
logreg,673,0,0
logreg,674,1,1
logreg,675,1,0
logreg,676,0,0
logreg,677,1,1
logreg,678,1,1
logreg,679,1,0
logreg,680,1,0
logreg,681,0,0
logreg,682,0,0
logreg,683,0,1
logreg,684,0,1
logreg,685,1,1
logreg,686,0,0
logreg,687,1,0
logreg,688,1,0
logreg,689,1,0
logreg,690,1,0
logreg,691,1,0
logreg,692,1,0
logreg,693,1,0
logreg,694,0,0
logreg,695,0,0
logreg,696,1,0
logreg,697,0,0
logreg,698,0,1
logreg,699,1,0
logreg,700,0,1
logreg,701,0,1
logreg,702,0,1
logreg,703,0,1
logreg,704,1,1
logreg,705,0,1
logreg,706,1,1
logreg,707,1,1
logreg,708,1,0
logreg,709,1,0
logreg,710,0,0
logreg,711,1,0
logreg,712,0,0
logreg,713,0,1
logreg,714,0,1
logreg,715,0,1
logreg,716,1,1
logreg,717,0,0
logreg,718,0,0
logreg,719,1,1
logreg,720,1,0
logreg,721,0,1
logreg,722,0,1
logreg,723,1,0
logreg,724,1,0
logreg,725,0,0
logreg,726,1,0
logreg,727,0,0
logreg,728,0,0
logreg,729,1,0
logreg,730,0,1
logreg,731,1,1
logreg,732,0,0
logreg,733,1,1
logreg,734,1,1
logreg,735,1,1
logreg,736,1,0
logreg,737,1,0
logreg,738,0,0
logreg,739,1,1
logreg,740,0,0
logreg,741,1,0
logreg,742,1,0
logreg,743,0,0
logreg,744,1,1
logreg,745,1,0
logreg,746,0,0
logreg,747,1,0
logreg,748,1,0
logreg,749,0,0
logreg,750,0,0
logreg,751,0,0
logreg,752,1,1
logreg,753,1,0
logreg,754,0,0
logreg,755,0,1
logreg,756,1,1
logreg,757,1,0
logreg,758,1,0
logreg,759,0,1
logreg,760,0,1
logreg,761,0,1
logreg,762,0,0
logreg,763,0,1
logreg,764,0,1
logreg,765,0,1
logreg,766,1,1
logreg,767,0,0
logreg,768,1,1
logreg,769,1,0
logreg,770,1,0
logreg,771,0,0
logreg,772,0,1
logreg,773,0,1
logreg,774,1,1
logreg,775,1,0
logreg,776,1,0
logreg,777,1,0
logreg,778,1,0
logreg,779,0,0
logreg,780,0,1
logreg,781,0,1
logreg,782,0,1
logreg,783,0,1
logreg,784,1,1
logreg,785,1,0
logreg,786,0,0
logreg,787,1,0
logreg,788,1,0
logreg,789,1,0
logreg,790,1,0
logreg,791,0,0
logreg,792,0,0
logreg,793,0,0
logreg,794,0,0
logreg,795,0,0
logreg,796,0,0
logreg,797,1,1
logreg,798,1,0
logreg,799,1,0
logreg,800,0,0
logreg,801,1,1
logreg,802,1,0
logreg,803,1,0
logreg,804,1,0
logreg,805,0,0
logreg,806,0,0
logreg,807,1,0
logreg,808,0,0
logreg,809,1,0
logreg,810,1,0
logreg,811,0,0
logreg,812,1,0
logreg,813,0,0
logreg,814,0,0
logreg,815,0,1
logreg,816,0,1
logreg,817,1,1
logreg,818,1,0
logreg,819,0,0
logreg,820,0,0
logreg,821,1,1
logreg,822,0,1
svm,0,0,0
svm,1,0,1
svm,2,0,1
svm,3,0,1
svm,4,1,0
svm,5,1,1
svm,6,1,0
svm,7,0,0
svm,8,1,0
svm,9,1,0
svm,10,0,0
svm,11,1,0
svm,12,1,0
svm,13,0,0
svm,14,0,0
svm,15,0,1
svm,16,1,1
svm,17,1,0
svm,18,0,0
svm,19,0,0
svm,20,0,0
svm,21,0,0
svm,22,1,0
svm,23,1,0
svm,24,1,0
svm,25,0,0
svm,26,0,0
svm,27,1,0
svm,28,1,0
svm,29,0,0
svm,30,1,0
svm,31,1,0
svm,32,1,0
svm,33,0,0
svm,34,0,0
svm,35,1,0
svm,36,1,0
svm,37,0,0
svm,38,0,0
svm,39,1,0
svm,40,0,0
svm,41,0,0
svm,42,0,0
svm,43,1,0
svm,44,1,0
svm,45,0,0
svm,46,0,0
svm,47,1,0
svm,48,0,0
svm,49,1,0
svm,50,1,0
svm,51,1,0
svm,52,1,0
svm,53,1,0
svm,54,0,0
svm,55,1,0
svm,56,0,0
svm,57,1,0
svm,58,1,0
svm,59,1,0
svm,60,1,0
svm,61,1,0
svm,62,1,0
svm,63,0,0
svm,64,0,0
svm,65,0,0
svm,66,1,0
svm,67,1,0
svm,68,0,1
svm,69,0,1
svm,70,0,1
svm,71,0,1
svm,72,0,0
svm,73,1,1
svm,74,0,0
svm,75,1,0
svm,76,1,0
svm,77,0,0
svm,78,0,1
svm,79,1,1
svm,80,0,0
svm,81,0,0
svm,82,0,0
svm,83,0,0
svm,84,0,0
svm,85,1,0
svm,86,0,0
svm,87,1,0
svm,88,0,0
svm,89,1,1
svm,90,1,0
svm,91,0,0
svm,92,0,1
svm,93,1,1
svm,94,1,1
svm,95,1,0
svm,96,1,0
svm,97,0,0
svm,98,1,1
svm,99,1,1
svm,100,1,0
svm,101,1,0
svm,102,1,0
svm,103,0,1
svm,104,0,0
svm,105,1,1
svm,106,1,0
svm,107,1,0
svm,108,1,0
svm,109,0,0
svm,110,1,1
svm,111,1,0
svm,112,0,0
svm,113,1,1
svm,114,0,0
svm,115,0,0
svm,116,1,0
svm,117,1,0
svm,118,1,0
svm,119,0,0
svm,120,0,1
svm,121,1,1
svm,122,0,0
svm,123,1,0
svm,124,1,0
svm,125,1,0
svm,126,0,0
svm,127,1,1
svm,128,0,0
svm,129,0,0
svm,130,0,1
svm,131,1,1
svm,132,1,0
svm,133,0,0
svm,134,0,1
svm,135,0,0
svm,136,0,0
svm,137,1,0
svm,138,0,0
svm,139,0,0
svm,140,1,0
svm,141,0,0
svm,142,0,0
svm,143,0,1
svm,144,1,1
svm,145,0,0
svm,146,0,1
svm,147,0,1
svm,148,0,1
svm,149,0,1
svm,150,0,1
svm,151,1,1
svm,152,0,0
svm,153,1,1
svm,154,0,0
svm,155,1,1
svm,156,0,1
svm,157,1,1
svm,158,1,1
svm,159,0,0
svm,160,1,0
svm,161,1,0
svm,162,1,0
svm,163,1,0
svm,164,0,0
svm,165,0,0
svm,166,0,0
svm,167,1,0
svm,168,0,0
svm,169,0,1
svm,170,1,1
svm,171,1,0
svm,172,0,0
svm,173,0,0
svm,174,1,1
svm,175,1,1
svm,176,0,1
svm,177,0,1
svm,178,1,1
svm,179,1,0
svm,180,1,1
svm,181,1,1
svm,182,1,1
svm,183,1,0
svm,184,1,0
svm,185,1,0
svm,186,0,0
svm,187,0,0
svm,188,0,1
svm,189,0,1
svm,190,0,0
svm,191,0,1
svm,192,1,1
svm,193,0,0
svm,194,1,0
svm,195,0,1
svm,196,1,1
svm,197,0,1
svm,198,1,1
svm,199,1,0
svm,200,1,0
svm,201,0,0
svm,202,1,1
svm,203,1,0
svm,204,0,0
svm,205,0,1
svm,206,0,1
svm,207,0,0
svm,208,0,1
svm,209,1,0
svm,210,1,0
svm,211,0,0
svm,212,1,1
svm,213,0,0
svm,214,0,1
svm,215,1,0
svm,216,1,0
svm,217,1,0
svm,218,0,0
svm,219,0,1
svm,220,1,1
svm,221,0,1
svm,222,0,1
svm,223,0,1
svm,224,1,1
svm,225,1,0
svm,226,1,1
svm,227,0,1
svm,228,0,1
svm,229,1,1
svm,230,1,1
svm,231,0,0
svm,232,0,1
svm,233,1,1
svm,234,0,0
svm,235,0,0
svm,236,0,1
svm,237,0,1
svm,238,1,1
svm,239,1,0
svm,240,0,1
svm,241,0,1
svm,242,1,1
svm,243,1,0
svm,244,1,0
svm,245,1,0
svm,246,1,0
svm,247,1,0
svm,248,0,0
svm,249,0,1
svm,250,1,1
svm,251,1,0
svm,252,0,1
svm,253,1,1
svm,254,1,0
svm,255,1,0
svm,256,0,0
svm,257,0,1
svm,258,0,1
svm,259,0,1
svm,260,1,1
svm,261,0,0
svm,262,1,1
svm,263,1,1
svm,264,1,0
svm,265,0,1
svm,266,0,1
svm,267,1,1
svm,268,0,0
svm,269,1,1
svm,270,1,0
svm,271,1,0
svm,272,0,0
svm,273,0,0
svm,274,1,0
svm,275,1,0
svm,276,0,0
svm,277,0,1
svm,278,1,1
svm,279,1,0
svm,280,1,0
svm,281,1,0
svm,282,0,0
svm,283,0,1
svm,284,0,1
svm,285,0,0
svm,286,0,1
svm,287,0,1
svm,288,1,1
svm,289,0,0
svm,290,1,1
svm,291,1,1
svm,292,1,1
svm,293,1,0
svm,294,0,1
svm,295,1,1
svm,296,1,0
svm,297,0,0
svm,298,1,1
svm,299,1,0
svm,300,0,0
svm,301,1,1
svm,302,1,0
svm,303,0,0
svm,304,0,1
svm,305,0,1
svm,306,0,0
svm,307,0,1
svm,308,1,0
svm,309,0,1
svm,310,1,1
svm,311,0,1
svm,312,1,1
svm,313,1,0
svm,314,0,0
svm,315,0,1
svm,316,0,0
svm,317,1,1
svm,318,0,0
svm,319,1,0
svm,320,0,0
svm,321,0,1
svm,322,1,0
svm,323,0,0
svm,324,0,1
svm,325,0,0
svm,326,1,0
svm,327,0,0
svm,328,1,0
svm,329,0,0
svm,330,0,1
svm,331,1,1
svm,332,1,0
svm,333,1,1
svm,334,1,1
svm,335,0,0
svm,336,0,1
svm,337,1,1
svm,338,1,0
svm,339,1,1
svm,340,0,0
svm,341,1,1
svm,342,1,0
svm,343,1,0
svm,344,0,0
svm,345,1,1
svm,346,0,0
svm,347,0,0
svm,348,0,0
svm,349,1,1
svm,350,1,0
svm,351,1,1
svm,352,1,0
svm,353,1,0
svm,354,0,0
svm,355,0,1
svm,356,0,1
svm,357,1,0
svm,358,0,0
svm,359,0,1
svm,360,0,0
svm,361,0,0
svm,362,1,1
svm,363,0,1
svm,364,0,1
svm,365,1,1
svm,366,0,1
svm,367,0,1
svm,368,0,1
svm,369,0,1
svm,370,0,0
svm,371,1,1
svm,372,1,0
svm,373,0,1
svm,374,0,1
svm,375,1,1
svm,376,0,0
svm,377,0,0
svm,378,0,1
svm,379,0,1
svm,380,0,1
svm,381,0,1
svm,382,1,1
svm,383,0,0
svm,384,1,1
svm,385,0,1
svm,386,1,1
svm,387,0,0
svm,388,1,0
svm,389,0,0
svm,390,1,0
svm,391,0,0
svm,392,1,0
svm,393,1,0
svm,394,1,1
svm,395,1,1
svm,396,0,1
svm,397,0,1
svm,398,1,0
svm,399,0,0
svm,400,1,1
svm,401,1,0
svm,402,1,0
svm,403,0,0
svm,404,1,1
svm,405,0,0
svm,406,0,1
svm,407,0,0
svm,408,0,0
svm,409,1,0
svm,410,1,0
svm,411,0,0
svm,412,0,0
svm,413,1,1
svm,414,1,0
svm,415,1,1
svm,416,0,0
svm,417,0,1
svm,418,1,0
svm,419,0,0
svm,420,0,1
svm,421,0,1
svm,422,1,0
svm,423,0,0
svm,424,0,1
svm,425,1,1
svm,426,1,1
svm,427,1,1
svm,428,0,1
svm,429,0,1
svm,430,1,1
svm,431,0,0
svm,432,0,0
svm,433,1,1
svm,434,1,0
svm,435,1,0
svm,436,1,1
svm,437,1,0
svm,438,1,0
svm,439,1,0
svm,440,1,0
svm,441,0,0
svm,442,1,0
svm,443,1,0
svm,444,1,0
svm,445,1,0
svm,446,1,0
svm,447,1,0
svm,448,0,0
svm,449,0,1
svm,450,0,0
svm,451,0,0
svm,452,0,1
svm,453,1,0
svm,454,1,0
svm,455,0,1
svm,456,0,1
svm,457,1,1
svm,458,0,1
svm,459,1,1
svm,460,1,0
svm,461,0,1
svm,462,1,0
svm,463,0,1
svm,464,0,0
svm,465,1,0
svm,466,1,0
svm,467,1,0
svm,468,0,0
svm,469,1,1
svm,470,1,0
svm,471,1,0
svm,472,1,0
svm,473,0,0
svm,474,1,1
svm,475,0,0
svm,476,1,1
svm,477,0,0
svm,478,0,1
svm,479,0,1
svm,480,1,1
svm,481,0,1
svm,482,1,1
svm,483,1,1
svm,484,0,1
svm,485,0,1
svm,486,0,1
svm,487,0,1
svm,488,1,1
svm,489,1,0
svm,490,1,0
svm,491,0,0
svm,492,0,0
svm,493,1,1
svm,494,0,1
svm,495,0,1
svm,496,1,1
svm,497,0,0
svm,498,1,1
svm,499,0,0
svm,500,0,1
svm,501,0,1
svm,502,0,1
svm,503,0,1
svm,504,0,1
svm,505,1,1
svm,506,0,1
svm,507,0,1
svm,508,0,1
svm,509,0,1
svm,510,0,1
svm,511,0,1
svm,512,0,1
svm,513,0,1
svm,514,1,1
svm,515,0,0
svm,516,0,1
svm,517,0,0
svm,518,1,1
svm,519,0,0
svm,520,1,1
svm,521,1,0
svm,522,1,0
svm,523,1,0
svm,524,0,0
svm,525,0,0
svm,526,1,0
svm,527,0,0
svm,528,1,0
svm,529,0,0
svm,530,0,1
svm,531,0,1
svm,532,0,1
svm,533,0,1
svm,534,1,1
svm,535,1,1
svm,536,1,0
svm,537,0,1
svm,538,0,1
svm,539,1,0
svm,540,0,1
svm,541,1,1
svm,542,1,0
svm,543,1,0
svm,544,0,1
svm,545,0,1
svm,546,1,1
svm,547,1,1
svm,548,1,1
svm,549,0,0
svm,550,0,0
svm,551,0,0
svm,552,0,1
svm,553,0,1
svm,554,1,0
svm,555,1,1
svm,556,0,1
svm,557,0,0
svm,558,1,1
svm,559,1,1
svm,560,0,0
svm,561,0,1
svm,562,0,1
svm,563,1,1
svm,564,1,0
svm,565,0,1
svm,566,0,1
svm,567,0,1
svm,568,1,1
svm,569,1,0
svm,570,0,0
svm,571,0,1
svm,572,0,1
svm,573,0,1
svm,574,1,1
svm,575,1,1
svm,576,0,1
svm,577,1,1
svm,578,0,0
svm,579,1,1
svm,580,0,0
svm,581,1,1
svm,582,1,1
svm,583,1,1
svm,584,0,0
svm,585,0,1
svm,586,0,1
svm,587,0,0
svm,588,0,1
svm,589,1,0
svm,590,1,1
svm,591,1,0
svm,592,0,1
svm,593,0,1
svm,594,0,1
svm,595,1,1
svm,596,1,0
svm,597,1,1
svm,598,1,0
svm,599,0,0
svm,600,0,0
svm,601,0,1
svm,602,1,1
svm,603,0,0
svm,604,0,1
svm,605,1,1
svm,606,0,0
svm,607,0,1
svm,608,1,1
svm,609,1,1
svm,610,1,1
svm,611,1,0
svm,612,0,0
svm,613,1,0
svm,614,0,0
svm,615,1,1
svm,616,0,1
svm,617,0,1
svm,618,1,1
svm,619,1,1
svm,620,1,0
svm,621,0,1
svm,622,0,1
svm,623,0,1
svm,624,0,1
svm,625,0,1
svm,626,0,1
svm,627,1,1
svm,628,1,0
svm,629,0,1
svm,630,0,1
svm,631,1,1
svm,632,1,0
svm,633,0,0
svm,634,0,1
svm,635,1,1
svm,636,0,0
svm,637,1,0
svm,638,1,0
svm,639,0,0
svm,640,0,0
svm,641,1,0
svm,642,1,0
svm,643,0,1
svm,644,0,0
svm,645,1,0
svm,646,0,1
svm,647,1,0
svm,648,0,0
svm,649,0,1
svm,650,0,1
svm,651,1,1
svm,652,0,1
svm,653,1,1
svm,654,0,1
svm,655,0,1
svm,656,1,1
svm,657,0,0
svm,658,1,1
svm,659,0,0
svm,660,1,1
svm,661,0,1
svm,662,1,1
svm,663,1,0
svm,664,1,1
svm,665,0,1
svm,666,1,1
svm,667,1,0
svm,668,0,0
svm,669,0,1
svm,670,1,1
svm,671,0,0
svm,672,1,1
svm,673,0,0
svm,674,1,1
svm,675,1,1
svm,676,0,0
svm,677,1,1
svm,678,1,1
svm,679,1,0
svm,680,1,0
svm,681,0,0
svm,682,0,1
svm,683,0,1
svm,684,0,1
svm,685,1,1
svm,686,0,1
svm,687,1,0
svm,688,1,0
svm,689,1,0
svm,690,1,0
svm,691,1,0
svm,692,1,0
svm,693,1,0
svm,694,0,0
svm,695,0,1
svm,696,1,1
svm,697,0,0
svm,698,0,1
svm,699,1,1
svm,700,0,0
svm,701,0,1
svm,702,0,1
svm,703,0,0
svm,704,1,0
svm,705,0,1
svm,706,1,1
svm,707,1,0
svm,708,1,0
svm,709,1,0
svm,710,0,0
svm,711,1,0
svm,712,0,1
svm,713,0,1
svm,714,0,1
svm,715,0,1
svm,716,1,1
svm,717,0,0
svm,718,0,1
svm,719,1,1
svm,720,1,1
svm,721,0,1
svm,722,0,1
svm,723,1,0
svm,724,1,0
svm,725,0,0
svm,726,1,0
svm,727,0,0
svm,728,0,1
svm,729,1,1
svm,730,0,1
svm,731,1,1
svm,732,0,1
svm,733,1,1
svm,734,1,1
svm,735,1,1
svm,736,1,1
svm,737,1,1
svm,738,0,0
svm,739,1,1
svm,740,0,1
svm,741,1,0
svm,742,1,1
svm,743,0,0
svm,744,1,1
svm,745,1,1
svm,746,0,0
svm,747,1,1
svm,748,1,0
svm,749,0,0
svm,750,0,0
svm,751,0,1
svm,752,1,1
svm,753,1,1
svm,754,0,0
svm,755,0,1
svm,756,1,1
svm,757,1,0
svm,758,1,1
svm,759,0,1
svm,760,0,1
svm,761,0,1
svm,762,0,0
svm,763,0,0
svm,764,0,1
svm,765,0,1
svm,766,1,1
svm,767,0,0
svm,768,1,1
svm,769,1,0
svm,770,1,1
svm,771,0,1
svm,772,0,1
svm,773,0,1
svm,774,1,1
svm,775,1,0
svm,776,1,0
svm,777,1,0
svm,778,1,0
svm,779,0,0
svm,780,0,1
svm,781,0,1
svm,782,0,1
svm,783,0,1
svm,784,1,1
svm,785,1,0
svm,786,0,0
svm,787,1,1
svm,788,1,1
svm,789,1,1
svm,790,1,0
svm,791,0,0
svm,792,0,0
svm,793,0,0
svm,794,0,0
svm,795,0,0
svm,796,0,0
svm,797,1,0
svm,798,1,1
svm,799,1,1
svm,800,0,1
svm,801,1,1
svm,802,1,1
svm,803,1,0
svm,804,1,0
svm,805,0,0
svm,806,0,0
svm,807,1,0
svm,808,0,0
svm,809,1,1
svm,810,1,1
svm,811,0,0
svm,812,1,0
svm,813,0,0
svm,814,0,1
svm,815,0,0
svm,816,0,1
svm,817,1,0
svm,818,1,0
svm,819,0,0
svm,820,0,1
svm,821,1,1
svm,822,0,1
xgboost,0,0,0
xgboost,1,0,0
xgboost,2,0,0
xgboost,3,0,0
xgboost,4,1,0
xgboost,5,1,0
xgboost,6,1,0
xgboost,7,0,0
xgboost,8,1,0
xgboost,9,1,0
xgboost,10,0,0
xgboost,11,1,0
xgboost,12,1,0
xgboost,13,0,0
xgboost,14,0,0
xgboost,15,0,0
xgboost,16,1,1
xgboost,17,1,0
xgboost,18,0,0
xgboost,19,0,0
xgboost,20,0,0
xgboost,21,0,0
xgboost,22,1,0
xgboost,23,1,0
xgboost,24,1,0
xgboost,25,0,0
xgboost,26,0,0
xgboost,27,1,0
xgboost,28,1,0
xgboost,29,0,0
xgboost,30,1,0
xgboost,31,1,0
xgboost,32,1,0
xgboost,33,0,0
xgboost,34,0,1
xgboost,35,1,0
xgboost,36,1,0
xgboost,37,0,0
xgboost,38,0,0
xgboost,39,1,1
xgboost,40,0,0
xgboost,41,0,0
xgboost,42,0,0
xgboost,43,1,0
xgboost,44,1,0
xgboost,45,0,0
xgboost,46,0,0
xgboost,47,1,0
xgboost,48,0,0
xgboost,49,1,1
xgboost,50,1,0
xgboost,51,1,0
xgboost,52,1,0
xgboost,53,1,0
xgboost,54,0,0
xgboost,55,1,0
xgboost,56,0,0
xgboost,57,1,1
xgboost,58,1,0
xgboost,59,1,0
xgboost,60,1,0
xgboost,61,1,0
xgboost,62,1,0
xgboost,63,0,0
xgboost,64,0,0
xgboost,65,0,1
xgboost,66,1,0
xgboost,67,1,0
xgboost,68,0,1
xgboost,69,0,1
xgboost,70,0,1
xgboost,71,0,1
xgboost,72,0,0
xgboost,73,1,1
xgboost,74,0,0
xgboost,75,1,0
xgboost,76,1,0
xgboost,77,0,1
xgboost,78,0,1
xgboost,79,1,1
xgboost,80,0,0
xgboost,81,0,0
xgboost,82,0,1
xgboost,83,0,1
xgboost,84,0,0
xgboost,85,1,0
xgboost,86,0,0
xgboost,87,1,0
xgboost,88,0,1
xgboost,89,1,0
xgboost,90,1,1
xgboost,91,0,1
xgboost,92,0,1
xgboost,93,1,0
xgboost,94,1,1
xgboost,95,1,0
xgboost,96,1,0
xgboost,97,0,0
xgboost,98,1,1
xgboost,99,1,0
xgboost,100,1,0
xgboost,101,1,0
xgboost,102,1,0
xgboost,103,0,0
xgboost,104,0,0
xgboost,105,1,0
xgboost,106,1,0
xgboost,107,1,0
xgboost,108,1,0
xgboost,109,0,0
xgboost,110,1,0
xgboost,111,1,0
xgboost,112,0,0
xgboost,113,1,0
xgboost,114,0,1
xgboost,115,0,1
xgboost,116,1,1
xgboost,117,1,0
xgboost,118,1,0
xgboost,119,0,0
xgboost,120,0,0
xgboost,121,1,0
xgboost,122,0,0
xgboost,123,1,0
xgboost,124,1,0
xgboost,125,1,0
xgboost,126,0,0
xgboost,127,1,1
xgboost,128,0,0
xgboost,129,0,1
xgboost,130,0,0
xgboost,131,1,0
xgboost,132,1,0
xgboost,133,0,0
xgboost,134,0,1
xgboost,135,0,1
xgboost,136,0,1
xgboost,137,1,1
xgboost,138,0,1
xgboost,139,0,0
xgboost,140,1,0
xgboost,141,0,1
xgboost,142,0,1
xgboost,143,0,0
xgboost,144,1,0
xgboost,145,0,0
xgboost,146,0,0
xgboost,147,0,1
xgboost,148,0,1
xgboost,149,0,1
xgboost,150,0,1
xgboost,151,1,0
xgboost,152,0,1
xgboost,153,1,1
xgboost,154,0,0
xgboost,155,1,1
xgboost,156,0,1
xgboost,157,1,1
xgboost,158,1,0
xgboost,159,0,0
xgboost,160,1,1
xgboost,161,1,0
xgboost,162,1,0
xgboost,163,1,0
xgboost,164,0,1
xgboost,165,0,0
xgboost,166,0,0
xgboost,167,1,0
xgboost,168,0,0
xgboost,169,0,0
xgboost,170,1,0
xgboost,171,1,0
xgboost,172,0,0
xgboost,173,0,0
xgboost,174,1,1
xgboost,175,1,0
xgboost,176,0,0
xgboost,177,0,1
xgboost,178,1,0
xgboost,179,1,0
xgboost,180,1,0
xgboost,181,1,0
xgboost,182,1,0
xgboost,183,1,1
xgboost,184,1,0
xgboost,185,1,0
xgboost,186,0,1
xgboost,187,0,0
xgboost,188,0,1
xgboost,189,0,1
xgboost,190,0,1
xgboost,191,0,1
xgboost,192,1,1
xgboost,193,0,1
xgboost,194,1,1
xgboost,195,0,1
xgboost,196,1,1
xgboost,197,0,1
xgboost,198,1,1
xgboost,199,1,1
xgboost,200,1,0
xgboost,201,0,0
xgboost,202,1,1
xgboost,203,1,0
xgboost,204,0,1
xgboost,205,0,1
xgboost,206,0,1
xgboost,207,0,1
xgboost,208,0,1
xgboost,209,1,0
xgboost,210,1,0
xgboost,211,0,1
xgboost,212,1,1
xgboost,213,0,0
xgboost,214,0,1
xgboost,215,1,1
xgboost,216,1,0
xgboost,217,1,1
xgboost,218,0,1
xgboost,219,0,0
xgboost,220,1,0
xgboost,221,0,0
xgboost,222,0,0
xgboost,223,0,1
xgboost,224,1,1
xgboost,225,1,1
xgboost,226,1,1
xgboost,227,0,0
xgboost,228,0,1
xgboost,229,1,0
xgboost,230,1,1
xgboost,231,0,1
xgboost,232,0,1
xgboost,233,1,1
xgboost,234,0,1
xgboost,235,0,1
xgboost,236,0,1
xgboost,237,0,1
xgboost,238,1,0
xgboost,239,1,0
xgboost,240,0,0
xgboost,241,0,0
xgboost,242,1,1
xgboost,243,1,0
xgboost,244,1,0
xgboost,245,1,0
xgboost,246,1,0
xgboost,247,1,0
xgboost,248,0,0
xgboost,249,0,1
xgboost,250,1,1
xgboost,251,1,0
xgboost,252,0,1
xgboost,253,1,1
xgboost,254,1,0
xgboost,255,1,0
xgboost,256,0,0
xgboost,257,0,1
xgboost,258,0,1
xgboost,259,0,0
xgboost,260,1,0
xgboost,261,0,1
xgboost,262,1,1
xgboost,263,1,0
xgboost,264,1,1
xgboost,265,0,1
xgboost,266,0,1
xgboost,267,1,1
xgboost,268,0,1
xgboost,269,1,1
xgboost,270,1,1
xgboost,271,1,0
xgboost,272,0,0
xgboost,273,0,0
xgboost,274,1,0
xgboost,275,1,0
xgboost,276,0,0
xgboost,277,0,1
xgboost,278,1,1
xgboost,279,1,0
xgboost,280,1,0
xgboost,281,1,0
xgboost,282,0,0
xgboost,283,0,0
xgboost,284,0,0
xgboost,285,0,1
xgboost,286,0,1
xgboost,287,0,0
xgboost,288,1,0
xgboost,289,0,0
xgboost,290,1,1
xgboost,291,1,1
xgboost,292,1,1
xgboost,293,1,1
xgboost,294,0,1
xgboost,295,1,1
xgboost,296,1,0
xgboost,297,0,1
xgboost,298,1,1
xgboost,299,1,1
xgboost,300,0,0
xgboost,301,1,1
xgboost,302,1,0
xgboost,303,0,0
xgboost,304,0,0
xgboost,305,0,0
xgboost,306,0,0
xgboost,307,0,0
xgboost,308,1,0
xgboost,309,0,1
xgboost,310,1,1
xgboost,311,0,1
xgboost,312,1,0
xgboost,313,1,0
xgboost,314,0,0
xgboost,315,0,1
xgboost,316,0,1
xgboost,317,1,0
xgboost,318,0,1
xgboost,319,1,1
xgboost,320,0,1
xgboost,321,0,1
xgboost,322,1,0
xgboost,323,0,0
xgboost,324,0,1
xgboost,325,0,0
xgboost,326,1,1
xgboost,327,0,1
xgboost,328,1,0
xgboost,329,0,0
xgboost,330,0,0
xgboost,331,1,1
xgboost,332,1,1
xgboost,333,1,1
xgboost,334,1,1
xgboost,335,0,1
xgboost,336,0,1
xgboost,337,1,0
xgboost,338,1,0
xgboost,339,1,0
xgboost,340,0,1
xgboost,341,1,0
xgboost,342,1,1
xgboost,343,1,0
xgboost,344,0,0
xgboost,345,1,1
xgboost,346,0,1
xgboost,347,0,0
xgboost,348,0,1
xgboost,349,1,1
xgboost,350,1,0
xgboost,351,1,0
xgboost,352,1,1
xgboost,353,1,1
xgboost,354,0,0
xgboost,355,0,1
xgboost,356,0,1
xgboost,357,1,0
xgboost,358,0,0
xgboost,359,0,0
xgboost,360,0,1
xgboost,361,0,1
xgboost,362,1,1
xgboost,363,0,0
xgboost,364,0,1
xgboost,365,1,0
xgboost,366,0,1
xgboost,367,0,1
xgboost,368,0,1
xgboost,369,0,1
xgboost,370,0,1
xgboost,371,1,1
xgboost,372,1,0
xgboost,373,0,1
xgboost,374,0,1
xgboost,375,1,0
xgboost,376,0,0
xgboost,377,0,1
xgboost,378,0,1
xgboost,379,0,1
xgboost,380,0,1
xgboost,381,0,1
xgboost,382,1,1
xgboost,383,0,0
xgboost,384,1,1
xgboost,385,0,0
xgboost,386,1,1
xgboost,387,0,0
xgboost,388,1,1
xgboost,389,0,1
xgboost,390,1,0
xgboost,391,0,0
xgboost,392,1,0
xgboost,393,1,1
xgboost,394,1,0
xgboost,395,1,0
xgboost,396,0,0
xgboost,397,0,1
xgboost,398,1,0
xgboost,399,0,0
xgboost,400,1,1
xgboost,401,1,0
xgboost,402,1,0
xgboost,403,0,0
xgboost,404,1,0
xgboost,405,0,0
xgboost,406,0,1
xgboost,407,0,1
xgboost,408,0,0
xgboost,409,1,0
xgboost,410,1,0
xgboost,411,0,0
xgboost,412,0,1
xgboost,413,1,1
xgboost,414,1,1
xgboost,415,1,1
xgboost,416,0,1
xgboost,417,0,1
xgboost,418,1,1
xgboost,419,0,1
xgboost,420,0,1
xgboost,421,0,0
xgboost,422,1,0
xgboost,423,0,0
xgboost,424,0,1
xgboost,425,1,1
xgboost,426,1,1
xgboost,427,1,1
xgboost,428,0,1
xgboost,429,0,1
xgboost,430,1,1
xgboost,431,0,0
xgboost,432,0,1
xgboost,433,1,1
xgboost,434,1,1
xgboost,435,1,1
xgboost,436,1,0
xgboost,437,1,1
xgboost,438,1,0
xgboost,439,1,1
xgboost,440,1,0
xgboost,441,0,0
xgboost,442,1,1
xgboost,443,1,0
xgboost,444,1,0
xgboost,445,1,1
xgboost,446,1,0
xgboost,447,1,0
xgboost,448,0,0
xgboost,449,0,1
xgboost,450,0,1
xgboost,451,0,0
xgboost,452,0,1
xgboost,453,1,1
xgboost,454,1,1
xgboost,455,0,0
xgboost,456,0,0
xgboost,457,1,0
xgboost,458,0,1
xgboost,459,1,1
xgboost,460,1,0
xgboost,461,0,1
xgboost,462,1,1
xgboost,463,0,1
xgboost,464,0,1
xgboost,465,1,1
xgboost,466,1,0
xgboost,467,1,0
xgboost,468,0,1
xgboost,469,1,1
xgboost,470,1,0
xgboost,471,1,0
xgboost,472,1,1
xgboost,473,0,0
xgboost,474,1,0
xgboost,475,0,0
xgboost,476,1,0
xgboost,477,0,0
xgboost,478,0,1
xgboost,479,0,1
xgboost,480,1,1
xgboost,481,0,0
xgboost,482,1,1
xgboost,483,1,1
xgboost,484,0,0
xgboost,485,0,0
xgboost,486,0,0
xgboost,487,0,1
xgboost,488,1,0
xgboost,489,1,0
xgboost,490,1,1
xgboost,491,0,0
xgboost,492,0,0
xgboost,493,1,1
xgboost,494,0,1
xgboost,495,0,0
xgboost,496,1,0
xgboost,497,0,0
xgboost,498,1,0
xgboost,499,0,0
xgboost,500,0,1
xgboost,501,0,0
xgboost,502,0,1
xgboost,503,0,1
xgboost,504,0,0
xgboost,505,1,0
xgboost,506,0,0
xgboost,507,0,1
xgboost,508,0,0
xgboost,509,0,1
xgboost,510,0,0
xgboost,511,0,0
xgboost,512,0,0
xgboost,513,0,0
xgboost,514,1,0
xgboost,515,0,1
xgboost,516,0,1
xgboost,517,0,0
xgboost,518,1,0
xgboost,519,0,0
xgboost,520,1,0
xgboost,521,1,0
xgboost,522,1,1
xgboost,523,1,0
xgboost,524,0,1
xgboost,525,0,1
xgboost,526,1,0
xgboost,527,0,0
xgboost,528,1,0
xgboost,529,0,0
xgboost,530,0,1
xgboost,531,0,1
xgboost,532,0,0
xgboost,533,0,1
xgboost,534,1,0
xgboost,535,1,0
xgboost,536,1,0
xgboost,537,0,1
xgboost,538,0,0
xgboost,539,1,0
xgboost,540,0,0
xgboost,541,1,0
xgboost,542,1,0
xgboost,543,1,1
xgboost,544,0,1
xgboost,545,0,1
xgboost,546,1,1
xgboost,547,1,0
xgboost,548,1,0
xgboost,549,0,0
xgboost,550,0,1
xgboost,551,0,0
xgboost,552,0,0
xgboost,553,0,1
xgboost,554,1,1
xgboost,555,1,1
xgboost,556,0,1
xgboost,557,0,0
xgboost,558,1,1
xgboost,559,1,0
xgboost,560,0,1
xgboost,561,0,0
xgboost,562,0,0
xgboost,563,1,0
xgboost,564,1,0
xgboost,565,0,0
xgboost,566,0,1
xgboost,567,0,1
xgboost,568,1,1
xgboost,569,1,1
xgboost,570,0,1
xgboost,571,0,1
xgboost,572,0,1
xgboost,573,0,1
xgboost,574,1,1
xgboost,575,1,1
xgboost,576,0,1
xgboost,577,1,1
xgboost,578,0,0
xgboost,579,1,1
xgboost,580,0,0
xgboost,581,1,1
xgboost,582,1,0
xgboost,583,1,1
xgboost,584,0,0
xgboost,585,0,1
xgboost,586,0,1
xgboost,587,0,1
xgboost,588,0,0
xgboost,589,1,0
xgboost,590,1,1
xgboost,591,1,0
xgboost,592,0,0
xgboost,593,0,1
xgboost,594,0,0
xgboost,595,1,1
xgboost,596,1,1
xgboost,597,1,1
xgboost,598,1,0
xgboost,599,0,1
xgboost,600,0,1
xgboost,601,0,1
xgboost,602,1,0
xgboost,603,0,1
xgboost,604,0,1
xgboost,605,1,1
xgboost,606,0,0
xgboost,607,0,1
xgboost,608,1,1
xgboost,609,1,1
xgboost,610,1,0
xgboost,611,1,1
xgboost,612,0,0
xgboost,613,1,1
xgboost,614,0,0
xgboost,615,1,0
xgboost,616,0,0
xgboost,617,0,0
xgboost,618,1,1
xgboost,619,1,0
xgboost,620,1,0
xgboost,621,0,0
xgboost,622,0,1
xgboost,623,0,1
xgboost,624,0,1
xgboost,625,0,1
xgboost,626,0,1
xgboost,627,1,0
xgboost,628,1,0
xgboost,629,0,1
xgboost,630,0,0
xgboost,631,1,0
xgboost,632,1,1
xgboost,633,0,0
xgboost,634,0,1
xgboost,635,1,1
xgboost,636,0,0
xgboost,637,1,0
xgboost,638,1,0
xgboost,639,0,0
xgboost,640,0,1
xgboost,641,1,1
xgboost,642,1,0
xgboost,643,0,0
xgboost,644,0,1
xgboost,645,1,0
xgboost,646,0,0
xgboost,647,1,0
xgboost,648,0,0
xgboost,649,0,1
xgboost,650,0,0
xgboost,651,1,1
xgboost,652,0,1
xgboost,653,1,1
xgboost,654,0,1
xgboost,655,0,1
xgboost,656,1,0
xgboost,657,0,1
xgboost,658,1,1
xgboost,659,0,1
xgboost,660,1,0
xgboost,661,0,0
xgboost,662,1,0
xgboost,663,1,0
xgboost,664,1,1
xgboost,665,0,1
xgboost,666,1,1
xgboost,667,1,0
xgboost,668,0,0
xgboost,669,0,1
xgboost,670,1,1
xgboost,671,0,1
xgboost,672,1,1
xgboost,673,0,1
xgboost,674,1,0
xgboost,675,1,1
xgboost,676,0,0
xgboost,677,1,1
xgboost,678,1,0
xgboost,679,1,0
xgboost,680,1,0
xgboost,681,0,0
xgboost,682,0,1
xgboost,683,0,1
xgboost,684,0,1
xgboost,685,1,1
xgboost,686,0,0
xgboost,687,1,0
xgboost,688,1,1
xgboost,689,1,1
xgboost,690,1,1
xgboost,691,1,0
xgboost,692,1,1
xgboost,693,1,1
xgboost,694,0,0
xgboost,695,0,1
xgboost,696,1,0
xgboost,697,0,0
xgboost,698,0,0
xgboost,699,1,1
xgboost,700,0,0
xgboost,701,0,0
xgboost,702,0,0
xgboost,703,0,1
xgboost,704,1,0
xgboost,705,0,1
xgboost,706,1,1
xgboost,707,1,0
xgboost,708,1,0
xgboost,709,1,0
xgboost,710,0,0
xgboost,711,1,0
xgboost,712,0,1
xgboost,713,0,0
xgboost,714,0,1
xgboost,715,0,1
xgboost,716,1,0
xgboost,717,0,0
xgboost,718,0,0
xgboost,719,1,0
xgboost,720,1,1
xgboost,721,0,1
xgboost,722,0,1
xgboost,723,1,0
xgboost,724,1,0
xgboost,725,0,0
xgboost,726,1,1
xgboost,727,0,1
xgboost,728,0,1
xgboost,729,1,1
xgboost,730,0,0
xgboost,731,1,1
xgboost,732,0,1
xgboost,733,1,1
xgboost,734,1,1
xgboost,735,1,0
xgboost,736,1,1
xgboost,737,1,0
xgboost,738,0,1
xgboost,739,1,0
xgboost,740,0,0
xgboost,741,1,0
xgboost,742,1,0
xgboost,743,0,0
xgboost,744,1,0
xgboost,745,1,1
xgboost,746,0,1
xgboost,747,1,0
xgboost,748,1,1
xgboost,749,0,1
xgboost,750,0,1
xgboost,751,0,0
xgboost,752,1,0
xgboost,753,1,0
xgboost,754,0,0
xgboost,755,0,0
xgboost,756,1,1
xgboost,757,1,0
xgboost,758,1,1
xgboost,759,0,1
xgboost,760,0,0
xgboost,761,0,1
xgboost,762,0,0
xgboost,763,0,0
xgboost,764,0,1
xgboost,765,0,0
xgboost,766,1,1
xgboost,767,0,0
xgboost,768,1,1
xgboost,769,1,1
xgboost,770,1,1
xgboost,771,0,0
xgboost,772,0,0
xgboost,773,0,0
xgboost,774,1,0
xgboost,775,1,0
xgboost,776,1,0
xgboost,777,1,1
xgboost,778,1,0
xgboost,779,0,0
xgboost,780,0,1
xgboost,781,0,1
xgboost,782,0,0
xgboost,783,0,1
xgboost,784,1,1
xgboost,785,1,1
xgboost,786,0,0
xgboost,787,1,1
xgboost,788,1,1
xgboost,789,1,1
xgboost,790,1,0
xgboost,791,0,0
xgboost,792,0,1
xgboost,793,0,1
xgboost,794,0,0
xgboost,795,0,1
xgboost,796,0,0
xgboost,797,1,0
xgboost,798,1,0
xgboost,799,1,1
xgboost,800,0,0
xgboost,801,1,1
xgboost,802,1,0
xgboost,803,1,0
xgboost,804,1,0
xgboost,805,0,1
xgboost,806,0,1
xgboost,807,1,1
xgboost,808,0,1
xgboost,809,1,1
xgboost,810,1,1
xgboost,811,0,0
xgboost,812,1,1
xgboost,813,0,0
xgboost,814,0,1
xgboost,815,0,1
xgboost,816,0,1
xgboost,817,1,0
xgboost,818,1,0
xgboost,819,0,0
xgboost,820,0,1
xgboost,821,1,1
xgboost,822,0,0
lightgbm,0,0,0
lightgbm,1,0,0
lightgbm,2,0,1
lightgbm,3,0,0
lightgbm,4,1,1
lightgbm,5,1,0
lightgbm,6,1,0
lightgbm,7,0,1
lightgbm,8,1,0
lightgbm,9,1,0
lightgbm,10,0,0
lightgbm,11,1,0
lightgbm,12,1,1
lightgbm,13,0,1
lightgbm,14,0,0
lightgbm,15,0,0
lightgbm,16,1,0
lightgbm,17,1,0
lightgbm,18,0,0
lightgbm,19,0,0
lightgbm,20,0,0
lightgbm,21,0,0
lightgbm,22,1,0
lightgbm,23,1,1
lightgbm,24,1,1
lightgbm,25,0,0
lightgbm,26,0,0
lightgbm,27,1,0
lightgbm,28,1,0
lightgbm,29,0,0
lightgbm,30,1,0
lightgbm,31,1,0
lightgbm,32,1,0
lightgbm,33,0,0
lightgbm,34,0,0
lightgbm,35,1,0
lightgbm,36,1,0
lightgbm,37,0,0
lightgbm,38,0,0
lightgbm,39,1,0
lightgbm,40,0,1
lightgbm,41,0,0
lightgbm,42,0,0
lightgbm,43,1,0
lightgbm,44,1,0
lightgbm,45,0,0
lightgbm,46,0,0
lightgbm,47,1,0
lightgbm,48,0,0
lightgbm,49,1,1
lightgbm,50,1,0
lightgbm,51,1,0
lightgbm,52,1,0
lightgbm,53,1,0
lightgbm,54,0,0
lightgbm,55,1,0
lightgbm,56,0,0
lightgbm,57,1,0
lightgbm,58,1,0
lightgbm,59,1,0
lightgbm,60,1,0
lightgbm,61,1,0
lightgbm,62,1,0
lightgbm,63,0,0
lightgbm,64,0,0
lightgbm,65,0,0
lightgbm,66,1,0
lightgbm,67,1,0
lightgbm,68,0,0
lightgbm,69,0,0
lightgbm,70,0,0
lightgbm,71,0,1
lightgbm,72,0,0
lightgbm,73,1,1
lightgbm,74,0,0
lightgbm,75,1,0
lightgbm,76,1,0
lightgbm,77,0,0
lightgbm,78,0,1
lightgbm,79,1,1
lightgbm,80,0,0
lightgbm,81,0,0
lightgbm,82,0,0
lightgbm,83,0,0
lightgbm,84,0,0
lightgbm,85,1,1
lightgbm,86,0,0
lightgbm,87,1,1
lightgbm,88,0,0
lightgbm,89,1,0
lightgbm,90,1,0
lightgbm,91,0,0
lightgbm,92,0,0
lightgbm,93,1,0
lightgbm,94,1,0
lightgbm,95,1,0
lightgbm,96,1,0
lightgbm,97,0,0
lightgbm,98,1,0
lightgbm,99,1,0
lightgbm,100,1,0
lightgbm,101,1,0
lightgbm,102,1,0
lightgbm,103,0,1
lightgbm,104,0,0
lightgbm,105,1,0
lightgbm,106,1,0
lightgbm,107,1,0
lightgbm,108,1,0
lightgbm,109,0,0
lightgbm,110,1,0
lightgbm,111,1,0
lightgbm,112,0,0
lightgbm,113,1,0
lightgbm,114,0,0
lightgbm,115,0,0
lightgbm,116,1,0
lightgbm,117,1,0
lightgbm,118,1,0
lightgbm,119,0,0
lightgbm,120,0,0
lightgbm,121,1,0
lightgbm,122,0,0
lightgbm,123,1,0
lightgbm,124,1,0
lightgbm,125,1,0
lightgbm,126,0,0
lightgbm,127,1,0
lightgbm,128,0,0
lightgbm,129,0,1
lightgbm,130,0,1
lightgbm,131,1,1
lightgbm,132,1,0
lightgbm,133,0,0
lightgbm,134,0,1
lightgbm,135,0,1
lightgbm,136,0,1
lightgbm,137,1,1
lightgbm,138,0,0
lightgbm,139,0,1
lightgbm,140,1,0
lightgbm,141,0,0
lightgbm,142,0,1
lightgbm,143,0,0
lightgbm,144,1,0
lightgbm,145,0,0
lightgbm,146,0,0
lightgbm,147,0,1
lightgbm,148,0,1
lightgbm,149,0,0
lightgbm,150,0,0
lightgbm,151,1,1
lightgbm,152,0,0
lightgbm,153,1,1
lightgbm,154,0,0
lightgbm,155,1,1
lightgbm,156,0,0
lightgbm,157,1,1
lightgbm,158,1,0
lightgbm,159,0,0
lightgbm,160,1,1
lightgbm,161,1,0
lightgbm,162,1,0
lightgbm,163,1,0
lightgbm,164,0,1
lightgbm,165,0,0
lightgbm,166,0,0
lightgbm,167,1,0
lightgbm,168,0,0
lightgbm,169,0,0
lightgbm,170,1,1
lightgbm,171,1,0
lightgbm,172,0,0
lightgbm,173,0,0
lightgbm,174,1,1
lightgbm,175,1,0
lightgbm,176,0,0
lightgbm,177,0,0
lightgbm,178,1,0
lightgbm,179,1,0
lightgbm,180,1,0
lightgbm,181,1,0
lightgbm,182,1,0
lightgbm,183,1,1
lightgbm,184,1,0
lightgbm,185,1,0
lightgbm,186,0,1
lightgbm,187,0,0
lightgbm,188,0,0
lightgbm,189,0,0
lightgbm,190,0,1
lightgbm,191,0,0
lightgbm,192,1,1
lightgbm,193,0,0
lightgbm,194,1,1
lightgbm,195,0,0
lightgbm,196,1,1
lightgbm,197,0,0
lightgbm,198,1,1
lightgbm,199,1,0
lightgbm,200,1,0
lightgbm,201,0,0
lightgbm,202,1,1
lightgbm,203,1,0
lightgbm,204,0,0
lightgbm,205,0,1
lightgbm,206,0,1
lightgbm,207,0,1
lightgbm,208,0,1
lightgbm,209,1,0
lightgbm,210,1,0
lightgbm,211,0,0
lightgbm,212,1,1
lightgbm,213,0,0
lightgbm,214,0,1
lightgbm,215,1,0
lightgbm,216,1,0
lightgbm,217,1,0
lightgbm,218,0,0
lightgbm,219,0,0
lightgbm,220,1,1
lightgbm,221,0,0
lightgbm,222,0,1
lightgbm,223,0,0
lightgbm,224,1,0
lightgbm,225,1,0
lightgbm,226,1,0
lightgbm,227,0,0
lightgbm,228,0,1
lightgbm,229,1,1
lightgbm,230,1,0
lightgbm,231,0,0
lightgbm,232,0,1
lightgbm,233,1,1
lightgbm,234,0,0
lightgbm,235,0,1
lightgbm,236,0,1
lightgbm,237,0,1
lightgbm,238,1,1
lightgbm,239,1,0
lightgbm,240,0,0
lightgbm,241,0,1
lightgbm,242,1,1
lightgbm,243,1,0
lightgbm,244,1,0
lightgbm,245,1,0
lightgbm,246,1,0
lightgbm,247,1,0
lightgbm,248,0,0
lightgbm,249,0,0
lightgbm,250,1,0
lightgbm,251,1,0
lightgbm,252,0,0
lightgbm,253,1,1
lightgbm,254,1,0
lightgbm,255,1,0
lightgbm,256,0,1
lightgbm,257,0,1
lightgbm,258,0,1
lightgbm,259,0,0
lightgbm,260,1,0
lightgbm,261,0,0
lightgbm,262,1,0
lightgbm,263,1,0
lightgbm,264,1,0
lightgbm,265,0,1
lightgbm,266,0,1
lightgbm,267,1,1
lightgbm,268,0,0
lightgbm,269,1,1
lightgbm,270,1,0
lightgbm,271,1,0
lightgbm,272,0,0
lightgbm,273,0,1
lightgbm,274,1,0
lightgbm,275,1,0
lightgbm,276,0,1
lightgbm,277,0,0
lightgbm,278,1,0
lightgbm,279,1,0
lightgbm,280,1,0
lightgbm,281,1,0
lightgbm,282,0,0
lightgbm,283,0,1
lightgbm,284,0,0
lightgbm,285,0,0
lightgbm,286,0,1
lightgbm,287,0,1
lightgbm,288,1,1
lightgbm,289,0,0
lightgbm,290,1,1
lightgbm,291,1,0
lightgbm,292,1,0
lightgbm,293,1,0
lightgbm,294,0,0
lightgbm,295,1,1
lightgbm,296,1,0
lightgbm,297,0,0
lightgbm,298,1,1
lightgbm,299,1,0
lightgbm,300,0,0
lightgbm,301,1,1
lightgbm,302,1,0
lightgbm,303,0,0
lightgbm,304,0,0
lightgbm,305,0,0
lightgbm,306,0,0
lightgbm,307,0,0
lightgbm,308,1,0
lightgbm,309,0,0
lightgbm,310,1,1
lightgbm,311,0,0
lightgbm,312,1,1
lightgbm,313,1,0
lightgbm,314,0,0
lightgbm,315,0,1
lightgbm,316,0,0
lightgbm,317,1,1
lightgbm,318,0,0
lightgbm,319,1,1
lightgbm,320,0,0
lightgbm,321,0,1
lightgbm,322,1,1
lightgbm,323,0,0
lightgbm,324,0,1
lightgbm,325,0,0
lightgbm,326,1,1
lightgbm,327,0,0
lightgbm,328,1,1
lightgbm,329,0,0
lightgbm,330,0,1
lightgbm,331,1,1
lightgbm,332,1,0
lightgbm,333,1,0
lightgbm,334,1,0
lightgbm,335,0,0
lightgbm,336,0,1
lightgbm,337,1,1
lightgbm,338,1,0
lightgbm,339,1,0
lightgbm,340,0,0
lightgbm,341,1,0
lightgbm,342,1,0
lightgbm,343,1,0
lightgbm,344,0,0
lightgbm,345,1,1
lightgbm,346,0,0
lightgbm,347,0,1
lightgbm,348,0,1
lightgbm,349,1,1
lightgbm,350,1,0
lightgbm,351,1,0
lightgbm,352,1,0
lightgbm,353,1,0
lightgbm,354,0,0
lightgbm,355,0,1
lightgbm,356,0,0
lightgbm,357,1,0
lightgbm,358,0,0
lightgbm,359,0,1
lightgbm,360,0,0
lightgbm,361,0,0
lightgbm,362,1,0
lightgbm,363,0,1
lightgbm,364,0,1
lightgbm,365,1,1
lightgbm,366,0,0
lightgbm,367,0,1
lightgbm,368,0,1
lightgbm,369,0,1
lightgbm,370,0,0
lightgbm,371,1,0
lightgbm,372,1,0
lightgbm,373,0,0
lightgbm,374,0,0
lightgbm,375,1,1
lightgbm,376,0,0
lightgbm,377,0,0
lightgbm,378,0,1
lightgbm,379,0,1
lightgbm,380,0,1
lightgbm,381,0,1
lightgbm,382,1,1
lightgbm,383,0,0
lightgbm,384,1,1
lightgbm,385,0,0
lightgbm,386,1,1
lightgbm,387,0,0
lightgbm,388,1,0
lightgbm,389,0,0
lightgbm,390,1,1
lightgbm,391,0,0
lightgbm,392,1,1
lightgbm,393,1,0
lightgbm,394,1,0
lightgbm,395,1,0
lightgbm,396,0,0
lightgbm,397,0,1
lightgbm,398,1,0
lightgbm,399,0,0
lightgbm,400,1,1
lightgbm,401,1,0
lightgbm,402,1,0
lightgbm,403,0,1
lightgbm,404,1,0
lightgbm,405,0,0
lightgbm,406,0,0
lightgbm,407,0,0
lightgbm,408,0,1
lightgbm,409,1,1
lightgbm,410,1,0
lightgbm,411,0,0
lightgbm,412,0,1
lightgbm,413,1,0
lightgbm,414,1,0
lightgbm,415,1,0
lightgbm,416,0,0
lightgbm,417,0,1
lightgbm,418,1,0
lightgbm,419,0,0
lightgbm,420,0,1
lightgbm,421,0,1
lightgbm,422,1,0
lightgbm,423,0,0
lightgbm,424,0,1
lightgbm,425,1,1
lightgbm,426,1,0
lightgbm,427,1,0
lightgbm,428,0,0
lightgbm,429,0,0
lightgbm,430,1,1
lightgbm,431,0,0
lightgbm,432,0,0
lightgbm,433,1,0
lightgbm,434,1,0
lightgbm,435,1,0
lightgbm,436,1,0
lightgbm,437,1,0
lightgbm,438,1,0
lightgbm,439,1,0
lightgbm,440,1,0
lightgbm,441,0,0
lightgbm,442,1,1
lightgbm,443,1,0
lightgbm,444,1,0
lightgbm,445,1,0
lightgbm,446,1,0
lightgbm,447,1,0
lightgbm,448,0,0
lightgbm,449,0,1
lightgbm,450,0,0
lightgbm,451,0,1
lightgbm,452,0,1
lightgbm,453,1,1
lightgbm,454,1,0
lightgbm,455,0,0
lightgbm,456,0,1
lightgbm,457,1,0
lightgbm,458,0,0
lightgbm,459,1,1
lightgbm,460,1,0
lightgbm,461,0,0
lightgbm,462,1,1
lightgbm,463,0,0
lightgbm,464,0,1
lightgbm,465,1,0
lightgbm,466,1,0
lightgbm,467,1,1
lightgbm,468,0,0
lightgbm,469,1,0
lightgbm,470,1,0
lightgbm,471,1,0
lightgbm,472,1,0
lightgbm,473,0,0
lightgbm,474,1,0
lightgbm,475,0,0
lightgbm,476,1,0
lightgbm,477,0,0
lightgbm,478,0,1
lightgbm,479,0,1
lightgbm,480,1,1
lightgbm,481,0,0
lightgbm,482,1,1
lightgbm,483,1,0
lightgbm,484,0,0
lightgbm,485,0,1
lightgbm,486,0,0
lightgbm,487,0,0
lightgbm,488,1,1
lightgbm,489,1,0
lightgbm,490,1,0
lightgbm,491,0,0
lightgbm,492,0,0
lightgbm,493,1,1
lightgbm,494,0,0
lightgbm,495,0,0
lightgbm,496,1,0
lightgbm,497,0,0
lightgbm,498,1,0
lightgbm,499,0,0
lightgbm,500,0,1
lightgbm,501,0,1
lightgbm,502,0,1
lightgbm,503,0,1
lightgbm,504,0,1
lightgbm,505,1,1
lightgbm,506,0,0
lightgbm,507,0,0
lightgbm,508,0,1
lightgbm,509,0,1
lightgbm,510,0,1
lightgbm,511,0,1
lightgbm,512,0,1
lightgbm,513,0,1
lightgbm,514,1,1
lightgbm,515,0,0
lightgbm,516,0,0
lightgbm,517,0,0
lightgbm,518,1,0
lightgbm,519,0,0
lightgbm,520,1,0
lightgbm,521,1,0
lightgbm,522,1,0
lightgbm,523,1,0
lightgbm,524,0,0
lightgbm,525,0,1
lightgbm,526,1,0
lightgbm,527,0,0
lightgbm,528,1,0
lightgbm,529,0,0
lightgbm,530,0,1
lightgbm,531,0,1
lightgbm,532,0,1
lightgbm,533,0,0
lightgbm,534,1,1
lightgbm,535,1,1
lightgbm,536,1,0
lightgbm,537,0,1
lightgbm,538,0,0
lightgbm,539,1,1
lightgbm,540,0,0
lightgbm,541,1,1
lightgbm,542,1,0
lightgbm,543,1,0
lightgbm,544,0,0
lightgbm,545,0,1
lightgbm,546,1,1
lightgbm,547,1,0
lightgbm,548,1,0
lightgbm,549,0,0
lightgbm,550,0,1
lightgbm,551,0,0
lightgbm,552,0,0
lightgbm,553,0,1
lightgbm,554,1,1
lightgbm,555,1,0
lightgbm,556,0,0
lightgbm,557,0,0
lightgbm,558,1,1
lightgbm,559,1,0
lightgbm,560,0,0
lightgbm,561,0,1
lightgbm,562,0,0
lightgbm,563,1,0
lightgbm,564,1,0
lightgbm,565,0,0
lightgbm,566,0,1
lightgbm,567,0,0
lightgbm,568,1,1
lightgbm,569,1,0
lightgbm,570,0,0
lightgbm,571,0,1
lightgbm,572,0,1
lightgbm,573,0,1
lightgbm,574,1,0
lightgbm,575,1,0
lightgbm,576,0,0
lightgbm,577,1,0
lightgbm,578,0,0
lightgbm,579,1,1
lightgbm,580,0,0
lightgbm,581,1,1
lightgbm,582,1,0
lightgbm,583,1,0
lightgbm,584,0,0
lightgbm,585,0,1
lightgbm,586,0,1
lightgbm,587,0,0
lightgbm,588,0,0
lightgbm,589,1,0
lightgbm,590,1,0
lightgbm,591,1,0
lightgbm,592,0,0
lightgbm,593,0,1
lightgbm,594,0,1
lightgbm,595,1,1
lightgbm,596,1,0
lightgbm,597,1,0
lightgbm,598,1,0
lightgbm,599,0,0
lightgbm,600,0,0
lightgbm,601,0,1
lightgbm,602,1,1
lightgbm,603,0,1
lightgbm,604,0,1
lightgbm,605,1,1
lightgbm,606,0,0
lightgbm,607,0,1
lightgbm,608,1,1
lightgbm,609,1,0
lightgbm,610,1,0
lightgbm,611,1,0
lightgbm,612,0,0
lightgbm,613,1,0
lightgbm,614,0,0
lightgbm,615,1,0
lightgbm,616,0,0
lightgbm,617,0,0
lightgbm,618,1,1
lightgbm,619,1,1
lightgbm,620,1,0
lightgbm,621,0,1
lightgbm,622,0,0
lightgbm,623,0,0
lightgbm,624,0,0
lightgbm,625,0,1
lightgbm,626,0,1
lightgbm,627,1,1
lightgbm,628,1,0
lightgbm,629,0,0
lightgbm,630,0,0
lightgbm,631,1,1
lightgbm,632,1,0
lightgbm,633,0,0
lightgbm,634,0,0
lightgbm,635,1,0
lightgbm,636,0,0
lightgbm,637,1,1
lightgbm,638,1,1
lightgbm,639,0,0
lightgbm,640,0,1
lightgbm,641,1,1
lightgbm,642,1,0
lightgbm,643,0,0
lightgbm,644,0,0
lightgbm,645,1,0
lightgbm,646,0,0
lightgbm,647,1,0
lightgbm,648,0,0
lightgbm,649,0,0
lightgbm,650,0,0
lightgbm,651,1,1
lightgbm,652,0,0
lightgbm,653,1,1
lightgbm,654,0,0
lightgbm,655,0,1
lightgbm,656,1,1
lightgbm,657,0,0
lightgbm,658,1,1
lightgbm,659,0,0
lightgbm,660,1,0
lightgbm,661,0,0
lightgbm,662,1,1
lightgbm,663,1,0
lightgbm,664,1,0
lightgbm,665,0,0
lightgbm,666,1,1
lightgbm,667,1,0
lightgbm,668,0,0
lightgbm,669,0,1
lightgbm,670,1,0
lightgbm,671,0,0
lightgbm,672,1,1
lightgbm,673,0,1
lightgbm,674,1,0
lightgbm,675,1,0
lightgbm,676,0,0
lightgbm,677,1,1
lightgbm,678,1,0
lightgbm,679,1,0
lightgbm,680,1,0
lightgbm,681,0,0
lightgbm,682,0,1
lightgbm,683,0,1
lightgbm,684,0,0
lightgbm,685,1,1
lightgbm,686,0,0
lightgbm,687,1,0
lightgbm,688,1,1
lightgbm,689,1,0
lightgbm,690,1,0
lightgbm,691,1,0
lightgbm,692,1,0
lightgbm,693,1,0
lightgbm,694,0,0
lightgbm,695,0,0
lightgbm,696,1,0
lightgbm,697,0,0
lightgbm,698,0,1
lightgbm,699,1,1
lightgbm,700,0,0
lightgbm,701,0,0
lightgbm,702,0,0
lightgbm,703,0,1
lightgbm,704,1,0
lightgbm,705,0,0
lightgbm,706,1,1
lightgbm,707,1,0
lightgbm,708,1,0
lightgbm,709,1,0
lightgbm,710,0,0
lightgbm,711,1,1
lightgbm,712,0,0
lightgbm,713,0,1
lightgbm,714,0,1
lightgbm,715,0,1
lightgbm,716,1,1
lightgbm,717,0,0
lightgbm,718,0,0
lightgbm,719,1,1
lightgbm,720,1,0
lightgbm,721,0,0
lightgbm,722,0,0
lightgbm,723,1,1
lightgbm,724,1,0
lightgbm,725,0,0
lightgbm,726,1,1
lightgbm,727,0,0
lightgbm,728,0,1
lightgbm,729,1,1
lightgbm,730,0,0
lightgbm,731,1,0
lightgbm,732,0,0
lightgbm,733,1,0
lightgbm,734,1,0
lightgbm,735,1,0
lightgbm,736,1,0
lightgbm,737,1,0
lightgbm,738,0,0
lightgbm,739,1,0
lightgbm,740,0,0
lightgbm,741,1,0
lightgbm,742,1,0
lightgbm,743,0,0
lightgbm,744,1,0
lightgbm,745,1,0
lightgbm,746,0,0
lightgbm,747,1,1
lightgbm,748,1,0
lightgbm,749,0,1
lightgbm,750,0,1
lightgbm,751,0,1
lightgbm,752,1,1
lightgbm,753,1,1
lightgbm,754,0,0
lightgbm,755,0,0
lightgbm,756,1,1
lightgbm,757,1,0
lightgbm,758,1,0
lightgbm,759,0,0
lightgbm,760,0,0
lightgbm,761,0,1
lightgbm,762,0,1
lightgbm,763,0,0
lightgbm,764,0,1
lightgbm,765,0,1
lightgbm,766,1,0
lightgbm,767,0,0
lightgbm,768,1,0
lightgbm,769,1,0
lightgbm,770,1,0
lightgbm,771,0,0
lightgbm,772,0,1
lightgbm,773,0,0
lightgbm,774,1,0
lightgbm,775,1,0
lightgbm,776,1,0
lightgbm,777,1,0
lightgbm,778,1,0
lightgbm,779,0,0
lightgbm,780,0,1
lightgbm,781,0,1
lightgbm,782,0,1
lightgbm,783,0,1
lightgbm,784,1,1
lightgbm,785,1,0
lightgbm,786,0,0
lightgbm,787,1,1
lightgbm,788,1,0
lightgbm,789,1,0
lightgbm,790,1,0
lightgbm,791,0,0
lightgbm,792,0,1
lightgbm,793,0,1
lightgbm,794,0,1
lightgbm,795,0,1
lightgbm,796,0,1
lightgbm,797,1,1
lightgbm,798,1,0
lightgbm,799,1,0
lightgbm,800,0,0
lightgbm,801,1,0
lightgbm,802,1,0
lightgbm,803,1,0
lightgbm,804,1,0
lightgbm,805,0,0
lightgbm,806,0,1
lightgbm,807,1,0
lightgbm,808,0,0
lightgbm,809,1,1
lightgbm,810,1,0
lightgbm,811,0,0
lightgbm,812,1,0
lightgbm,813,0,0
lightgbm,814,0,1
lightgbm,815,0,1
lightgbm,816,0,0
lightgbm,817,1,1
lightgbm,818,1,0
lightgbm,819,0,0
lightgbm,820,0,1
lightgbm,821,1,0
lightgbm,822,0,0
lstm,0,0,1
lstm,1,0,1
lstm,2,0,1
lstm,3,0,1
lstm,4,1,1
lstm,5,1,1
lstm,6,1,1
lstm,7,0,1
lstm,8,1,1
lstm,9,1,1
lstm,10,0,1
lstm,11,1,1
lstm,12,1,1
lstm,13,0,1
lstm,14,0,1
lstm,15,0,1
lstm,16,1,1
lstm,17,1,1
lstm,18,0,1
lstm,19,0,1
lstm,20,0,1
lstm,21,0,1
lstm,22,1,1
lstm,23,1,1
lstm,24,1,1
lstm,25,0,1
lstm,26,0,1
lstm,27,1,1
lstm,28,1,1
lstm,29,0,1
lstm,30,1,1
lstm,31,1,1
lstm,32,1,1
lstm,33,0,1
lstm,34,0,1
lstm,35,1,1
lstm,36,1,1
lstm,37,0,1
lstm,38,0,1
lstm,39,1,1
lstm,40,0,1
lstm,41,0,1
lstm,42,0,1
lstm,43,1,1
lstm,44,1,1
lstm,45,0,1
lstm,46,0,1
lstm,47,1,1
lstm,48,0,1
lstm,49,1,1
lstm,50,1,1
lstm,51,1,1
lstm,52,1,1
lstm,53,1,1
lstm,54,0,1
lstm,55,1,1
lstm,56,0,1
lstm,57,1,1
lstm,58,1,1
lstm,59,1,1
lstm,60,1,1
lstm,61,1,1
lstm,62,1,1
lstm,63,0,1
lstm,64,0,1
lstm,65,0,1
lstm,66,1,1
lstm,67,1,1
lstm,68,0,1
lstm,69,0,1
lstm,70,0,1
lstm,71,0,1
lstm,72,0,1
lstm,73,1,1
lstm,74,0,1
lstm,75,1,1
lstm,76,1,1
lstm,77,0,1
lstm,78,0,1
lstm,79,1,1
lstm,80,0,1
lstm,81,0,1
lstm,82,0,1
lstm,83,0,1
lstm,84,0,1
lstm,85,1,1
lstm,86,0,1
lstm,87,1,1
lstm,88,0,1
lstm,89,1,1
lstm,90,1,1
lstm,91,0,1
lstm,92,0,1
lstm,93,1,1
lstm,94,1,1
lstm,95,1,1
lstm,96,1,1
lstm,97,0,1
lstm,98,1,1
lstm,99,1,1
lstm,100,1,1
lstm,101,1,1
lstm,102,1,1
lstm,103,0,1
lstm,104,0,1
lstm,105,1,1
lstm,106,1,1
lstm,107,1,1
lstm,108,1,1
lstm,109,0,1
lstm,110,1,1
lstm,111,1,1
lstm,112,0,1
lstm,113,1,1
lstm,114,0,1
lstm,115,0,1
lstm,116,1,1
lstm,117,1,1
lstm,118,1,1
lstm,119,0,1
lstm,120,0,1
lstm,121,1,1
lstm,122,0,1
lstm,123,1,1
lstm,124,1,1
lstm,125,1,1
lstm,126,0,1
lstm,127,1,1
lstm,128,0,1
lstm,129,0,1
lstm,130,0,1
lstm,131,1,1
lstm,132,1,1
lstm,133,0,1
lstm,134,0,1
lstm,135,0,1
lstm,136,0,1
lstm,137,1,1
lstm,138,0,1
lstm,139,0,1
lstm,140,1,1
lstm,141,0,1
lstm,142,0,1
lstm,143,0,1
lstm,144,1,1
lstm,145,0,1
lstm,146,0,1
lstm,147,0,1
lstm,148,0,1
lstm,149,0,1
lstm,150,0,1
lstm,151,1,1
lstm,152,0,1
lstm,153,1,1
lstm,154,0,1
lstm,155,1,1
lstm,156,0,1
lstm,157,1,1
lstm,158,1,1
lstm,159,0,1
lstm,160,1,1
lstm,161,1,1
lstm,162,1,1
lstm,163,1,1
lstm,164,0,1
lstm,165,0,1
lstm,166,0,1
lstm,167,1,1
lstm,168,0,1
lstm,169,0,1
lstm,170,1,1
lstm,171,1,1
lstm,172,0,1
lstm,173,0,1
lstm,174,1,1
lstm,175,1,1
lstm,176,0,1
lstm,177,0,1
lstm,178,1,1
lstm,179,1,1
lstm,180,1,1
lstm,181,1,1
lstm,182,1,1
lstm,183,1,1
lstm,184,1,1
lstm,185,1,1
lstm,186,0,1
lstm,187,0,1
lstm,188,0,1
lstm,189,0,1
lstm,190,0,1
lstm,191,0,1
lstm,192,1,1
lstm,193,0,1
lstm,194,1,1
lstm,195,0,1
lstm,196,1,1
lstm,197,0,1
lstm,198,1,1
lstm,199,1,1
lstm,200,1,1
lstm,201,0,1
lstm,202,1,1
lstm,203,1,1
lstm,204,0,1
lstm,205,0,1
lstm,206,0,1
lstm,207,0,1
lstm,208,0,1
lstm,209,1,1
lstm,210,1,1
lstm,211,0,1
lstm,212,1,1
lstm,213,0,1
lstm,214,0,1
lstm,215,1,1
lstm,216,1,1
lstm,217,1,1
lstm,218,0,1
lstm,219,0,1
lstm,220,1,1
lstm,221,0,1
lstm,222,0,1
lstm,223,0,1
lstm,224,1,1
lstm,225,1,1
lstm,226,1,1
lstm,227,0,1
lstm,228,0,1
lstm,229,1,1
lstm,230,1,1
lstm,231,0,1
lstm,232,0,1
lstm,233,1,1
lstm,234,0,1
lstm,235,0,1
lstm,236,0,1
lstm,237,0,1
lstm,238,1,1
lstm,239,1,1
lstm,240,0,1
lstm,241,0,1
lstm,242,1,1
lstm,243,1,1
lstm,244,1,1
lstm,245,1,1
lstm,246,1,1
lstm,247,1,1
lstm,248,0,1
lstm,249,0,1
lstm,250,1,1
lstm,251,1,1
lstm,252,0,1
lstm,253,1,1
lstm,254,1,1
lstm,255,1,1
lstm,256,0,1
lstm,257,0,1
lstm,258,0,1
lstm,259,0,1
lstm,260,1,1
lstm,261,0,1
lstm,262,1,1
lstm,263,1,1
lstm,264,1,1
lstm,265,0,1
lstm,266,0,1
lstm,267,1,1
lstm,268,0,1
lstm,269,1,1
lstm,270,1,1
lstm,271,1,1
lstm,272,0,1
lstm,273,0,1
lstm,274,1,1
lstm,275,1,1
lstm,276,0,1
lstm,277,0,1
lstm,278,1,1
lstm,279,1,1
lstm,280,1,1
lstm,281,1,1
lstm,282,0,1
lstm,283,0,1
lstm,284,0,1
lstm,285,0,1
lstm,286,0,1
lstm,287,0,1
lstm,288,1,1
lstm,289,0,1
lstm,290,1,1
lstm,291,1,1
lstm,292,1,1
lstm,293,1,1
lstm,294,0,1
lstm,295,1,1
lstm,296,1,1
lstm,297,0,1
lstm,298,1,1
lstm,299,1,1
lstm,300,0,1
lstm,301,1,1
lstm,302,1,1
lstm,303,0,1
lstm,304,0,1
lstm,305,0,1
lstm,306,0,1
lstm,307,0,1
lstm,308,1,1
lstm,309,0,1
lstm,310,1,1
lstm,311,0,1
lstm,312,1,1
lstm,313,1,1
lstm,314,0,1
lstm,315,0,1
lstm,316,0,1
lstm,317,1,1
lstm,318,0,1
lstm,319,1,1
lstm,320,0,1
lstm,321,0,1
lstm,322,1,1
lstm,323,0,1
lstm,324,0,1
lstm,325,0,1
lstm,326,1,1
lstm,327,0,1
lstm,328,1,1
lstm,329,0,1
lstm,330,0,1
lstm,331,1,1
lstm,332,1,1
lstm,333,1,1
lstm,334,1,1
lstm,335,0,1
lstm,336,0,1
lstm,337,1,1
lstm,338,1,1
lstm,339,1,1
lstm,340,0,1
lstm,341,1,1
lstm,342,1,1
lstm,343,1,1
lstm,344,0,1
lstm,345,1,1
lstm,346,0,1
lstm,347,0,1
lstm,348,0,1
lstm,349,1,1
lstm,350,1,1
lstm,351,1,1
lstm,352,1,1
lstm,353,1,1
lstm,354,0,1
lstm,355,0,1
lstm,356,0,1
lstm,357,1,1
lstm,358,0,1
lstm,359,0,1
lstm,360,0,1
lstm,361,0,1
lstm,362,1,1
lstm,363,0,1
lstm,364,0,1
lstm,365,1,1
lstm,366,0,1
lstm,367,0,1
lstm,368,0,1
lstm,369,0,1
lstm,370,0,1
lstm,371,1,1
lstm,372,1,1
lstm,373,0,1
lstm,374,0,1
lstm,375,1,1
lstm,376,0,1
lstm,377,0,1
lstm,378,0,1
lstm,379,0,1
lstm,380,0,1
lstm,381,0,1
lstm,382,1,1
lstm,383,0,1
lstm,384,1,1
lstm,385,0,1
lstm,386,1,1
lstm,387,0,1
lstm,388,1,1
lstm,389,0,1
lstm,390,1,1
lstm,391,0,1
lstm,392,1,1
lstm,393,1,1
lstm,394,1,1
lstm,395,1,1
lstm,396,0,1
lstm,397,0,1
lstm,398,1,1
lstm,399,0,1
lstm,400,1,1
lstm,401,1,1
lstm,402,1,1
lstm,403,0,1
lstm,404,1,1
lstm,405,0,1
lstm,406,0,1
lstm,407,0,1
lstm,408,0,1
lstm,409,1,1
lstm,410,1,1
lstm,411,0,1
lstm,412,0,1
lstm,413,1,1
lstm,414,1,1
lstm,415,1,1
lstm,416,0,1
lstm,417,0,1
lstm,418,1,1
lstm,419,0,1
lstm,420,0,1
lstm,421,0,1
lstm,422,1,1
lstm,423,0,1
lstm,424,0,1
lstm,425,1,1
lstm,426,1,1
lstm,427,1,1
lstm,428,0,1
lstm,429,0,1
lstm,430,1,1
lstm,431,0,1
lstm,432,0,1
lstm,433,1,1
lstm,434,1,1
lstm,435,1,1
lstm,436,1,1
lstm,437,1,1
lstm,438,1,1
lstm,439,1,1
lstm,440,1,1
lstm,441,0,1
lstm,442,1,1
lstm,443,1,1
lstm,444,1,1
lstm,445,1,1
lstm,446,1,1
lstm,447,1,1
lstm,448,0,1
lstm,449,0,1
lstm,450,0,1
lstm,451,0,1
lstm,452,0,1
lstm,453,1,1
lstm,454,1,1
lstm,455,0,1
lstm,456,0,1
lstm,457,1,1
lstm,458,0,1
lstm,459,1,1
lstm,460,1,1
lstm,461,0,1
lstm,462,1,1
lstm,463,0,1
lstm,464,0,1
lstm,465,1,1
lstm,466,1,1
lstm,467,1,1
lstm,468,0,1
lstm,469,1,1
lstm,470,1,1
lstm,471,1,1
lstm,472,1,1
lstm,473,0,1
lstm,474,1,1
lstm,475,0,1
lstm,476,1,1
lstm,477,0,1
lstm,478,0,1
lstm,479,0,1
lstm,480,1,1
lstm,481,0,1
lstm,482,1,1
lstm,483,1,1
lstm,484,0,1
lstm,485,0,1
lstm,486,0,1
lstm,487,0,1
lstm,488,1,1
lstm,489,1,1
lstm,490,1,1
lstm,491,0,1
lstm,492,0,1
lstm,493,1,1
lstm,494,0,1
lstm,495,0,1
lstm,496,1,1
lstm,497,0,1
lstm,498,1,1
lstm,499,0,1
lstm,500,0,1
lstm,501,0,1
lstm,502,0,1
lstm,503,0,1
lstm,504,0,1
lstm,505,1,1
lstm,506,0,1
lstm,507,0,1
lstm,508,0,1
lstm,509,0,1
lstm,510,0,1
lstm,511,0,1
lstm,512,0,1
lstm,513,0,0
lstm,514,1,0
lstm,515,0,0
lstm,516,0,0
lstm,517,0,0
lstm,518,1,0
lstm,519,0,1
lstm,520,1,1
lstm,521,1,1
lstm,522,1,1
lstm,523,1,1
lstm,524,0,1
lstm,525,0,1
lstm,526,1,1
lstm,527,0,1
lstm,528,1,1
lstm,529,0,1
lstm,530,0,1
lstm,531,0,1
lstm,532,0,1
lstm,533,0,1
lstm,534,1,1
lstm,535,1,1
lstm,536,1,1
lstm,537,0,1
lstm,538,0,1
lstm,539,1,1
lstm,540,0,1
lstm,541,1,1
lstm,542,1,1
lstm,543,1,1
lstm,544,0,1
lstm,545,0,1
lstm,546,1,1
lstm,547,1,1
lstm,548,1,1
lstm,549,0,1
lstm,550,0,1
lstm,551,0,1
lstm,552,0,1
lstm,553,0,1
lstm,554,1,1
lstm,555,1,1
lstm,556,0,1
lstm,557,0,1
lstm,558,1,1
lstm,559,1,1
lstm,560,0,1
lstm,561,0,1
lstm,562,0,1
lstm,563,1,1
lstm,564,1,1
lstm,565,0,1
lstm,566,0,1
lstm,567,0,1
lstm,568,1,1
lstm,569,1,1
lstm,570,0,1
lstm,571,0,1
lstm,572,0,1
lstm,573,0,1
lstm,574,1,1
lstm,575,1,1
lstm,576,0,1
lstm,577,1,1
lstm,578,0,1
lstm,579,1,1
lstm,580,0,1
lstm,581,1,1
lstm,582,1,1
lstm,583,1,1
lstm,584,0,1
lstm,585,0,1
lstm,586,0,1
lstm,587,0,1
lstm,588,0,1
lstm,589,1,1
lstm,590,1,1
lstm,591,1,1
lstm,592,0,1
lstm,593,0,1
lstm,594,0,1
lstm,595,1,1
lstm,596,1,1
lstm,597,1,1
lstm,598,1,1
lstm,599,0,1
lstm,600,0,1
lstm,601,0,1
lstm,602,1,1
lstm,603,0,1
lstm,604,0,1
lstm,605,1,1
lstm,606,0,1
lstm,607,0,1
lstm,608,1,1
lstm,609,1,1
lstm,610,1,1
lstm,611,1,1
lstm,612,0,1
lstm,613,1,1
lstm,614,0,1
lstm,615,1,1
lstm,616,0,1
lstm,617,0,1
lstm,618,1,1
lstm,619,1,1
lstm,620,1,1
lstm,621,0,1
lstm,622,0,1
lstm,623,0,1
lstm,624,0,1
lstm,625,0,1
lstm,626,0,1
lstm,627,1,1
lstm,628,1,1
lstm,629,0,1
lstm,630,0,1
lstm,631,1,1
lstm,632,1,1
lstm,633,0,1
lstm,634,0,1
lstm,635,1,1
lstm,636,0,1
lstm,637,1,1
lstm,638,1,1
lstm,639,0,1
lstm,640,0,1
lstm,641,1,1
lstm,642,1,1
lstm,643,0,1
lstm,644,0,1
lstm,645,1,1
lstm,646,0,1
lstm,647,1,1
lstm,648,0,1
lstm,649,0,1
lstm,650,0,1
lstm,651,1,1
lstm,652,0,1
lstm,653,1,1
lstm,654,0,1
lstm,655,0,1
lstm,656,1,1
lstm,657,0,1
lstm,658,1,1
lstm,659,0,1
lstm,660,1,1
lstm,661,0,1
lstm,662,1,1
lstm,663,1,1
lstm,664,1,1
lstm,665,0,1
lstm,666,1,1
lstm,667,1,1
lstm,668,0,1
lstm,669,0,1
lstm,670,1,1
lstm,671,0,1
lstm,672,1,1
lstm,673,0,1
lstm,674,1,1
lstm,675,1,1
lstm,676,0,1
lstm,677,1,1
lstm,678,1,1
lstm,679,1,1
lstm,680,1,1
lstm,681,0,1
lstm,682,0,1
lstm,683,0,1
lstm,684,0,1
lstm,685,1,1
lstm,686,0,1
lstm,687,1,1
lstm,688,1,1
lstm,689,1,1
lstm,690,1,1
lstm,691,1,1
lstm,692,1,1
lstm,693,1,1
lstm,694,0,1
lstm,695,0,1
lstm,696,1,1
lstm,697,0,1
lstm,698,0,1
lstm,699,1,1
lstm,700,0,1
lstm,701,0,1
lstm,702,0,1
lstm,703,0,1
lstm,704,1,1
lstm,705,0,1
lstm,706,1,1
lstm,707,1,1
lstm,708,1,1
lstm,709,1,1
lstm,710,0,1
lstm,711,1,1
lstm,712,0,1
lstm,713,0,1
lstm,714,0,1
lstm,715,0,1
lstm,716,1,1
lstm,717,0,1
lstm,718,0,1
lstm,719,1,1
lstm,720,1,1
lstm,721,0,1
lstm,722,0,1
lstm,723,1,1
lstm,724,1,1
lstm,725,0,1
lstm,726,1,1
lstm,727,0,1
lstm,728,0,1
lstm,729,1,1
lstm,730,0,1
lstm,731,1,1
lstm,732,0,1
lstm,733,1,1
lstm,734,1,1
lstm,735,1,1
lstm,736,1,1
lstm,737,1,1
lstm,738,0,1
lstm,739,1,1
lstm,740,0,1
lstm,741,1,1
lstm,742,1,1
lstm,743,0,1
lstm,744,1,1
lstm,745,1,1
lstm,746,0,1
lstm,747,1,1
lstm,748,1,1
lstm,749,0,1
lstm,750,0,1
lstm,751,0,1
lstm,752,1,1
lstm,753,1,1
lstm,754,0,1
lstm,755,0,1
lstm,756,1,1
lstm,757,1,1
lstm,758,1,1
lstm,759,0,1
lstm,760,0,1
lstm,761,0,1
lstm,762,0,1
lstm,763,0,1
lstm,764,0,1
lstm,765,0,1
lstm,766,1,1
lstm,767,0,1
lstm,768,1,1
lstm,769,1,1
lstm,770,1,1
lstm,771,0,1
lstm,772,0,1
lstm,773,0,1
lstm,774,1,1
lstm,775,1,1
lstm,776,1,1
lstm,777,1,1
lstm,778,1,1
lstm,779,0,1
lstm,780,0,1
lstm,781,0,1
lstm,782,0,1
lstm,783,0,1
lstm,784,1,1
lstm,785,1,1
lstm,786,0,1
lstm,787,1,1
lstm,788,1,1
lstm,789,1,1
lstm,790,1,1
lstm,791,0,1
lstm,792,0,1
lstm,793,0,1
lstm,794,0,1
lstm,795,0,1
lstm,796,0,1
lstm,797,1,1
lstm,798,1,1
lstm,799,1,1
lstm,800,0,1
lstm,801,1,1
lstm,802,1,1
lstm,803,1,1
lstm,804,1,1
lstm,805,0,1
lstm,806,0,1
lstm,807,1,1
lstm,808,0,1
lstm,809,1,1
lstm,810,1,1
lstm,811,0,1
lstm,812,1,1
lstm,813,0,1
lstm,814,0,1
lstm,815,0,1
lstm,816,0,1
lstm,817,1,1
lstm,818,1,1
lstm,819,0,1
lstm,820,0,1
lstm,821,1,1
lstm,822,0,1
baseline_majority,0,0,0
baseline_majority,1,0,0
baseline_majority,2,0,0
baseline_majority,3,0,0
baseline_majority,4,1,0
baseline_majority,5,1,0
baseline_majority,6,1,0
baseline_majority,7,0,0
baseline_majority,8,1,0
baseline_majority,9,1,0
baseline_majority,10,0,0
baseline_majority,11,1,0
baseline_majority,12,1,0
baseline_majority,13,0,0
baseline_majority,14,0,0
baseline_majority,15,0,0
baseline_majority,16,1,0
baseline_majority,17,1,0
baseline_majority,18,0,0
baseline_majority,19,0,0
baseline_majority,20,0,0
baseline_majority,21,0,0
baseline_majority,22,1,0
baseline_majority,23,1,0
baseline_majority,24,1,0
baseline_majority,25,0,0
baseline_majority,26,0,0
baseline_majority,27,1,0
baseline_majority,28,1,0
baseline_majority,29,0,0
baseline_majority,30,1,0
baseline_majority,31,1,0
baseline_majority,32,1,0
baseline_majority,33,0,0
baseline_majority,34,0,0
baseline_majority,35,1,0
baseline_majority,36,1,0
baseline_majority,37,0,0
baseline_majority,38,0,0
baseline_majority,39,1,0
baseline_majority,40,0,0
baseline_majority,41,0,0
baseline_majority,42,0,0
baseline_majority,43,1,0
baseline_majority,44,1,0
baseline_majority,45,0,0
baseline_majority,46,0,0
baseline_majority,47,1,0
baseline_majority,48,0,0
baseline_majority,49,1,0
baseline_majority,50,1,0
baseline_majority,51,1,0
baseline_majority,52,1,0
baseline_majority,53,1,0
baseline_majority,54,0,0
baseline_majority,55,1,0
baseline_majority,56,0,0
baseline_majority,57,1,0
baseline_majority,58,1,0
baseline_majority,59,1,0
baseline_majority,60,1,0
baseline_majority,61,1,0
baseline_majority,62,1,0
baseline_majority,63,0,0
baseline_majority,64,0,0
baseline_majority,65,0,0
baseline_majority,66,1,0
baseline_majority,67,1,0
baseline_majority,68,0,0
baseline_majority,69,0,0
baseline_majority,70,0,0
baseline_majority,71,0,0
baseline_majority,72,0,0
baseline_majority,73,1,0
baseline_majority,74,0,0
baseline_majority,75,1,0
baseline_majority,76,1,0
baseline_majority,77,0,0
baseline_majority,78,0,0
baseline_majority,79,1,0
baseline_majority,80,0,0
baseline_majority,81,0,0
baseline_majority,82,0,0
baseline_majority,83,0,0
baseline_majority,84,0,0
baseline_majority,85,1,0
baseline_majority,86,0,0
baseline_majority,87,1,0
baseline_majority,88,0,0
baseline_majority,89,1,0
baseline_majority,90,1,0
baseline_majority,91,0,0
baseline_majority,92,0,0
baseline_majority,93,1,0
baseline_majority,94,1,0
baseline_majority,95,1,0
baseline_majority,96,1,0
baseline_majority,97,0,0
baseline_majority,98,1,0
baseline_majority,99,1,0
baseline_majority,100,1,0
baseline_majority,101,1,0
baseline_majority,102,1,0
baseline_majority,103,0,0
baseline_majority,104,0,0
baseline_majority,105,1,0
baseline_majority,106,1,0
baseline_majority,107,1,0
baseline_majority,108,1,0
baseline_majority,109,0,0
baseline_majority,110,1,0
baseline_majority,111,1,0
baseline_majority,112,0,0
baseline_majority,113,1,0
baseline_majority,114,0,0
baseline_majority,115,0,0
baseline_majority,116,1,0
baseline_majority,117,1,0
baseline_majority,118,1,0
baseline_majority,119,0,0
baseline_majority,120,0,0
baseline_majority,121,1,0
baseline_majority,122,0,0
baseline_majority,123,1,0
baseline_majority,124,1,0
baseline_majority,125,1,0
baseline_majority,126,0,0
baseline_majority,127,1,0
baseline_majority,128,0,0
baseline_majority,129,0,0
baseline_majority,130,0,0
baseline_majority,131,1,0
baseline_majority,132,1,0
baseline_majority,133,0,0
baseline_majority,134,0,0
baseline_majority,135,0,0
baseline_majority,136,0,0
baseline_majority,137,1,0
baseline_majority,138,0,0
baseline_majority,139,0,0
baseline_majority,140,1,0
baseline_majority,141,0,0
baseline_majority,142,0,0
baseline_majority,143,0,0
baseline_majority,144,1,0
baseline_majority,145,0,0
baseline_majority,146,0,0
baseline_majority,147,0,0
baseline_majority,148,0,0
baseline_majority,149,0,0
baseline_majority,150,0,0
baseline_majority,151,1,0
baseline_majority,152,0,0
baseline_majority,153,1,0
baseline_majority,154,0,0
baseline_majority,155,1,0
baseline_majority,156,0,0
baseline_majority,157,1,0
baseline_majority,158,1,0
baseline_majority,159,0,0
baseline_majority,160,1,0
baseline_majority,161,1,0
baseline_majority,162,1,0
baseline_majority,163,1,0
baseline_majority,164,0,0
baseline_majority,165,0,0
baseline_majority,166,0,0
baseline_majority,167,1,0
baseline_majority,168,0,0
baseline_majority,169,0,0
baseline_majority,170,1,0
baseline_majority,171,1,0
baseline_majority,172,0,0
baseline_majority,173,0,0
baseline_majority,174,1,0
baseline_majority,175,1,0
baseline_majority,176,0,0
baseline_majority,177,0,0
baseline_majority,178,1,0
baseline_majority,179,1,0
baseline_majority,180,1,0
baseline_majority,181,1,0
baseline_majority,182,1,0
baseline_majority,183,1,0
baseline_majority,184,1,0
baseline_majority,185,1,0
baseline_majority,186,0,0
baseline_majority,187,0,0
baseline_majority,188,0,0
baseline_majority,189,0,0
baseline_majority,190,0,0
baseline_majority,191,0,0
baseline_majority,192,1,0
baseline_majority,193,0,0
baseline_majority,194,1,0
baseline_majority,195,0,0
baseline_majority,196,1,0
baseline_majority,197,0,0
baseline_majority,198,1,0
baseline_majority,199,1,0
baseline_majority,200,1,0
baseline_majority,201,0,0
baseline_majority,202,1,0
baseline_majority,203,1,0
baseline_majority,204,0,0
baseline_majority,205,0,0
baseline_majority,206,0,0
baseline_majority,207,0,0
baseline_majority,208,0,0
baseline_majority,209,1,0
baseline_majority,210,1,0
baseline_majority,211,0,0
baseline_majority,212,1,0
baseline_majority,213,0,0
baseline_majority,214,0,0
baseline_majority,215,1,0
baseline_majority,216,1,0
baseline_majority,217,1,0
baseline_majority,218,0,0
baseline_majority,219,0,0
baseline_majority,220,1,0
baseline_majority,221,0,0
baseline_majority,222,0,0
baseline_majority,223,0,0
baseline_majority,224,1,0
baseline_majority,225,1,0
baseline_majority,226,1,0
baseline_majority,227,0,0
baseline_majority,228,0,0
baseline_majority,229,1,0
baseline_majority,230,1,0
baseline_majority,231,0,0
baseline_majority,232,0,0
baseline_majority,233,1,0
baseline_majority,234,0,0
baseline_majority,235,0,0
baseline_majority,236,0,0
baseline_majority,237,0,0
baseline_majority,238,1,0
baseline_majority,239,1,0
baseline_majority,240,0,0
baseline_majority,241,0,0
baseline_majority,242,1,0
baseline_majority,243,1,0
baseline_majority,244,1,0
baseline_majority,245,1,0
baseline_majority,246,1,0
baseline_majority,247,1,0
baseline_majority,248,0,0
baseline_majority,249,0,0
baseline_majority,250,1,0
baseline_majority,251,1,0
baseline_majority,252,0,0
baseline_majority,253,1,0
baseline_majority,254,1,0
baseline_majority,255,1,0
baseline_majority,256,0,0
baseline_majority,257,0,0
baseline_majority,258,0,0
baseline_majority,259,0,0
baseline_majority,260,1,0
baseline_majority,261,0,0
baseline_majority,262,1,0
baseline_majority,263,1,0
baseline_majority,264,1,0
baseline_majority,265,0,0
baseline_majority,266,0,0
baseline_majority,267,1,0
baseline_majority,268,0,0
baseline_majority,269,1,0
baseline_majority,270,1,0
baseline_majority,271,1,0
baseline_majority,272,0,0
baseline_majority,273,0,0
baseline_majority,274,1,0
baseline_majority,275,1,0
baseline_majority,276,0,0
baseline_majority,277,0,0
baseline_majority,278,1,0
baseline_majority,279,1,0
baseline_majority,280,1,0
baseline_majority,281,1,0
baseline_majority,282,0,0
baseline_majority,283,0,0
baseline_majority,284,0,0
baseline_majority,285,0,0
baseline_majority,286,0,0
baseline_majority,287,0,0
baseline_majority,288,1,0
baseline_majority,289,0,0
baseline_majority,290,1,0
baseline_majority,291,1,0
baseline_majority,292,1,0
baseline_majority,293,1,0
baseline_majority,294,0,0
baseline_majority,295,1,0
baseline_majority,296,1,0
baseline_majority,297,0,0
baseline_majority,298,1,0
baseline_majority,299,1,0
baseline_majority,300,0,0
baseline_majority,301,1,0
baseline_majority,302,1,0
baseline_majority,303,0,0
baseline_majority,304,0,0
baseline_majority,305,0,0
baseline_majority,306,0,0
baseline_majority,307,0,0
baseline_majority,308,1,0
baseline_majority,309,0,0
baseline_majority,310,1,0
baseline_majority,311,0,0
baseline_majority,312,1,0
baseline_majority,313,1,0
baseline_majority,314,0,0
baseline_majority,315,0,0
baseline_majority,316,0,0
baseline_majority,317,1,0
baseline_majority,318,0,0
baseline_majority,319,1,0
baseline_majority,320,0,0
baseline_majority,321,0,0
baseline_majority,322,1,0
baseline_majority,323,0,0
baseline_majority,324,0,0
baseline_majority,325,0,0
baseline_majority,326,1,0
baseline_majority,327,0,0
baseline_majority,328,1,0
baseline_majority,329,0,0
baseline_majority,330,0,0
baseline_majority,331,1,0
baseline_majority,332,1,0
baseline_majority,333,1,0
baseline_majority,334,1,0
baseline_majority,335,0,0
baseline_majority,336,0,0
baseline_majority,337,1,0
baseline_majority,338,1,0
baseline_majority,339,1,0
baseline_majority,340,0,0
baseline_majority,341,1,0
baseline_majority,342,1,0
baseline_majority,343,1,0
baseline_majority,344,0,0
baseline_majority,345,1,0
baseline_majority,346,0,0
baseline_majority,347,0,0
baseline_majority,348,0,0
baseline_majority,349,1,0
baseline_majority,350,1,0
baseline_majority,351,1,0
baseline_majority,352,1,0
baseline_majority,353,1,0
baseline_majority,354,0,0
baseline_majority,355,0,0
baseline_majority,356,0,0
baseline_majority,357,1,0
baseline_majority,358,0,0
baseline_majority,359,0,0
baseline_majority,360,0,0
baseline_majority,361,0,0
baseline_majority,362,1,0
baseline_majority,363,0,0
baseline_majority,364,0,0
baseline_majority,365,1,0
baseline_majority,366,0,0
baseline_majority,367,0,0
baseline_majority,368,0,0
baseline_majority,369,0,0
baseline_majority,370,0,0
baseline_majority,371,1,0
baseline_majority,372,1,0
baseline_majority,373,0,0
baseline_majority,374,0,0
baseline_majority,375,1,0
baseline_majority,376,0,0
baseline_majority,377,0,0
baseline_majority,378,0,0
baseline_majority,379,0,0
baseline_majority,380,0,0
baseline_majority,381,0,0
baseline_majority,382,1,0
baseline_majority,383,0,0
baseline_majority,384,1,0
baseline_majority,385,0,0
baseline_majority,386,1,0
baseline_majority,387,0,0
baseline_majority,388,1,0
baseline_majority,389,0,0
baseline_majority,390,1,0
baseline_majority,391,0,0
baseline_majority,392,1,0
baseline_majority,393,1,0
baseline_majority,394,1,0
baseline_majority,395,1,0
baseline_majority,396,0,0
baseline_majority,397,0,0
baseline_majority,398,1,0
baseline_majority,399,0,0
baseline_majority,400,1,0
baseline_majority,401,1,0
baseline_majority,402,1,0
baseline_majority,403,0,0
baseline_majority,404,1,0
baseline_majority,405,0,0
baseline_majority,406,0,0
baseline_majority,407,0,0
baseline_majority,408,0,0
baseline_majority,409,1,0
baseline_majority,410,1,0
baseline_majority,411,0,0
baseline_majority,412,0,0
baseline_majority,413,1,0
baseline_majority,414,1,0
baseline_majority,415,1,0
baseline_majority,416,0,0
baseline_majority,417,0,0
baseline_majority,418,1,0
baseline_majority,419,0,0
baseline_majority,420,0,0
baseline_majority,421,0,0
baseline_majority,422,1,0
baseline_majority,423,0,0
baseline_majority,424,0,0
baseline_majority,425,1,0
baseline_majority,426,1,0
baseline_majority,427,1,0
baseline_majority,428,0,0
baseline_majority,429,0,0
baseline_majority,430,1,0
baseline_majority,431,0,0
baseline_majority,432,0,0
baseline_majority,433,1,0
baseline_majority,434,1,0
baseline_majority,435,1,0
baseline_majority,436,1,0
baseline_majority,437,1,0
baseline_majority,438,1,0
baseline_majority,439,1,0
baseline_majority,440,1,0
baseline_majority,441,0,0
baseline_majority,442,1,0
baseline_majority,443,1,0
baseline_majority,444,1,0
baseline_majority,445,1,0
baseline_majority,446,1,0
baseline_majority,447,1,0
baseline_majority,448,0,0
baseline_majority,449,0,0
baseline_majority,450,0,0
baseline_majority,451,0,0
baseline_majority,452,0,0
baseline_majority,453,1,0
baseline_majority,454,1,0
baseline_majority,455,0,0
baseline_majority,456,0,0
baseline_majority,457,1,0
baseline_majority,458,0,0
baseline_majority,459,1,0
baseline_majority,460,1,0
baseline_majority,461,0,0
baseline_majority,462,1,0
baseline_majority,463,0,0
baseline_majority,464,0,0
baseline_majority,465,1,0
baseline_majority,466,1,0
baseline_majority,467,1,0
baseline_majority,468,0,0
baseline_majority,469,1,0
baseline_majority,470,1,0
baseline_majority,471,1,0
baseline_majority,472,1,0
baseline_majority,473,0,0
baseline_majority,474,1,0
baseline_majority,475,0,0
baseline_majority,476,1,0
baseline_majority,477,0,0
baseline_majority,478,0,0
baseline_majority,479,0,0
baseline_majority,480,1,0
baseline_majority,481,0,0
baseline_majority,482,1,0
baseline_majority,483,1,0
baseline_majority,484,0,0
baseline_majority,485,0,0
baseline_majority,486,0,0
baseline_majority,487,0,0
baseline_majority,488,1,0
baseline_majority,489,1,0
baseline_majority,490,1,0
baseline_majority,491,0,0
baseline_majority,492,0,0
baseline_majority,493,1,0
baseline_majority,494,0,0
baseline_majority,495,0,0
baseline_majority,496,1,0
baseline_majority,497,0,0
baseline_majority,498,1,0
baseline_majority,499,0,0
baseline_majority,500,0,0
baseline_majority,501,0,0
baseline_majority,502,0,0
baseline_majority,503,0,0
baseline_majority,504,0,0
baseline_majority,505,1,0
baseline_majority,506,0,0
baseline_majority,507,0,0
baseline_majority,508,0,0
baseline_majority,509,0,0
baseline_majority,510,0,0
baseline_majority,511,0,0
baseline_majority,512,0,0
baseline_majority,513,0,0
baseline_majority,514,1,0
baseline_majority,515,0,0
baseline_majority,516,0,0
baseline_majority,517,0,0
baseline_majority,518,1,0
baseline_majority,519,0,0
baseline_majority,520,1,0
baseline_majority,521,1,0
baseline_majority,522,1,0
baseline_majority,523,1,0
baseline_majority,524,0,0
baseline_majority,525,0,0
baseline_majority,526,1,0
baseline_majority,527,0,0
baseline_majority,528,1,0
baseline_majority,529,0,0
baseline_majority,530,0,0
baseline_majority,531,0,0
baseline_majority,532,0,0
baseline_majority,533,0,0
baseline_majority,534,1,0
baseline_majority,535,1,0
baseline_majority,536,1,0
baseline_majority,537,0,0
baseline_majority,538,0,0
baseline_majority,539,1,0
baseline_majority,540,0,0
baseline_majority,541,1,0
baseline_majority,542,1,0
baseline_majority,543,1,0
baseline_majority,544,0,0
baseline_majority,545,0,0
baseline_majority,546,1,0
baseline_majority,547,1,0
baseline_majority,548,1,0
baseline_majority,549,0,0
baseline_majority,550,0,0
baseline_majority,551,0,0
baseline_majority,552,0,0
baseline_majority,553,0,0
baseline_majority,554,1,0
baseline_majority,555,1,0
baseline_majority,556,0,0
baseline_majority,557,0,0
baseline_majority,558,1,0
baseline_majority,559,1,0
baseline_majority,560,0,0
baseline_majority,561,0,0
baseline_majority,562,0,0
baseline_majority,563,1,0
baseline_majority,564,1,0
baseline_majority,565,0,0
baseline_majority,566,0,0
baseline_majority,567,0,0
baseline_majority,568,1,0
baseline_majority,569,1,0
baseline_majority,570,0,0
baseline_majority,571,0,0
baseline_majority,572,0,0
baseline_majority,573,0,0
baseline_majority,574,1,0
baseline_majority,575,1,0
baseline_majority,576,0,0
baseline_majority,577,1,0
baseline_majority,578,0,0
baseline_majority,579,1,0
baseline_majority,580,0,0
baseline_majority,581,1,0
baseline_majority,582,1,0
baseline_majority,583,1,0
baseline_majority,584,0,0
baseline_majority,585,0,0
baseline_majority,586,0,0
baseline_majority,587,0,0
baseline_majority,588,0,0
baseline_majority,589,1,0
baseline_majority,590,1,0
baseline_majority,591,1,0
baseline_majority,592,0,0
baseline_majority,593,0,0
baseline_majority,594,0,0
baseline_majority,595,1,0
baseline_majority,596,1,0
baseline_majority,597,1,0
baseline_majority,598,1,0
baseline_majority,599,0,0
baseline_majority,600,0,0
baseline_majority,601,0,0
baseline_majority,602,1,0
baseline_majority,603,0,0
baseline_majority,604,0,0
baseline_majority,605,1,0
baseline_majority,606,0,0
baseline_majority,607,0,0
baseline_majority,608,1,0
baseline_majority,609,1,0
baseline_majority,610,1,0
baseline_majority,611,1,0
baseline_majority,612,0,0
baseline_majority,613,1,0
baseline_majority,614,0,0
baseline_majority,615,1,0
baseline_majority,616,0,0
baseline_majority,617,0,0
baseline_majority,618,1,0
baseline_majority,619,1,0
baseline_majority,620,1,0
baseline_majority,621,0,0
baseline_majority,622,0,0
baseline_majority,623,0,0
baseline_majority,624,0,0
baseline_majority,625,0,0
baseline_majority,626,0,0
baseline_majority,627,1,0
baseline_majority,628,1,0
baseline_majority,629,0,0
baseline_majority,630,0,0
baseline_majority,631,1,0
baseline_majority,632,1,0
baseline_majority,633,0,0
baseline_majority,634,0,0
baseline_majority,635,1,0
baseline_majority,636,0,0
baseline_majority,637,1,0
baseline_majority,638,1,0
baseline_majority,639,0,0
baseline_majority,640,0,0
baseline_majority,641,1,0
baseline_majority,642,1,0
baseline_majority,643,0,0
baseline_majority,644,0,0
baseline_majority,645,1,0
baseline_majority,646,0,0
baseline_majority,647,1,0
baseline_majority,648,0,0
baseline_majority,649,0,0
baseline_majority,650,0,0
baseline_majority,651,1,0
baseline_majority,652,0,0
baseline_majority,653,1,0
baseline_majority,654,0,0
baseline_majority,655,0,0
baseline_majority,656,1,0
baseline_majority,657,0,0
baseline_majority,658,1,0
baseline_majority,659,0,0
baseline_majority,660,1,0
baseline_majority,661,0,0
baseline_majority,662,1,0
baseline_majority,663,1,0
baseline_majority,664,1,0
baseline_majority,665,0,0
baseline_majority,666,1,0
baseline_majority,667,1,0
baseline_majority,668,0,0
baseline_majority,669,0,0
baseline_majority,670,1,0
baseline_majority,671,0,0
baseline_majority,672,1,0
baseline_majority,673,0,0
baseline_majority,674,1,0
baseline_majority,675,1,0
baseline_majority,676,0,0
baseline_majority,677,1,0
baseline_majority,678,1,0
baseline_majority,679,1,0
baseline_majority,680,1,0
baseline_majority,681,0,0
baseline_majority,682,0,0
baseline_majority,683,0,0
baseline_majority,684,0,0
baseline_majority,685,1,0
baseline_majority,686,0,0
baseline_majority,687,1,0
baseline_majority,688,1,0
baseline_majority,689,1,0
baseline_majority,690,1,0
baseline_majority,691,1,0
baseline_majority,692,1,0
baseline_majority,693,1,0
baseline_majority,694,0,0
baseline_majority,695,0,0
baseline_majority,696,1,0
baseline_majority,697,0,0
baseline_majority,698,0,0
baseline_majority,699,1,0
baseline_majority,700,0,0
baseline_majority,701,0,0
baseline_majority,702,0,0
baseline_majority,703,0,0
baseline_majority,704,1,0
baseline_majority,705,0,0
baseline_majority,706,1,0
baseline_majority,707,1,0
baseline_majority,708,1,0
baseline_majority,709,1,0
baseline_majority,710,0,0
baseline_majority,711,1,0
baseline_majority,712,0,0
baseline_majority,713,0,0
baseline_majority,714,0,0
baseline_majority,715,0,0
baseline_majority,716,1,0
baseline_majority,717,0,0
baseline_majority,718,0,0
baseline_majority,719,1,0
baseline_majority,720,1,0
baseline_majority,721,0,0
baseline_majority,722,0,0
baseline_majority,723,1,0
baseline_majority,724,1,0
baseline_majority,725,0,0
baseline_majority,726,1,0
baseline_majority,727,0,0
baseline_majority,728,0,0
baseline_majority,729,1,0
baseline_majority,730,0,0
baseline_majority,731,1,0
baseline_majority,732,0,0
baseline_majority,733,1,0
baseline_majority,734,1,0
baseline_majority,735,1,0
baseline_majority,736,1,0
baseline_majority,737,1,0
baseline_majority,738,0,0
baseline_majority,739,1,0
baseline_majority,740,0,0
baseline_majority,741,1,0
baseline_majority,742,1,0
baseline_majority,743,0,0
baseline_majority,744,1,0
baseline_majority,745,1,0
baseline_majority,746,0,0
baseline_majority,747,1,0
baseline_majority,748,1,0
baseline_majority,749,0,0
baseline_majority,750,0,0
baseline_majority,751,0,0
baseline_majority,752,1,0
baseline_majority,753,1,0
baseline_majority,754,0,0
baseline_majority,755,0,0
baseline_majority,756,1,0
baseline_majority,757,1,0
baseline_majority,758,1,0
baseline_majority,759,0,0
baseline_majority,760,0,0
baseline_majority,761,0,0
baseline_majority,762,0,0
baseline_majority,763,0,0
baseline_majority,764,0,0
baseline_majority,765,0,0
baseline_majority,766,1,0
baseline_majority,767,0,0
baseline_majority,768,1,0
baseline_majority,769,1,0
baseline_majority,770,1,0
baseline_majority,771,0,0
baseline_majority,772,0,0
baseline_majority,773,0,0
baseline_majority,774,1,0
baseline_majority,775,1,0
baseline_majority,776,1,0
baseline_majority,777,1,0
baseline_majority,778,1,0
baseline_majority,779,0,0
baseline_majority,780,0,0
baseline_majority,781,0,0
baseline_majority,782,0,0
baseline_majority,783,0,0
baseline_majority,784,1,0
baseline_majority,785,1,0
baseline_majority,786,0,0
baseline_majority,787,1,0
baseline_majority,788,1,0
baseline_majority,789,1,0
baseline_majority,790,1,0
baseline_majority,791,0,0
baseline_majority,792,0,0
baseline_majority,793,0,0
baseline_majority,794,0,0
baseline_majority,795,0,0
baseline_majority,796,0,0
baseline_majority,797,1,0
baseline_majority,798,1,0
baseline_majority,799,1,0
baseline_majority,800,0,0
baseline_majority,801,1,0
baseline_majority,802,1,0
baseline_majority,803,1,0
baseline_majority,804,1,0
baseline_majority,805,0,0
baseline_majority,806,0,0
baseline_majority,807,1,0
baseline_majority,808,0,0
baseline_majority,809,1,0
baseline_majority,810,1,0
baseline_majority,811,0,0
baseline_majority,812,1,0
baseline_majority,813,0,0
baseline_majority,814,0,0
baseline_majority,815,0,0
baseline_majority,816,0,0
baseline_majority,817,1,0
baseline_majority,818,1,0
baseline_majority,819,0,0
baseline_majority,820,0,0
baseline_majority,821,1,0
baseline_majority,822,0,0
baseline_random,0,0,0
baseline_random,1,0,1
baseline_random,2,0,1
baseline_random,3,0,1
baseline_random,4,1,0
baseline_random,5,1,0
baseline_random,6,1,0
baseline_random,7,0,1
baseline_random,8,1,1
baseline_random,9,1,1
baseline_random,10,0,0
baseline_random,11,1,1
baseline_random,12,1,1
baseline_random,13,0,0
baseline_random,14,0,0
baseline_random,15,0,0
baseline_random,16,1,0
baseline_random,17,1,1
baseline_random,18,0,0
baseline_random,19,0,0
baseline_random,20,0,1
baseline_random,21,0,0
baseline_random,22,1,0
baseline_random,23,1,0
baseline_random,24,1,0
baseline_random,25,0,1
baseline_random,26,0,0
baseline_random,27,1,1
baseline_random,28,1,1
baseline_random,29,0,0
baseline_random,30,1,1
baseline_random,31,1,0
baseline_random,32,1,0
baseline_random,33,0,1
baseline_random,34,0,1
baseline_random,35,1,1
baseline_random,36,1,0
baseline_random,37,0,0
baseline_random,38,0,1
baseline_random,39,1,0
baseline_random,40,0,0
baseline_random,41,0,0
baseline_random,42,0,0
baseline_random,43,1,1
baseline_random,44,1,0
baseline_random,45,0,1
baseline_random,46,0,0
baseline_random,47,1,1
baseline_random,48,0,1
baseline_random,49,1,0
baseline_random,50,1,1
baseline_random,51,1,1
baseline_random,52,1,1
baseline_random,53,1,1
baseline_random,54,0,1
baseline_random,55,1,1
baseline_random,56,0,0
baseline_random,57,1,0
baseline_random,58,1,0
baseline_random,59,1,0
baseline_random,60,1,0
baseline_random,61,1,0
baseline_random,62,1,1
baseline_random,63,0,0
baseline_random,64,0,0
baseline_random,65,0,1
baseline_random,66,1,0
baseline_random,67,1,1
baseline_random,68,0,0
baseline_random,69,0,1
baseline_random,70,0,1
baseline_random,71,0,0
baseline_random,72,0,0
baseline_random,73,1,1
baseline_random,74,0,1
baseline_random,75,1,1
baseline_random,76,1,1
baseline_random,77,0,0
baseline_random,78,0,0
baseline_random,79,1,0
baseline_random,80,0,1
baseline_random,81,0,1
baseline_random,82,0,0
baseline_random,83,0,0
baseline_random,84,0,0
baseline_random,85,1,0
baseline_random,86,0,1
baseline_random,87,1,1
baseline_random,88,0,1
baseline_random,89,1,0
baseline_random,90,1,0
baseline_random,91,0,1
baseline_random,92,0,1
baseline_random,93,1,1
baseline_random,94,1,1
baseline_random,95,1,0
baseline_random,96,1,1
baseline_random,97,0,0
baseline_random,98,1,0
baseline_random,99,1,0
baseline_random,100,1,0
baseline_random,101,1,1
baseline_random,102,1,0
baseline_random,103,0,1
baseline_random,104,0,1
baseline_random,105,1,0
baseline_random,106,1,0
baseline_random,107,1,1
baseline_random,108,1,0
baseline_random,109,0,0
baseline_random,110,1,0
baseline_random,111,1,0
baseline_random,112,0,1
baseline_random,113,1,1
baseline_random,114,0,1
baseline_random,115,0,1
baseline_random,116,1,1
baseline_random,117,1,0
baseline_random,118,1,1
baseline_random,119,0,1
baseline_random,120,0,1
baseline_random,121,1,1
baseline_random,122,0,0
baseline_random,123,1,0
baseline_random,124,1,0
baseline_random,125,1,0
baseline_random,126,0,1
baseline_random,127,1,1
baseline_random,128,0,0
baseline_random,129,0,1
baseline_random,130,0,0
baseline_random,131,1,0
baseline_random,132,1,0
baseline_random,133,0,0
baseline_random,134,0,1
baseline_random,135,0,0
baseline_random,136,0,1
baseline_random,137,1,1
baseline_random,138,0,0
baseline_random,139,0,1
baseline_random,140,1,1
baseline_random,141,0,0
baseline_random,142,0,0
baseline_random,143,0,0
baseline_random,144,1,0
baseline_random,145,0,0
baseline_random,146,0,1
baseline_random,147,0,1
baseline_random,148,0,0
baseline_random,149,0,0
baseline_random,150,0,1
baseline_random,151,1,0
baseline_random,152,0,0
baseline_random,153,1,0
baseline_random,154,0,1
baseline_random,155,1,0
baseline_random,156,0,1
baseline_random,157,1,1
baseline_random,158,1,0
baseline_random,159,0,1
baseline_random,160,1,0
baseline_random,161,1,1
baseline_random,162,1,1
baseline_random,163,1,1
baseline_random,164,0,0
baseline_random,165,0,1
baseline_random,166,0,0
baseline_random,167,1,0
baseline_random,168,0,0
baseline_random,169,0,1
baseline_random,170,1,1
baseline_random,171,1,0
baseline_random,172,0,1
baseline_random,173,0,0
baseline_random,174,1,1
baseline_random,175,1,0
baseline_random,176,0,1
baseline_random,177,0,0
baseline_random,178,1,1
baseline_random,179,1,0
baseline_random,180,1,0
baseline_random,181,1,0
baseline_random,182,1,1
baseline_random,183,1,1
baseline_random,184,1,0
baseline_random,185,1,1
baseline_random,186,0,1
baseline_random,187,0,1
baseline_random,188,0,1
baseline_random,189,0,0
baseline_random,190,0,0
baseline_random,191,0,1
baseline_random,192,1,1
baseline_random,193,0,1
baseline_random,194,1,0
baseline_random,195,0,0
baseline_random,196,1,1
baseline_random,197,0,1
baseline_random,198,1,1
baseline_random,199,1,1
baseline_random,200,1,1
baseline_random,201,0,0
baseline_random,202,1,0
baseline_random,203,1,1
baseline_random,204,0,1
baseline_random,205,0,0
baseline_random,206,0,0
baseline_random,207,0,1
baseline_random,208,0,0
baseline_random,209,1,0
baseline_random,210,1,1
baseline_random,211,0,1
baseline_random,212,1,1
baseline_random,213,0,0
baseline_random,214,0,1
baseline_random,215,1,0
baseline_random,216,1,0
baseline_random,217,1,1
baseline_random,218,0,1
baseline_random,219,0,1
baseline_random,220,1,1
baseline_random,221,0,1
baseline_random,222,0,0
baseline_random,223,0,0
baseline_random,224,1,0
baseline_random,225,1,0
baseline_random,226,1,1
baseline_random,227,0,0
baseline_random,228,0,1
baseline_random,229,1,1
baseline_random,230,1,1
baseline_random,231,0,1
baseline_random,232,0,1
baseline_random,233,1,0
baseline_random,234,0,0
baseline_random,235,0,1
baseline_random,236,0,0
baseline_random,237,0,0
baseline_random,238,1,1
baseline_random,239,1,0
baseline_random,240,0,1
baseline_random,241,0,1
baseline_random,242,1,1
baseline_random,243,1,0
baseline_random,244,1,0
baseline_random,245,1,1
baseline_random,246,1,0
baseline_random,247,1,1
baseline_random,248,0,1
baseline_random,249,0,1
baseline_random,250,1,0
baseline_random,251,1,0
baseline_random,252,0,1
baseline_random,253,1,0
baseline_random,254,1,0
baseline_random,255,1,1
baseline_random,256,0,1
baseline_random,257,0,1
baseline_random,258,0,1
baseline_random,259,0,0
baseline_random,260,1,1
baseline_random,261,0,1
baseline_random,262,1,0
baseline_random,263,1,1
baseline_random,264,1,1
baseline_random,265,0,1
baseline_random,266,0,1
baseline_random,267,1,1
baseline_random,268,0,0
baseline_random,269,1,0
baseline_random,270,1,1
baseline_random,271,1,1
baseline_random,272,0,1
baseline_random,273,0,1
baseline_random,274,1,1
baseline_random,275,1,0
baseline_random,276,0,1
baseline_random,277,0,1
baseline_random,278,1,1
baseline_random,279,1,1
baseline_random,280,1,1
baseline_random,281,1,0
baseline_random,282,0,0
baseline_random,283,0,0
baseline_random,284,0,1
baseline_random,285,0,0
baseline_random,286,0,0
baseline_random,287,0,1
baseline_random,288,1,0
baseline_random,289,0,1
baseline_random,290,1,0
baseline_random,291,1,0
baseline_random,292,1,1
baseline_random,293,1,0
baseline_random,294,0,0
baseline_random,295,1,1
baseline_random,296,1,1
baseline_random,297,0,0
baseline_random,298,1,1
baseline_random,299,1,0
baseline_random,300,0,0
baseline_random,301,1,1
baseline_random,302,1,1
baseline_random,303,0,1
baseline_random,304,0,1
baseline_random,305,0,1
baseline_random,306,0,1
baseline_random,307,0,0
baseline_random,308,1,1
baseline_random,309,0,0
baseline_random,310,1,0
baseline_random,311,0,0
baseline_random,312,1,0
baseline_random,313,1,1
baseline_random,314,0,1
baseline_random,315,0,1
baseline_random,316,0,0
baseline_random,317,1,0
baseline_random,318,0,0
baseline_random,319,1,0
baseline_random,320,0,1
baseline_random,321,0,1
baseline_random,322,1,1
baseline_random,323,0,0
baseline_random,324,0,1
baseline_random,325,0,1
baseline_random,326,1,1
baseline_random,327,0,1
baseline_random,328,1,0
baseline_random,329,0,0
baseline_random,330,0,0
baseline_random,331,1,1
baseline_random,332,1,0
baseline_random,333,1,0
baseline_random,334,1,0
baseline_random,335,0,0
baseline_random,336,0,1
baseline_random,337,1,1
baseline_random,338,1,0
baseline_random,339,1,0
baseline_random,340,0,0
baseline_random,341,1,0
baseline_random,342,1,0
baseline_random,343,1,0
baseline_random,344,0,0
baseline_random,345,1,1
baseline_random,346,0,1
baseline_random,347,0,0
baseline_random,348,0,0
baseline_random,349,1,1
baseline_random,350,1,1
baseline_random,351,1,1
baseline_random,352,1,1
baseline_random,353,1,0
baseline_random,354,0,0
baseline_random,355,0,1
baseline_random,356,0,0
baseline_random,357,1,1
baseline_random,358,0,1
baseline_random,359,0,1
baseline_random,360,0,0
baseline_random,361,0,1
baseline_random,362,1,0
baseline_random,363,0,1
baseline_random,364,0,1
baseline_random,365,1,0
baseline_random,366,0,1
baseline_random,367,0,1
baseline_random,368,0,0
baseline_random,369,0,0
baseline_random,370,0,0
baseline_random,371,1,0
baseline_random,372,1,0
baseline_random,373,0,1
baseline_random,374,0,0
baseline_random,375,1,0
baseline_random,376,0,1
baseline_random,377,0,0
baseline_random,378,0,1
baseline_random,379,0,0
baseline_random,380,0,0
baseline_random,381,0,1
baseline_random,382,1,1
baseline_random,383,0,1
baseline_random,384,1,1
baseline_random,385,0,1
baseline_random,386,1,0
baseline_random,387,0,0
baseline_random,388,1,1
baseline_random,389,0,1
baseline_random,390,1,1
baseline_random,391,0,0
baseline_random,392,1,0
baseline_random,393,1,1
baseline_random,394,1,0
baseline_random,395,1,1
baseline_random,396,0,1
baseline_random,397,0,0
baseline_random,398,1,1
baseline_random,399,0,1
baseline_random,400,1,0
baseline_random,401,1,1
baseline_random,402,1,1
baseline_random,403,0,1
baseline_random,404,1,0
baseline_random,405,0,1
baseline_random,406,0,0
baseline_random,407,0,0
baseline_random,408,0,1
baseline_random,409,1,0
baseline_random,410,1,0
baseline_random,411,0,1
baseline_random,412,0,1
baseline_random,413,1,1
baseline_random,414,1,1
baseline_random,415,1,0
baseline_random,416,0,0
baseline_random,417,0,0
baseline_random,418,1,1
baseline_random,419,0,1
baseline_random,420,0,1
baseline_random,421,0,1
baseline_random,422,1,0
baseline_random,423,0,0
baseline_random,424,0,0
baseline_random,425,1,1
baseline_random,426,1,0
baseline_random,427,1,1
baseline_random,428,0,0
baseline_random,429,0,0
baseline_random,430,1,0
baseline_random,431,0,1
baseline_random,432,0,1
baseline_random,433,1,0
baseline_random,434,1,0
baseline_random,435,1,1
baseline_random,436,1,0
baseline_random,437,1,1
baseline_random,438,1,1
baseline_random,439,1,0
baseline_random,440,1,0
baseline_random,441,0,1
baseline_random,442,1,0
baseline_random,443,1,0
baseline_random,444,1,1
baseline_random,445,1,1
baseline_random,446,1,1
baseline_random,447,1,1
baseline_random,448,0,0
baseline_random,449,0,0
baseline_random,450,0,1
baseline_random,451,0,1
baseline_random,452,0,0
baseline_random,453,1,1
baseline_random,454,1,0
baseline_random,455,0,0
baseline_random,456,0,0
baseline_random,457,1,0
baseline_random,458,0,0
baseline_random,459,1,0
baseline_random,460,1,0
baseline_random,461,0,1
baseline_random,462,1,1
baseline_random,463,0,1
baseline_random,464,0,1
baseline_random,465,1,0
baseline_random,466,1,0
baseline_random,467,1,1
baseline_random,468,0,0
baseline_random,469,1,1
baseline_random,470,1,0
baseline_random,471,1,1
baseline_random,472,1,0
baseline_random,473,0,1
baseline_random,474,1,1
baseline_random,475,0,1
baseline_random,476,1,0
baseline_random,477,0,1
baseline_random,478,0,1
baseline_random,479,0,1
baseline_random,480,1,1
baseline_random,481,0,1
baseline_random,482,1,0
baseline_random,483,1,1
baseline_random,484,0,1
baseline_random,485,0,1
baseline_random,486,0,0
baseline_random,487,0,0
baseline_random,488,1,1
baseline_random,489,1,1
baseline_random,490,1,0
baseline_random,491,0,1
baseline_random,492,0,0
baseline_random,493,1,0
baseline_random,494,0,0
baseline_random,495,0,0
baseline_random,496,1,1
baseline_random,497,0,0
baseline_random,498,1,1
baseline_random,499,0,1
baseline_random,500,0,1
baseline_random,501,0,1
baseline_random,502,0,0
baseline_random,503,0,1
baseline_random,504,0,1
baseline_random,505,1,0
baseline_random,506,0,1
baseline_random,507,0,1
baseline_random,508,0,1
baseline_random,509,0,1
baseline_random,510,0,1
baseline_random,511,0,0
baseline_random,512,0,1
baseline_random,513,0,1
baseline_random,514,1,0
baseline_random,515,0,0
baseline_random,516,0,0
baseline_random,517,0,1
baseline_random,518,1,1
baseline_random,519,0,0
baseline_random,520,1,1
baseline_random,521,1,0
baseline_random,522,1,1
baseline_random,523,1,1
baseline_random,524,0,1
baseline_random,525,0,0
baseline_random,526,1,0
baseline_random,527,0,0
baseline_random,528,1,0
baseline_random,529,0,1
baseline_random,530,0,1
baseline_random,531,0,1
baseline_random,532,0,1
baseline_random,533,0,1
baseline_random,534,1,1
baseline_random,535,1,1
baseline_random,536,1,1
baseline_random,537,0,0
baseline_random,538,0,0
baseline_random,539,1,0
baseline_random,540,0,1
baseline_random,541,1,1
baseline_random,542,1,0
baseline_random,543,1,1
baseline_random,544,0,1
baseline_random,545,0,0
baseline_random,546,1,0
baseline_random,547,1,1
baseline_random,548,1,1
baseline_random,549,0,1
baseline_random,550,0,1
baseline_random,551,0,1
baseline_random,552,0,1
baseline_random,553,0,1
baseline_random,554,1,1
baseline_random,555,1,0
baseline_random,556,0,0
baseline_random,557,0,0
baseline_random,558,1,1
baseline_random,559,1,1
baseline_random,560,0,1
baseline_random,561,0,0
baseline_random,562,0,0
baseline_random,563,1,0
baseline_random,564,1,0
baseline_random,565,0,1
baseline_random,566,0,0
baseline_random,567,0,0
baseline_random,568,1,1
baseline_random,569,1,0
baseline_random,570,0,1
baseline_random,571,0,1
baseline_random,572,0,0
baseline_random,573,0,1
baseline_random,574,1,1
baseline_random,575,1,1
baseline_random,576,0,0
baseline_random,577,1,1
baseline_random,578,0,0
baseline_random,579,1,0
baseline_random,580,0,0
baseline_random,581,1,1
baseline_random,582,1,0
baseline_random,583,1,0
baseline_random,584,0,1
baseline_random,585,0,0
baseline_random,586,0,0
baseline_random,587,0,0
baseline_random,588,0,0
baseline_random,589,1,0
baseline_random,590,1,0
baseline_random,591,1,1
baseline_random,592,0,0
baseline_random,593,0,0
baseline_random,594,0,1
baseline_random,595,1,0
baseline_random,596,1,1
baseline_random,597,1,0
baseline_random,598,1,0
baseline_random,599,0,0
baseline_random,600,0,0
baseline_random,601,0,0
baseline_random,602,1,0
baseline_random,603,0,0
baseline_random,604,0,0
baseline_random,605,1,0
baseline_random,606,0,0
baseline_random,607,0,0
baseline_random,608,1,1
baseline_random,609,1,1
baseline_random,610,1,0
baseline_random,611,1,1
baseline_random,612,0,1
baseline_random,613,1,0
baseline_random,614,0,1
baseline_random,615,1,1
baseline_random,616,0,0
baseline_random,617,0,0
baseline_random,618,1,1
baseline_random,619,1,1
baseline_random,620,1,0
baseline_random,621,0,0
baseline_random,622,0,0
baseline_random,623,0,0
baseline_random,624,0,1
baseline_random,625,0,0
baseline_random,626,0,0
baseline_random,627,1,1
baseline_random,628,1,0
baseline_random,629,0,0
baseline_random,630,0,1
baseline_random,631,1,1
baseline_random,632,1,1
baseline_random,633,0,1
baseline_random,634,0,0
baseline_random,635,1,0
baseline_random,636,0,1
baseline_random,637,1,0
baseline_random,638,1,0
baseline_random,639,0,0
baseline_random,640,0,0
baseline_random,641,1,0
baseline_random,642,1,0
baseline_random,643,0,0
baseline_random,644,0,0
baseline_random,645,1,1
baseline_random,646,0,1
baseline_random,647,1,1
baseline_random,648,0,1
baseline_random,649,0,0
baseline_random,650,0,0
baseline_random,651,1,1
baseline_random,652,0,1
baseline_random,653,1,1
baseline_random,654,0,0
baseline_random,655,0,0
baseline_random,656,1,0
baseline_random,657,0,0
baseline_random,658,1,1
baseline_random,659,0,1
baseline_random,660,1,0
baseline_random,661,0,1
baseline_random,662,1,1
baseline_random,663,1,0
baseline_random,664,1,0
baseline_random,665,0,0
baseline_random,666,1,0
baseline_random,667,1,0
baseline_random,668,0,0
baseline_random,669,0,0
baseline_random,670,1,0
baseline_random,671,0,1
baseline_random,672,1,0
baseline_random,673,0,1
baseline_random,674,1,0
baseline_random,675,1,1
baseline_random,676,0,0
baseline_random,677,1,0
baseline_random,678,1,1
baseline_random,679,1,1
baseline_random,680,1,1
baseline_random,681,0,0
baseline_random,682,0,0
baseline_random,683,0,1
baseline_random,684,0,1
baseline_random,685,1,1
baseline_random,686,0,1
baseline_random,687,1,0
baseline_random,688,1,1
baseline_random,689,1,0
baseline_random,690,1,0
baseline_random,691,1,0
baseline_random,692,1,1
baseline_random,693,1,0
baseline_random,694,0,0
baseline_random,695,0,1
baseline_random,696,1,0
baseline_random,697,0,1
baseline_random,698,0,0
baseline_random,699,1,0
baseline_random,700,0,1
baseline_random,701,0,0
baseline_random,702,0,0
baseline_random,703,0,0
baseline_random,704,1,0
baseline_random,705,0,1
baseline_random,706,1,0
baseline_random,707,1,1
baseline_random,708,1,0
baseline_random,709,1,1
baseline_random,710,0,1
baseline_random,711,1,1
baseline_random,712,0,0
baseline_random,713,0,0
baseline_random,714,0,0
baseline_random,715,0,1
baseline_random,716,1,1
baseline_random,717,0,1
baseline_random,718,0,0
baseline_random,719,1,1
baseline_random,720,1,1
baseline_random,721,0,0
baseline_random,722,0,0
baseline_random,723,1,1
baseline_random,724,1,1
baseline_random,725,0,1
baseline_random,726,1,0
baseline_random,727,0,1
baseline_random,728,0,0
baseline_random,729,1,0
baseline_random,730,0,0
baseline_random,731,1,1
baseline_random,732,0,1
baseline_random,733,1,1
baseline_random,734,1,0
baseline_random,735,1,1
baseline_random,736,1,0
baseline_random,737,1,1
baseline_random,738,0,0
baseline_random,739,1,0
baseline_random,740,0,0
baseline_random,741,1,0
baseline_random,742,1,1
baseline_random,743,0,1
baseline_random,744,1,0
baseline_random,745,1,1
baseline_random,746,0,0
baseline_random,747,1,1
baseline_random,748,1,1
baseline_random,749,0,1
baseline_random,750,0,0
baseline_random,751,0,1
baseline_random,752,1,1
baseline_random,753,1,0
baseline_random,754,0,0
baseline_random,755,0,1
baseline_random,756,1,1
baseline_random,757,1,1
baseline_random,758,1,1
baseline_random,759,0,1
baseline_random,760,0,0
baseline_random,761,0,0
baseline_random,762,0,0
baseline_random,763,0,1
baseline_random,764,0,0
baseline_random,765,0,1
baseline_random,766,1,1
baseline_random,767,0,1
baseline_random,768,1,0
baseline_random,769,1,1
baseline_random,770,1,0
baseline_random,771,0,1
baseline_random,772,0,0
baseline_random,773,0,0
baseline_random,774,1,1
baseline_random,775,1,0
baseline_random,776,1,0
baseline_random,777,1,1
baseline_random,778,1,1
baseline_random,779,0,1
baseline_random,780,0,1
baseline_random,781,0,1
baseline_random,782,0,0
baseline_random,783,0,0
baseline_random,784,1,0
baseline_random,785,1,1
baseline_random,786,0,1
baseline_random,787,1,0
baseline_random,788,1,0
baseline_random,789,1,1
baseline_random,790,1,0
baseline_random,791,0,1
baseline_random,792,0,1
baseline_random,793,0,1
baseline_random,794,0,0
baseline_random,795,0,1
baseline_random,796,0,1
baseline_random,797,1,1
baseline_random,798,1,1
baseline_random,799,1,1
baseline_random,800,0,1
baseline_random,801,1,0
baseline_random,802,1,1
baseline_random,803,1,1
baseline_random,804,1,0
baseline_random,805,0,1
baseline_random,806,0,1
baseline_random,807,1,1
baseline_random,808,0,0
baseline_random,809,1,0
baseline_random,810,1,1
baseline_random,811,0,1
baseline_random,812,1,0
baseline_random,813,0,1
baseline_random,814,0,1
baseline_random,815,0,1
baseline_random,816,0,1
baseline_random,817,1,0
baseline_random,818,1,0
baseline_random,819,0,0
baseline_random,820,0,1
baseline_random,821,1,0
baseline_random,822,0,0
baseline_persistence,0,0,0
baseline_persistence,1,0,0
baseline_persistence,2,0,0
baseline_persistence,3,0,0
baseline_persistence,4,1,0
baseline_persistence,5,1,1
baseline_persistence,6,1,1
baseline_persistence,7,0,1
baseline_persistence,8,1,0
baseline_persistence,9,1,1
baseline_persistence,10,0,1
baseline_persistence,11,1,0
baseline_persistence,12,1,1
baseline_persistence,13,0,1
baseline_persistence,14,0,0
baseline_persistence,15,0,0
baseline_persistence,16,1,0
baseline_persistence,17,1,1
baseline_persistence,18,0,1
baseline_persistence,19,0,0
baseline_persistence,20,0,0
baseline_persistence,21,0,0
baseline_persistence,22,1,0
baseline_persistence,23,1,1
baseline_persistence,24,1,1
baseline_persistence,25,0,1
baseline_persistence,26,0,0
baseline_persistence,27,1,0
baseline_persistence,28,1,1
baseline_persistence,29,0,1
baseline_persistence,30,1,0
baseline_persistence,31,1,1
baseline_persistence,32,1,1
baseline_persistence,33,0,1
baseline_persistence,34,0,0
baseline_persistence,35,1,0
baseline_persistence,36,1,1
baseline_persistence,37,0,1
baseline_persistence,38,0,0
baseline_persistence,39,1,0
baseline_persistence,40,0,1
baseline_persistence,41,0,0
baseline_persistence,42,0,0
baseline_persistence,43,1,0
baseline_persistence,44,1,1
baseline_persistence,45,0,1
baseline_persistence,46,0,0
baseline_persistence,47,1,0
baseline_persistence,48,0,1
baseline_persistence,49,1,0
baseline_persistence,50,1,1
baseline_persistence,51,1,1
baseline_persistence,52,1,1
baseline_persistence,53,1,1
baseline_persistence,54,0,1
baseline_persistence,55,1,0
baseline_persistence,56,0,1
baseline_persistence,57,1,0
baseline_persistence,58,1,1
baseline_persistence,59,1,1
baseline_persistence,60,1,1
baseline_persistence,61,1,1
baseline_persistence,62,1,1
baseline_persistence,63,0,1
baseline_persistence,64,0,0
baseline_persistence,65,0,0
baseline_persistence,66,1,0
baseline_persistence,67,1,1
baseline_persistence,68,0,1
baseline_persistence,69,0,0
baseline_persistence,70,0,0
baseline_persistence,71,0,0
baseline_persistence,72,0,0
baseline_persistence,73,1,0
baseline_persistence,74,0,1
baseline_persistence,75,1,0
baseline_persistence,76,1,1
baseline_persistence,77,0,1
baseline_persistence,78,0,0
baseline_persistence,79,1,0
baseline_persistence,80,0,1
baseline_persistence,81,0,0
baseline_persistence,82,0,0
baseline_persistence,83,0,0
baseline_persistence,84,0,0
baseline_persistence,85,1,0
baseline_persistence,86,0,1
baseline_persistence,87,1,0
baseline_persistence,88,0,1
baseline_persistence,89,1,0
baseline_persistence,90,1,1
baseline_persistence,91,0,1
baseline_persistence,92,0,0
baseline_persistence,93,1,0
baseline_persistence,94,1,1
baseline_persistence,95,1,1
baseline_persistence,96,1,1
baseline_persistence,97,0,1
baseline_persistence,98,1,0
baseline_persistence,99,1,1
baseline_persistence,100,1,1
baseline_persistence,101,1,1
baseline_persistence,102,1,1
baseline_persistence,103,0,1
baseline_persistence,104,0,0
baseline_persistence,105,1,0
baseline_persistence,106,1,1
baseline_persistence,107,1,1
baseline_persistence,108,1,1
baseline_persistence,109,0,1
baseline_persistence,110,1,0
baseline_persistence,111,1,1
baseline_persistence,112,0,1
baseline_persistence,113,1,0
baseline_persistence,114,0,1
baseline_persistence,115,0,0
baseline_persistence,116,1,0
baseline_persistence,117,1,1
baseline_persistence,118,1,1
baseline_persistence,119,0,1
baseline_persistence,120,0,0
baseline_persistence,121,1,0
baseline_persistence,122,0,1
baseline_persistence,123,1,0
baseline_persistence,124,1,1
baseline_persistence,125,1,1
baseline_persistence,126,0,1
baseline_persistence,127,1,0
baseline_persistence,128,0,1
baseline_persistence,129,0,0
baseline_persistence,130,0,0
baseline_persistence,131,1,0
baseline_persistence,132,1,1
baseline_persistence,133,0,1
baseline_persistence,134,0,0
baseline_persistence,135,0,0
baseline_persistence,136,0,0
baseline_persistence,137,1,0
baseline_persistence,138,0,1
baseline_persistence,139,0,0
baseline_persistence,140,1,0
baseline_persistence,141,0,1
baseline_persistence,142,0,0
baseline_persistence,143,0,0
baseline_persistence,144,1,0
baseline_persistence,145,0,1
baseline_persistence,146,0,0
baseline_persistence,147,0,0
baseline_persistence,148,0,0
baseline_persistence,149,0,0
baseline_persistence,150,0,0
baseline_persistence,151,1,0
baseline_persistence,152,0,1
baseline_persistence,153,1,0
baseline_persistence,154,0,1
baseline_persistence,155,1,0
baseline_persistence,156,0,1
baseline_persistence,157,1,0
baseline_persistence,158,1,1
baseline_persistence,159,0,1
baseline_persistence,160,1,0
baseline_persistence,161,1,1
baseline_persistence,162,1,1
baseline_persistence,163,1,1
baseline_persistence,164,0,1
baseline_persistence,165,0,0
baseline_persistence,166,0,0
baseline_persistence,167,1,0
baseline_persistence,168,0,1
baseline_persistence,169,0,0
baseline_persistence,170,1,0
baseline_persistence,171,1,1
baseline_persistence,172,0,1
baseline_persistence,173,0,0
baseline_persistence,174,1,0
baseline_persistence,175,1,1
baseline_persistence,176,0,1
baseline_persistence,177,0,0
baseline_persistence,178,1,0
baseline_persistence,179,1,1
baseline_persistence,180,1,1
baseline_persistence,181,1,1
baseline_persistence,182,1,1
baseline_persistence,183,1,1
baseline_persistence,184,1,1
baseline_persistence,185,1,1
baseline_persistence,186,0,1
baseline_persistence,187,0,0
baseline_persistence,188,0,0
baseline_persistence,189,0,0
baseline_persistence,190,0,0
baseline_persistence,191,0,0
baseline_persistence,192,1,0
baseline_persistence,193,0,1
baseline_persistence,194,1,0
baseline_persistence,195,0,1
baseline_persistence,196,1,0
baseline_persistence,197,0,1
baseline_persistence,198,1,0
baseline_persistence,199,1,1
baseline_persistence,200,1,1
baseline_persistence,201,0,1
baseline_persistence,202,1,0
baseline_persistence,203,1,1
baseline_persistence,204,0,1
baseline_persistence,205,0,0
baseline_persistence,206,0,0
baseline_persistence,207,0,0
baseline_persistence,208,0,0
baseline_persistence,209,1,0
baseline_persistence,210,1,1
baseline_persistence,211,0,1
baseline_persistence,212,1,0
baseline_persistence,213,0,1
baseline_persistence,214,0,0
baseline_persistence,215,1,0
baseline_persistence,216,1,1
baseline_persistence,217,1,1
baseline_persistence,218,0,1
baseline_persistence,219,0,0
baseline_persistence,220,1,0
baseline_persistence,221,0,1
baseline_persistence,222,0,0
baseline_persistence,223,0,0
baseline_persistence,224,1,0
baseline_persistence,225,1,1
baseline_persistence,226,1,1
baseline_persistence,227,0,1
baseline_persistence,228,0,0
baseline_persistence,229,1,0
baseline_persistence,230,1,1
baseline_persistence,231,0,1
baseline_persistence,232,0,0
baseline_persistence,233,1,0
baseline_persistence,234,0,1
baseline_persistence,235,0,0
baseline_persistence,236,0,0
baseline_persistence,237,0,0
baseline_persistence,238,1,0
baseline_persistence,239,1,1
baseline_persistence,240,0,1
baseline_persistence,241,0,0
baseline_persistence,242,1,0
baseline_persistence,243,1,1
baseline_persistence,244,1,1
baseline_persistence,245,1,1
baseline_persistence,246,1,1
baseline_persistence,247,1,1
baseline_persistence,248,0,1
baseline_persistence,249,0,0
baseline_persistence,250,1,0
baseline_persistence,251,1,1
baseline_persistence,252,0,1
baseline_persistence,253,1,0
baseline_persistence,254,1,1
baseline_persistence,255,1,1
baseline_persistence,256,0,1
baseline_persistence,257,0,0
baseline_persistence,258,0,0
baseline_persistence,259,0,0
baseline_persistence,260,1,0
baseline_persistence,261,0,1
baseline_persistence,262,1,0
baseline_persistence,263,1,1
baseline_persistence,264,1,1
baseline_persistence,265,0,1
baseline_persistence,266,0,0
baseline_persistence,267,1,0
baseline_persistence,268,0,1
baseline_persistence,269,1,0
baseline_persistence,270,1,1
baseline_persistence,271,1,1
baseline_persistence,272,0,1
baseline_persistence,273,0,0
baseline_persistence,274,1,0
baseline_persistence,275,1,1
baseline_persistence,276,0,1
baseline_persistence,277,0,0
baseline_persistence,278,1,0
baseline_persistence,279,1,1
baseline_persistence,280,1,1
baseline_persistence,281,1,1
baseline_persistence,282,0,1
baseline_persistence,283,0,0
baseline_persistence,284,0,0
baseline_persistence,285,0,0
baseline_persistence,286,0,0
baseline_persistence,287,0,0
baseline_persistence,288,1,0
baseline_persistence,289,0,1
baseline_persistence,290,1,0
baseline_persistence,291,1,1
baseline_persistence,292,1,1
baseline_persistence,293,1,1
baseline_persistence,294,0,1
baseline_persistence,295,1,0
baseline_persistence,296,1,1
baseline_persistence,297,0,1
baseline_persistence,298,1,0
baseline_persistence,299,1,1
baseline_persistence,300,0,1
baseline_persistence,301,1,0
baseline_persistence,302,1,1
baseline_persistence,303,0,1
baseline_persistence,304,0,0
baseline_persistence,305,0,0
baseline_persistence,306,0,0
baseline_persistence,307,0,0
baseline_persistence,308,1,0
baseline_persistence,309,0,1
baseline_persistence,310,1,0
baseline_persistence,311,0,1
baseline_persistence,312,1,0
baseline_persistence,313,1,1
baseline_persistence,314,0,1
baseline_persistence,315,0,0
baseline_persistence,316,0,0
baseline_persistence,317,1,0
baseline_persistence,318,0,1
baseline_persistence,319,1,0
baseline_persistence,320,0,1
baseline_persistence,321,0,0
baseline_persistence,322,1,0
baseline_persistence,323,0,1
baseline_persistence,324,0,0
baseline_persistence,325,0,0
baseline_persistence,326,1,0
baseline_persistence,327,0,1
baseline_persistence,328,1,0
baseline_persistence,329,0,1
baseline_persistence,330,0,0
baseline_persistence,331,1,0
baseline_persistence,332,1,1
baseline_persistence,333,1,1
baseline_persistence,334,1,1
baseline_persistence,335,0,1
baseline_persistence,336,0,0
baseline_persistence,337,1,0
baseline_persistence,338,1,1
baseline_persistence,339,1,1
baseline_persistence,340,0,1
baseline_persistence,341,1,0
baseline_persistence,342,1,1
baseline_persistence,343,1,1
baseline_persistence,344,0,1
baseline_persistence,345,1,0
baseline_persistence,346,0,1
baseline_persistence,347,0,0
baseline_persistence,348,0,0
baseline_persistence,349,1,0
baseline_persistence,350,1,1
baseline_persistence,351,1,1
baseline_persistence,352,1,1
baseline_persistence,353,1,1
baseline_persistence,354,0,1
baseline_persistence,355,0,0
baseline_persistence,356,0,0
baseline_persistence,357,1,0
baseline_persistence,358,0,1
baseline_persistence,359,0,0
baseline_persistence,360,0,0
baseline_persistence,361,0,0
baseline_persistence,362,1,0
baseline_persistence,363,0,1
baseline_persistence,364,0,0
baseline_persistence,365,1,0
baseline_persistence,366,0,1
baseline_persistence,367,0,0
baseline_persistence,368,0,0
baseline_persistence,369,0,0
baseline_persistence,370,0,0
baseline_persistence,371,1,0
baseline_persistence,372,1,1
baseline_persistence,373,0,1
baseline_persistence,374,0,0
baseline_persistence,375,1,0
baseline_persistence,376,0,1
baseline_persistence,377,0,0
baseline_persistence,378,0,0
baseline_persistence,379,0,0
baseline_persistence,380,0,0
baseline_persistence,381,0,0
baseline_persistence,382,1,0
baseline_persistence,383,0,1
baseline_persistence,384,1,0
baseline_persistence,385,0,1
baseline_persistence,386,1,0
baseline_persistence,387,0,1
baseline_persistence,388,1,0
baseline_persistence,389,0,1
baseline_persistence,390,1,0
baseline_persistence,391,0,1
baseline_persistence,392,1,0
baseline_persistence,393,1,1
baseline_persistence,394,1,1
baseline_persistence,395,1,1
baseline_persistence,396,0,1
baseline_persistence,397,0,0
baseline_persistence,398,1,0
baseline_persistence,399,0,1
baseline_persistence,400,1,0
baseline_persistence,401,1,1
baseline_persistence,402,1,1
baseline_persistence,403,0,1
baseline_persistence,404,1,0
baseline_persistence,405,0,1
baseline_persistence,406,0,0
baseline_persistence,407,0,0
baseline_persistence,408,0,0
baseline_persistence,409,1,0
baseline_persistence,410,1,1
baseline_persistence,411,0,1
baseline_persistence,412,0,0
baseline_persistence,413,1,0
baseline_persistence,414,1,1
baseline_persistence,415,1,1
baseline_persistence,416,0,1
baseline_persistence,417,0,0
baseline_persistence,418,1,0
baseline_persistence,419,0,1
baseline_persistence,420,0,0
baseline_persistence,421,0,0
baseline_persistence,422,1,0
baseline_persistence,423,0,1
baseline_persistence,424,0,0
baseline_persistence,425,1,0
baseline_persistence,426,1,1
baseline_persistence,427,1,1
baseline_persistence,428,0,1
baseline_persistence,429,0,0
baseline_persistence,430,1,0
baseline_persistence,431,0,1
baseline_persistence,432,0,0
baseline_persistence,433,1,0
baseline_persistence,434,1,1
baseline_persistence,435,1,1
baseline_persistence,436,1,1
baseline_persistence,437,1,1
baseline_persistence,438,1,1
baseline_persistence,439,1,1
baseline_persistence,440,1,1
baseline_persistence,441,0,1
baseline_persistence,442,1,0
baseline_persistence,443,1,1
baseline_persistence,444,1,1
baseline_persistence,445,1,1
baseline_persistence,446,1,1
baseline_persistence,447,1,1
baseline_persistence,448,0,1
baseline_persistence,449,0,0
baseline_persistence,450,0,0
baseline_persistence,451,0,0
baseline_persistence,452,0,0
baseline_persistence,453,1,0
baseline_persistence,454,1,1
baseline_persistence,455,0,1
baseline_persistence,456,0,0
baseline_persistence,457,1,0
baseline_persistence,458,0,1
baseline_persistence,459,1,0
baseline_persistence,460,1,1
baseline_persistence,461,0,1
baseline_persistence,462,1,0
baseline_persistence,463,0,1
baseline_persistence,464,0,0
baseline_persistence,465,1,0
baseline_persistence,466,1,1
baseline_persistence,467,1,1
baseline_persistence,468,0,1
baseline_persistence,469,1,0
baseline_persistence,470,1,1
baseline_persistence,471,1,1
baseline_persistence,472,1,1
baseline_persistence,473,0,1
baseline_persistence,474,1,0
baseline_persistence,475,0,1
baseline_persistence,476,1,0
baseline_persistence,477,0,1
baseline_persistence,478,0,0
baseline_persistence,479,0,0
baseline_persistence,480,1,0
baseline_persistence,481,0,1
baseline_persistence,482,1,0
baseline_persistence,483,1,1
baseline_persistence,484,0,1
baseline_persistence,485,0,0
baseline_persistence,486,0,0
baseline_persistence,487,0,0
baseline_persistence,488,1,0
baseline_persistence,489,1,1
baseline_persistence,490,1,1
baseline_persistence,491,0,1
baseline_persistence,492,0,0
baseline_persistence,493,1,0
baseline_persistence,494,0,1
baseline_persistence,495,0,0
baseline_persistence,496,1,0
baseline_persistence,497,0,1
baseline_persistence,498,1,0
baseline_persistence,499,0,1
baseline_persistence,500,0,0
baseline_persistence,501,0,0
baseline_persistence,502,0,0
baseline_persistence,503,0,0
baseline_persistence,504,0,0
baseline_persistence,505,1,0
baseline_persistence,506,0,1
baseline_persistence,507,0,0
baseline_persistence,508,0,0
baseline_persistence,509,0,0
baseline_persistence,510,0,0
baseline_persistence,511,0,0
baseline_persistence,512,0,0
baseline_persistence,513,0,0
baseline_persistence,514,1,0
baseline_persistence,515,0,1
baseline_persistence,516,0,0
baseline_persistence,517,0,0
baseline_persistence,518,1,0
baseline_persistence,519,0,1
baseline_persistence,520,1,0
baseline_persistence,521,1,1
baseline_persistence,522,1,1
baseline_persistence,523,1,1
baseline_persistence,524,0,1
baseline_persistence,525,0,0
baseline_persistence,526,1,0
baseline_persistence,527,0,1
baseline_persistence,528,1,0
baseline_persistence,529,0,1
baseline_persistence,530,0,0
baseline_persistence,531,0,0
baseline_persistence,532,0,0
baseline_persistence,533,0,0
baseline_persistence,534,1,0
baseline_persistence,535,1,1
baseline_persistence,536,1,1
baseline_persistence,537,0,1
baseline_persistence,538,0,0
baseline_persistence,539,1,0
baseline_persistence,540,0,1
baseline_persistence,541,1,0
baseline_persistence,542,1,1
baseline_persistence,543,1,1
baseline_persistence,544,0,1
baseline_persistence,545,0,0
baseline_persistence,546,1,0
baseline_persistence,547,1,1
baseline_persistence,548,1,1
baseline_persistence,549,0,1
baseline_persistence,550,0,0
baseline_persistence,551,0,0
baseline_persistence,552,0,0
baseline_persistence,553,0,0
baseline_persistence,554,1,0
baseline_persistence,555,1,1
baseline_persistence,556,0,1
baseline_persistence,557,0,0
baseline_persistence,558,1,0
baseline_persistence,559,1,1
baseline_persistence,560,0,1
baseline_persistence,561,0,0
baseline_persistence,562,0,0
baseline_persistence,563,1,0
baseline_persistence,564,1,1
baseline_persistence,565,0,1
baseline_persistence,566,0,0
baseline_persistence,567,0,0
baseline_persistence,568,1,0
baseline_persistence,569,1,1
baseline_persistence,570,0,1
baseline_persistence,571,0,0
baseline_persistence,572,0,0
baseline_persistence,573,0,0
baseline_persistence,574,1,0
baseline_persistence,575,1,1
baseline_persistence,576,0,1
baseline_persistence,577,1,0
baseline_persistence,578,0,1
baseline_persistence,579,1,0
baseline_persistence,580,0,1
baseline_persistence,581,1,0
baseline_persistence,582,1,1
baseline_persistence,583,1,1
baseline_persistence,584,0,1
baseline_persistence,585,0,0
baseline_persistence,586,0,0
baseline_persistence,587,0,0
baseline_persistence,588,0,0
baseline_persistence,589,1,0
baseline_persistence,590,1,1
baseline_persistence,591,1,1
baseline_persistence,592,0,1
baseline_persistence,593,0,0
baseline_persistence,594,0,0
baseline_persistence,595,1,0
baseline_persistence,596,1,1
baseline_persistence,597,1,1
baseline_persistence,598,1,1
baseline_persistence,599,0,1
baseline_persistence,600,0,0
baseline_persistence,601,0,0
baseline_persistence,602,1,0
baseline_persistence,603,0,1
baseline_persistence,604,0,0
baseline_persistence,605,1,0
baseline_persistence,606,0,1
baseline_persistence,607,0,0
baseline_persistence,608,1,0
baseline_persistence,609,1,1
baseline_persistence,610,1,1
baseline_persistence,611,1,1
baseline_persistence,612,0,1
baseline_persistence,613,1,0
baseline_persistence,614,0,1
baseline_persistence,615,1,0
baseline_persistence,616,0,1
baseline_persistence,617,0,0
baseline_persistence,618,1,0
baseline_persistence,619,1,1
baseline_persistence,620,1,1
baseline_persistence,621,0,1
baseline_persistence,622,0,0
baseline_persistence,623,0,0
baseline_persistence,624,0,0
baseline_persistence,625,0,0
baseline_persistence,626,0,0
baseline_persistence,627,1,0
baseline_persistence,628,1,1
baseline_persistence,629,0,1
baseline_persistence,630,0,0
baseline_persistence,631,1,0
baseline_persistence,632,1,1
baseline_persistence,633,0,1
baseline_persistence,634,0,0
baseline_persistence,635,1,0
baseline_persistence,636,0,1
baseline_persistence,637,1,0
baseline_persistence,638,1,1
baseline_persistence,639,0,1
baseline_persistence,640,0,0
baseline_persistence,641,1,0
baseline_persistence,642,1,1
baseline_persistence,643,0,1
baseline_persistence,644,0,0
baseline_persistence,645,1,0
baseline_persistence,646,0,1
baseline_persistence,647,1,0
baseline_persistence,648,0,1
baseline_persistence,649,0,0
baseline_persistence,650,0,0
baseline_persistence,651,1,0
baseline_persistence,652,0,1
baseline_persistence,653,1,0
baseline_persistence,654,0,1
baseline_persistence,655,0,0
baseline_persistence,656,1,0
baseline_persistence,657,0,1
baseline_persistence,658,1,0
baseline_persistence,659,0,1
baseline_persistence,660,1,0
baseline_persistence,661,0,1
baseline_persistence,662,1,0
baseline_persistence,663,1,1
baseline_persistence,664,1,1
baseline_persistence,665,0,1
baseline_persistence,666,1,0
baseline_persistence,667,1,1
baseline_persistence,668,0,1
baseline_persistence,669,0,0
baseline_persistence,670,1,0
baseline_persistence,671,0,1
baseline_persistence,672,1,0
baseline_persistence,673,0,1
baseline_persistence,674,1,0
baseline_persistence,675,1,1
baseline_persistence,676,0,1
baseline_persistence,677,1,0
baseline_persistence,678,1,1
baseline_persistence,679,1,1
baseline_persistence,680,1,1
baseline_persistence,681,0,1
baseline_persistence,682,0,0
baseline_persistence,683,0,0
baseline_persistence,684,0,0
baseline_persistence,685,1,0
baseline_persistence,686,0,1
baseline_persistence,687,1,0
baseline_persistence,688,1,1
baseline_persistence,689,1,1
baseline_persistence,690,1,1
baseline_persistence,691,1,1
baseline_persistence,692,1,1
baseline_persistence,693,1,1
baseline_persistence,694,0,1
baseline_persistence,695,0,0
baseline_persistence,696,1,0
baseline_persistence,697,0,1
baseline_persistence,698,0,0
baseline_persistence,699,1,0
baseline_persistence,700,0,1
baseline_persistence,701,0,0
baseline_persistence,702,0,0
baseline_persistence,703,0,0
baseline_persistence,704,1,0
baseline_persistence,705,0,1
baseline_persistence,706,1,0
baseline_persistence,707,1,1
baseline_persistence,708,1,1
baseline_persistence,709,1,1
baseline_persistence,710,0,1
baseline_persistence,711,1,0
baseline_persistence,712,0,1
baseline_persistence,713,0,0
baseline_persistence,714,0,0
baseline_persistence,715,0,0
baseline_persistence,716,1,0
baseline_persistence,717,0,1
baseline_persistence,718,0,0
baseline_persistence,719,1,0
baseline_persistence,720,1,1
baseline_persistence,721,0,1
baseline_persistence,722,0,0
baseline_persistence,723,1,0
baseline_persistence,724,1,1
baseline_persistence,725,0,1
baseline_persistence,726,1,0
baseline_persistence,727,0,1
baseline_persistence,728,0,0
baseline_persistence,729,1,0
baseline_persistence,730,0,1
baseline_persistence,731,1,0
baseline_persistence,732,0,1
baseline_persistence,733,1,0
baseline_persistence,734,1,1
baseline_persistence,735,1,1
baseline_persistence,736,1,1
baseline_persistence,737,1,1
baseline_persistence,738,0,1
baseline_persistence,739,1,0
baseline_persistence,740,0,1
baseline_persistence,741,1,0
baseline_persistence,742,1,1
baseline_persistence,743,0,1
baseline_persistence,744,1,0
baseline_persistence,745,1,1
baseline_persistence,746,0,1
baseline_persistence,747,1,0
baseline_persistence,748,1,1
baseline_persistence,749,0,1
baseline_persistence,750,0,0
baseline_persistence,751,0,0
baseline_persistence,752,1,0
baseline_persistence,753,1,1
baseline_persistence,754,0,1
baseline_persistence,755,0,0
baseline_persistence,756,1,0
baseline_persistence,757,1,1
baseline_persistence,758,1,1
baseline_persistence,759,0,1
baseline_persistence,760,0,0
baseline_persistence,761,0,0
baseline_persistence,762,0,0
baseline_persistence,763,0,0
baseline_persistence,764,0,0
baseline_persistence,765,0,0
baseline_persistence,766,1,0
baseline_persistence,767,0,1
baseline_persistence,768,1,0
baseline_persistence,769,1,1
baseline_persistence,770,1,1
baseline_persistence,771,0,1
baseline_persistence,772,0,0
baseline_persistence,773,0,0
baseline_persistence,774,1,0
baseline_persistence,775,1,1
baseline_persistence,776,1,1
baseline_persistence,777,1,1
baseline_persistence,778,1,1
baseline_persistence,779,0,1
baseline_persistence,780,0,0
baseline_persistence,781,0,0
baseline_persistence,782,0,0
baseline_persistence,783,0,0
baseline_persistence,784,1,0
baseline_persistence,785,1,1
baseline_persistence,786,0,1
baseline_persistence,787,1,0
baseline_persistence,788,1,1
baseline_persistence,789,1,1
baseline_persistence,790,1,1
baseline_persistence,791,0,1
baseline_persistence,792,0,0
baseline_persistence,793,0,0
baseline_persistence,794,0,0
baseline_persistence,795,0,0
baseline_persistence,796,0,0
baseline_persistence,797,1,0
baseline_persistence,798,1,1
baseline_persistence,799,1,1
baseline_persistence,800,0,1
baseline_persistence,801,1,0
baseline_persistence,802,1,1
baseline_persistence,803,1,1
baseline_persistence,804,1,1
baseline_persistence,805,0,1
baseline_persistence,806,0,0
baseline_persistence,807,1,0
baseline_persistence,808,0,1
baseline_persistence,809,1,0
baseline_persistence,810,1,1
baseline_persistence,811,0,1
baseline_persistence,812,1,0
baseline_persistence,813,0,1
baseline_persistence,814,0,0
baseline_persistence,815,0,0
baseline_persistence,816,0,0
baseline_persistence,817,1,0
baseline_persistence,818,1,1
baseline_persistence,819,0,1
baseline_persistence,820,0,0
baseline_persistence,821,1,0
baseline_persistence,822,0,1
baseline_ar1,0,0,1
baseline_ar1,1,0,1
baseline_ar1,2,0,1
baseline_ar1,3,0,1
baseline_ar1,4,1,1
baseline_ar1,5,1,0
baseline_ar1,6,1,0
baseline_ar1,7,0,0
baseline_ar1,8,1,1
baseline_ar1,9,1,0
baseline_ar1,10,0,0
baseline_ar1,11,1,1
baseline_ar1,12,1,0
baseline_ar1,13,0,0
baseline_ar1,14,0,1
baseline_ar1,15,0,1
baseline_ar1,16,1,1
baseline_ar1,17,1,0
baseline_ar1,18,0,0
baseline_ar1,19,0,1
baseline_ar1,20,0,1
baseline_ar1,21,0,1
baseline_ar1,22,1,1
baseline_ar1,23,1,0
baseline_ar1,24,1,0
baseline_ar1,25,0,0
baseline_ar1,26,0,1
baseline_ar1,27,1,1
baseline_ar1,28,1,0
baseline_ar1,29,0,0
baseline_ar1,30,1,1
baseline_ar1,31,1,0
baseline_ar1,32,1,0
baseline_ar1,33,0,0
baseline_ar1,34,0,1
baseline_ar1,35,1,1
baseline_ar1,36,1,0
baseline_ar1,37,0,0
baseline_ar1,38,0,1
baseline_ar1,39,1,1
baseline_ar1,40,0,0
baseline_ar1,41,0,1
baseline_ar1,42,0,1
baseline_ar1,43,1,1
baseline_ar1,44,1,0
baseline_ar1,45,0,0
baseline_ar1,46,0,1
baseline_ar1,47,1,1
baseline_ar1,48,0,0
baseline_ar1,49,1,1
baseline_ar1,50,1,0
baseline_ar1,51,1,0
baseline_ar1,52,1,0
baseline_ar1,53,1,0
baseline_ar1,54,0,0
baseline_ar1,55,1,1
baseline_ar1,56,0,0
baseline_ar1,57,1,1
baseline_ar1,58,1,0
baseline_ar1,59,1,0
baseline_ar1,60,1,0
baseline_ar1,61,1,0
baseline_ar1,62,1,0
baseline_ar1,63,0,0
baseline_ar1,64,0,1
baseline_ar1,65,0,1
baseline_ar1,66,1,1
baseline_ar1,67,1,0
baseline_ar1,68,0,0
baseline_ar1,69,0,1
baseline_ar1,70,0,1
baseline_ar1,71,0,1
baseline_ar1,72,0,0
baseline_ar1,73,1,1
baseline_ar1,74,0,0
baseline_ar1,75,1,1
baseline_ar1,76,1,0
baseline_ar1,77,0,0
baseline_ar1,78,0,1
baseline_ar1,79,1,1
baseline_ar1,80,0,0
baseline_ar1,81,0,0
baseline_ar1,82,0,1
baseline_ar1,83,0,1
baseline_ar1,84,0,1
baseline_ar1,85,1,1
baseline_ar1,86,0,0
baseline_ar1,87,1,1
baseline_ar1,88,0,0
baseline_ar1,89,1,1
baseline_ar1,90,1,0
baseline_ar1,91,0,0
baseline_ar1,92,0,1
baseline_ar1,93,1,0
baseline_ar1,94,1,0
baseline_ar1,95,1,0
baseline_ar1,96,1,0
baseline_ar1,97,0,0
baseline_ar1,98,1,1
baseline_ar1,99,1,0
baseline_ar1,100,1,0
baseline_ar1,101,1,0
baseline_ar1,102,1,0
baseline_ar1,103,0,0
baseline_ar1,104,0,1
baseline_ar1,105,1,1
baseline_ar1,106,1,0
baseline_ar1,107,1,0
baseline_ar1,108,1,0
baseline_ar1,109,0,0
baseline_ar1,110,1,1
baseline_ar1,111,1,0
baseline_ar1,112,0,0
baseline_ar1,113,1,1
baseline_ar1,114,0,0
baseline_ar1,115,0,1
baseline_ar1,116,1,1
baseline_ar1,117,1,0
baseline_ar1,118,1,0
baseline_ar1,119,0,0
baseline_ar1,120,0,1
baseline_ar1,121,1,1
baseline_ar1,122,0,0
baseline_ar1,123,1,1
baseline_ar1,124,1,0
baseline_ar1,125,1,0
baseline_ar1,126,0,0
baseline_ar1,127,1,1
baseline_ar1,128,0,0
baseline_ar1,129,0,1
baseline_ar1,130,0,1
baseline_ar1,131,1,1
baseline_ar1,132,1,0
baseline_ar1,133,0,0
baseline_ar1,134,0,1
baseline_ar1,135,0,1
baseline_ar1,136,0,1
baseline_ar1,137,1,1
baseline_ar1,138,0,0
baseline_ar1,139,0,1
baseline_ar1,140,1,1
baseline_ar1,141,0,0
baseline_ar1,142,0,1
baseline_ar1,143,0,1
baseline_ar1,144,1,1
baseline_ar1,145,0,0
baseline_ar1,146,0,1
baseline_ar1,147,0,1
baseline_ar1,148,0,1
baseline_ar1,149,0,1
baseline_ar1,150,0,0
baseline_ar1,151,1,1
baseline_ar1,152,0,0
baseline_ar1,153,1,1
baseline_ar1,154,0,0
baseline_ar1,155,1,1
baseline_ar1,156,0,0
baseline_ar1,157,1,1
baseline_ar1,158,1,0
baseline_ar1,159,0,0
baseline_ar1,160,1,1
baseline_ar1,161,1,0
baseline_ar1,162,1,0
baseline_ar1,163,1,0
baseline_ar1,164,0,0
baseline_ar1,165,0,1
baseline_ar1,166,0,1
baseline_ar1,167,1,1
baseline_ar1,168,0,0
baseline_ar1,169,0,1
baseline_ar1,170,1,1
baseline_ar1,171,1,0
baseline_ar1,172,0,0
baseline_ar1,173,0,1
baseline_ar1,174,1,1
baseline_ar1,175,1,0
baseline_ar1,176,0,0
baseline_ar1,177,0,1
baseline_ar1,178,1,1
baseline_ar1,179,1,0
baseline_ar1,180,1,0
baseline_ar1,181,1,0
baseline_ar1,182,1,0
baseline_ar1,183,1,0
baseline_ar1,184,1,0
baseline_ar1,185,1,0
baseline_ar1,186,0,0
baseline_ar1,187,0,1
baseline_ar1,188,0,1
baseline_ar1,189,0,1
baseline_ar1,190,0,1
baseline_ar1,191,0,1
baseline_ar1,192,1,1
baseline_ar1,193,0,0
baseline_ar1,194,1,1
baseline_ar1,195,0,0
baseline_ar1,196,1,1
baseline_ar1,197,0,0
baseline_ar1,198,1,1
baseline_ar1,199,1,0
baseline_ar1,200,1,0
baseline_ar1,201,0,0
baseline_ar1,202,1,1
baseline_ar1,203,1,0
baseline_ar1,204,0,0
baseline_ar1,205,0,1
baseline_ar1,206,0,1
baseline_ar1,207,0,1
baseline_ar1,208,0,1
baseline_ar1,209,1,0
baseline_ar1,210,1,0
baseline_ar1,211,0,0
baseline_ar1,212,1,1
baseline_ar1,213,0,0
baseline_ar1,214,0,1
baseline_ar1,215,1,0
baseline_ar1,216,1,0
baseline_ar1,217,1,0
baseline_ar1,218,0,0
baseline_ar1,219,0,1
baseline_ar1,220,1,1
baseline_ar1,221,0,0
baseline_ar1,222,0,1
baseline_ar1,223,0,1
baseline_ar1,224,1,1
baseline_ar1,225,1,0
baseline_ar1,226,1,0
baseline_ar1,227,0,0
baseline_ar1,228,0,1
baseline_ar1,229,1,1
baseline_ar1,230,1,0
baseline_ar1,231,0,0
baseline_ar1,232,0,1
baseline_ar1,233,1,1
baseline_ar1,234,0,0
baseline_ar1,235,0,1
baseline_ar1,236,0,1
baseline_ar1,237,0,1
baseline_ar1,238,1,1
baseline_ar1,239,1,0
baseline_ar1,240,0,0
baseline_ar1,241,0,1
baseline_ar1,242,1,1
baseline_ar1,243,1,0
baseline_ar1,244,1,0
baseline_ar1,245,1,0
baseline_ar1,246,1,0
baseline_ar1,247,1,0
baseline_ar1,248,0,0
baseline_ar1,249,0,1
baseline_ar1,250,1,1
baseline_ar1,251,1,0
baseline_ar1,252,0,0
baseline_ar1,253,1,1
baseline_ar1,254,1,0
baseline_ar1,255,1,0
baseline_ar1,256,0,0
baseline_ar1,257,0,1
baseline_ar1,258,0,1
baseline_ar1,259,0,1
baseline_ar1,260,1,1
baseline_ar1,261,0,0
baseline_ar1,262,1,1
baseline_ar1,263,1,0
baseline_ar1,264,1,0
baseline_ar1,265,0,0
baseline_ar1,266,0,1
baseline_ar1,267,1,1
baseline_ar1,268,0,0
baseline_ar1,269,1,1
baseline_ar1,270,1,0
baseline_ar1,271,1,0
baseline_ar1,272,0,0
baseline_ar1,273,0,1
baseline_ar1,274,1,0
baseline_ar1,275,1,0
baseline_ar1,276,0,0
baseline_ar1,277,0,1
baseline_ar1,278,1,1
baseline_ar1,279,1,0
baseline_ar1,280,1,0
baseline_ar1,281,1,0
baseline_ar1,282,0,0
baseline_ar1,283,0,1
baseline_ar1,284,0,1
baseline_ar1,285,0,1
baseline_ar1,286,0,1
baseline_ar1,287,0,1
baseline_ar1,288,1,1
baseline_ar1,289,0,0
baseline_ar1,290,1,1
baseline_ar1,291,1,0
baseline_ar1,292,1,0
baseline_ar1,293,1,0
baseline_ar1,294,0,0
baseline_ar1,295,1,1
baseline_ar1,296,1,0
baseline_ar1,297,0,0
baseline_ar1,298,1,1
baseline_ar1,299,1,0
baseline_ar1,300,0,0
baseline_ar1,301,1,1
baseline_ar1,302,1,0
baseline_ar1,303,0,0
baseline_ar1,304,0,1
baseline_ar1,305,0,1
baseline_ar1,306,0,1
baseline_ar1,307,0,1
baseline_ar1,308,1,1
baseline_ar1,309,0,0
baseline_ar1,310,1,1
baseline_ar1,311,0,0
baseline_ar1,312,1,1
baseline_ar1,313,1,0
baseline_ar1,314,0,0
baseline_ar1,315,0,1
baseline_ar1,316,0,0
baseline_ar1,317,1,1
baseline_ar1,318,0,0
baseline_ar1,319,1,1
baseline_ar1,320,0,0
baseline_ar1,321,0,1
baseline_ar1,322,1,1
baseline_ar1,323,0,0
baseline_ar1,324,0,1
baseline_ar1,325,0,1
baseline_ar1,326,1,1
baseline_ar1,327,0,0
baseline_ar1,328,1,1
baseline_ar1,329,0,0
baseline_ar1,330,0,1
baseline_ar1,331,1,1
baseline_ar1,332,1,0
baseline_ar1,333,1,0
baseline_ar1,334,1,0
baseline_ar1,335,0,0
baseline_ar1,336,0,1
baseline_ar1,337,1,1
baseline_ar1,338,1,0
baseline_ar1,339,1,0
baseline_ar1,340,0,0
baseline_ar1,341,1,1
baseline_ar1,342,1,0
baseline_ar1,343,1,0
baseline_ar1,344,0,0
baseline_ar1,345,1,1
baseline_ar1,346,0,0
baseline_ar1,347,0,1
baseline_ar1,348,0,1
baseline_ar1,349,1,1
baseline_ar1,350,1,0
baseline_ar1,351,1,0
baseline_ar1,352,1,0
baseline_ar1,353,1,0
baseline_ar1,354,0,0
baseline_ar1,355,0,1
baseline_ar1,356,0,1
baseline_ar1,357,1,1
baseline_ar1,358,0,0
baseline_ar1,359,0,1
baseline_ar1,360,0,0
baseline_ar1,361,0,1
baseline_ar1,362,1,1
baseline_ar1,363,0,0
baseline_ar1,364,0,1
baseline_ar1,365,1,1
baseline_ar1,366,0,0
baseline_ar1,367,0,1
baseline_ar1,368,0,1
baseline_ar1,369,0,1
baseline_ar1,370,0,0
baseline_ar1,371,1,1
baseline_ar1,372,1,0
baseline_ar1,373,0,0
baseline_ar1,374,0,0
baseline_ar1,375,1,1
baseline_ar1,376,0,0
baseline_ar1,377,0,1
baseline_ar1,378,0,1
baseline_ar1,379,0,1
baseline_ar1,380,0,1
baseline_ar1,381,0,1
baseline_ar1,382,1,1
baseline_ar1,383,0,0
baseline_ar1,384,1,1
baseline_ar1,385,0,0
baseline_ar1,386,1,1
baseline_ar1,387,0,0
baseline_ar1,388,1,1
baseline_ar1,389,0,0
baseline_ar1,390,1,1
baseline_ar1,391,0,0
baseline_ar1,392,1,1
baseline_ar1,393,1,0
baseline_ar1,394,1,0
baseline_ar1,395,1,0
baseline_ar1,396,0,0
baseline_ar1,397,0,1
baseline_ar1,398,1,1
baseline_ar1,399,0,0
baseline_ar1,400,1,1
baseline_ar1,401,1,0
baseline_ar1,402,1,0
baseline_ar1,403,0,0
baseline_ar1,404,1,1
baseline_ar1,405,0,0
baseline_ar1,406,0,1
baseline_ar1,407,0,1
baseline_ar1,408,0,1
baseline_ar1,409,1,1
baseline_ar1,410,1,0
baseline_ar1,411,0,0
baseline_ar1,412,0,1
baseline_ar1,413,1,1
baseline_ar1,414,1,0
baseline_ar1,415,1,0
baseline_ar1,416,0,0
baseline_ar1,417,0,1
baseline_ar1,418,1,1
baseline_ar1,419,0,0
baseline_ar1,420,0,1
baseline_ar1,421,0,1
baseline_ar1,422,1,1
baseline_ar1,423,0,0
baseline_ar1,424,0,1
baseline_ar1,425,1,1
baseline_ar1,426,1,0
baseline_ar1,427,1,0
baseline_ar1,428,0,0
baseline_ar1,429,0,1
baseline_ar1,430,1,1
baseline_ar1,431,0,0
baseline_ar1,432,0,1
baseline_ar1,433,1,1
baseline_ar1,434,1,0
baseline_ar1,435,1,0
baseline_ar1,436,1,0
baseline_ar1,437,1,0
baseline_ar1,438,1,0
baseline_ar1,439,1,0
baseline_ar1,440,1,0
baseline_ar1,441,0,0
baseline_ar1,442,1,1
baseline_ar1,443,1,0
baseline_ar1,444,1,0
baseline_ar1,445,1,0
baseline_ar1,446,1,0
baseline_ar1,447,1,0
baseline_ar1,448,0,0
baseline_ar1,449,0,1
baseline_ar1,450,0,1
baseline_ar1,451,0,1
baseline_ar1,452,0,1
baseline_ar1,453,1,1
baseline_ar1,454,1,0
baseline_ar1,455,0,0
baseline_ar1,456,0,1
baseline_ar1,457,1,1
baseline_ar1,458,0,0
baseline_ar1,459,1,1
baseline_ar1,460,1,0
baseline_ar1,461,0,0
baseline_ar1,462,1,1
baseline_ar1,463,0,0
baseline_ar1,464,0,1
baseline_ar1,465,1,0
baseline_ar1,466,1,0
baseline_ar1,467,1,0
baseline_ar1,468,0,0
baseline_ar1,469,1,1
baseline_ar1,470,1,0
baseline_ar1,471,1,0
baseline_ar1,472,1,0
baseline_ar1,473,0,0
baseline_ar1,474,1,1
baseline_ar1,475,0,0
baseline_ar1,476,1,1
baseline_ar1,477,0,0
baseline_ar1,478,0,1
baseline_ar1,479,0,1
baseline_ar1,480,1,1
baseline_ar1,481,0,0
baseline_ar1,482,1,1
baseline_ar1,483,1,0
baseline_ar1,484,0,0
baseline_ar1,485,0,1
baseline_ar1,486,0,1
baseline_ar1,487,0,1
baseline_ar1,488,1,1
baseline_ar1,489,1,0
baseline_ar1,490,1,0
baseline_ar1,491,0,0
baseline_ar1,492,0,1
baseline_ar1,493,1,1
baseline_ar1,494,0,0
baseline_ar1,495,0,0
baseline_ar1,496,1,1
baseline_ar1,497,0,0
baseline_ar1,498,1,1
baseline_ar1,499,0,0
baseline_ar1,500,0,1
baseline_ar1,501,0,1
baseline_ar1,502,0,1
baseline_ar1,503,0,1
baseline_ar1,504,0,1
baseline_ar1,505,1,1
baseline_ar1,506,0,0
baseline_ar1,507,0,0
baseline_ar1,508,0,1
baseline_ar1,509,0,1
baseline_ar1,510,0,1
baseline_ar1,511,0,1
baseline_ar1,512,0,1
baseline_ar1,513,0,1
baseline_ar1,514,1,1
baseline_ar1,515,0,0
baseline_ar1,516,0,1
baseline_ar1,517,0,1
baseline_ar1,518,1,1
baseline_ar1,519,0,0
baseline_ar1,520,1,1
baseline_ar1,521,1,0
baseline_ar1,522,1,0
baseline_ar1,523,1,0
baseline_ar1,524,0,0
baseline_ar1,525,0,1
baseline_ar1,526,1,0
baseline_ar1,527,0,0
baseline_ar1,528,1,1
baseline_ar1,529,0,0
baseline_ar1,530,0,1
baseline_ar1,531,0,1
baseline_ar1,532,0,1
baseline_ar1,533,0,1
baseline_ar1,534,1,1
baseline_ar1,535,1,0
baseline_ar1,536,1,0
baseline_ar1,537,0,0
baseline_ar1,538,0,1
baseline_ar1,539,1,1
baseline_ar1,540,0,0
baseline_ar1,541,1,1
baseline_ar1,542,1,0
baseline_ar1,543,1,0
baseline_ar1,544,0,0
baseline_ar1,545,0,1
baseline_ar1,546,1,1
baseline_ar1,547,1,0
baseline_ar1,548,1,0
baseline_ar1,549,0,0
baseline_ar1,550,0,1
baseline_ar1,551,0,1
baseline_ar1,552,0,1
baseline_ar1,553,0,1
baseline_ar1,554,1,1
baseline_ar1,555,1,0
baseline_ar1,556,0,0
baseline_ar1,557,0,1
baseline_ar1,558,1,1
baseline_ar1,559,1,0
baseline_ar1,560,0,0
baseline_ar1,561,0,1
baseline_ar1,562,0,1
baseline_ar1,563,1,1
baseline_ar1,564,1,0
baseline_ar1,565,0,0
baseline_ar1,566,0,1
baseline_ar1,567,0,1
baseline_ar1,568,1,1
baseline_ar1,569,1,0
baseline_ar1,570,0,0
baseline_ar1,571,0,1
baseline_ar1,572,0,1
baseline_ar1,573,0,1
baseline_ar1,574,1,1
baseline_ar1,575,1,0
baseline_ar1,576,0,0
baseline_ar1,577,1,1
baseline_ar1,578,0,0
baseline_ar1,579,1,1
baseline_ar1,580,0,0
baseline_ar1,581,1,1
baseline_ar1,582,1,0
baseline_ar1,583,1,0
baseline_ar1,584,0,0
baseline_ar1,585,0,1
baseline_ar1,586,0,1
baseline_ar1,587,0,1
baseline_ar1,588,0,1
baseline_ar1,589,1,1
baseline_ar1,590,1,0
baseline_ar1,591,1,0
baseline_ar1,592,0,0
baseline_ar1,593,0,1
baseline_ar1,594,0,1
baseline_ar1,595,1,1
baseline_ar1,596,1,0
baseline_ar1,597,1,0
baseline_ar1,598,1,0
baseline_ar1,599,0,0
baseline_ar1,600,0,1
baseline_ar1,601,0,1
baseline_ar1,602,1,1
baseline_ar1,603,0,0
baseline_ar1,604,0,1
baseline_ar1,605,1,1
baseline_ar1,606,0,0
baseline_ar1,607,0,1
baseline_ar1,608,1,1
baseline_ar1,609,1,0
baseline_ar1,610,1,0
baseline_ar1,611,1,0
baseline_ar1,612,0,0
baseline_ar1,613,1,1
baseline_ar1,614,0,0
baseline_ar1,615,1,1
baseline_ar1,616,0,0
baseline_ar1,617,0,1
baseline_ar1,618,1,1
baseline_ar1,619,1,0
baseline_ar1,620,1,0
baseline_ar1,621,0,0
baseline_ar1,622,0,1
baseline_ar1,623,0,1
baseline_ar1,624,0,1
baseline_ar1,625,0,1
baseline_ar1,626,0,1
baseline_ar1,627,1,1
baseline_ar1,628,1,0
baseline_ar1,629,0,0
baseline_ar1,630,0,1
baseline_ar1,631,1,1
baseline_ar1,632,1,0
baseline_ar1,633,0,0
baseline_ar1,634,0,1
baseline_ar1,635,1,1
baseline_ar1,636,0,0
baseline_ar1,637,1,1
baseline_ar1,638,1,0
baseline_ar1,639,0,0
baseline_ar1,640,0,1
baseline_ar1,641,1,1
baseline_ar1,642,1,0
baseline_ar1,643,0,0
baseline_ar1,644,0,1
baseline_ar1,645,1,1
baseline_ar1,646,0,0
baseline_ar1,647,1,1
baseline_ar1,648,0,0
baseline_ar1,649,0,1
baseline_ar1,650,0,1
baseline_ar1,651,1,1
baseline_ar1,652,0,0
baseline_ar1,653,1,1
baseline_ar1,654,0,0
baseline_ar1,655,0,1
baseline_ar1,656,1,1
baseline_ar1,657,0,0
baseline_ar1,658,1,1
baseline_ar1,659,0,0
baseline_ar1,660,1,1
baseline_ar1,661,0,0
baseline_ar1,662,1,1
baseline_ar1,663,1,0
baseline_ar1,664,1,0
baseline_ar1,665,0,0
baseline_ar1,666,1,1
baseline_ar1,667,1,0
baseline_ar1,668,0,0
baseline_ar1,669,0,1
baseline_ar1,670,1,1
baseline_ar1,671,0,0
baseline_ar1,672,1,1
baseline_ar1,673,0,0
baseline_ar1,674,1,1
baseline_ar1,675,1,0
baseline_ar1,676,0,0
baseline_ar1,677,1,1
baseline_ar1,678,1,0
baseline_ar1,679,1,0
baseline_ar1,680,1,0
baseline_ar1,681,0,0
baseline_ar1,682,0,1
baseline_ar1,683,0,1
baseline_ar1,684,0,1
baseline_ar1,685,1,1
baseline_ar1,686,0,0
baseline_ar1,687,1,1
baseline_ar1,688,1,0
baseline_ar1,689,1,0
baseline_ar1,690,1,0
baseline_ar1,691,1,0
baseline_ar1,692,1,0
baseline_ar1,693,1,0
baseline_ar1,694,0,0
baseline_ar1,695,0,1
baseline_ar1,696,1,1
baseline_ar1,697,0,0
baseline_ar1,698,0,1
baseline_ar1,699,1,1
baseline_ar1,700,0,0
baseline_ar1,701,0,1
baseline_ar1,702,0,1
baseline_ar1,703,0,1
baseline_ar1,704,1,1
baseline_ar1,705,0,0
baseline_ar1,706,1,1
baseline_ar1,707,1,0
baseline_ar1,708,1,0
baseline_ar1,709,1,0
baseline_ar1,710,0,0
baseline_ar1,711,1,1
baseline_ar1,712,0,0
baseline_ar1,713,0,1
baseline_ar1,714,0,1
baseline_ar1,715,0,1
baseline_ar1,716,1,1
baseline_ar1,717,0,0
baseline_ar1,718,0,1
baseline_ar1,719,1,1
baseline_ar1,720,1,0
baseline_ar1,721,0,0
baseline_ar1,722,0,1
baseline_ar1,723,1,1
baseline_ar1,724,1,0
baseline_ar1,725,0,0
baseline_ar1,726,1,1
baseline_ar1,727,0,0
baseline_ar1,728,0,1
baseline_ar1,729,1,1
baseline_ar1,730,0,0
baseline_ar1,731,1,1
baseline_ar1,732,0,0
baseline_ar1,733,1,1
baseline_ar1,734,1,0
baseline_ar1,735,1,0
baseline_ar1,736,1,0
baseline_ar1,737,1,0
baseline_ar1,738,0,0
baseline_ar1,739,1,1
baseline_ar1,740,0,0
baseline_ar1,741,1,1
baseline_ar1,742,1,0
baseline_ar1,743,0,0
baseline_ar1,744,1,1
baseline_ar1,745,1,0
baseline_ar1,746,0,0
baseline_ar1,747,1,1
baseline_ar1,748,1,0
baseline_ar1,749,0,0
baseline_ar1,750,0,1
baseline_ar1,751,0,1
baseline_ar1,752,1,1
baseline_ar1,753,1,0
baseline_ar1,754,0,0
baseline_ar1,755,0,1
baseline_ar1,756,1,1
baseline_ar1,757,1,0
baseline_ar1,758,1,0
baseline_ar1,759,0,0
baseline_ar1,760,0,0
baseline_ar1,761,0,1
baseline_ar1,762,0,1
baseline_ar1,763,0,1
baseline_ar1,764,0,1
baseline_ar1,765,0,1
baseline_ar1,766,1,1
baseline_ar1,767,0,0
baseline_ar1,768,1,1
baseline_ar1,769,1,0
baseline_ar1,770,1,0
baseline_ar1,771,0,0
baseline_ar1,772,0,1
baseline_ar1,773,0,1
baseline_ar1,774,1,1
baseline_ar1,775,1,0
baseline_ar1,776,1,0
baseline_ar1,777,1,0
baseline_ar1,778,1,0
baseline_ar1,779,0,0
baseline_ar1,780,0,1
baseline_ar1,781,0,1
baseline_ar1,782,0,1
baseline_ar1,783,0,1
baseline_ar1,784,1,1
baseline_ar1,785,1,0
baseline_ar1,786,0,0
baseline_ar1,787,1,1
baseline_ar1,788,1,0
baseline_ar1,789,1,0
baseline_ar1,790,1,0
baseline_ar1,791,0,0
baseline_ar1,792,0,1
baseline_ar1,793,0,1
baseline_ar1,794,0,1
baseline_ar1,795,0,1
baseline_ar1,796,0,1
baseline_ar1,797,1,1
baseline_ar1,798,1,0
baseline_ar1,799,1,0
baseline_ar1,800,0,0
baseline_ar1,801,1,1
baseline_ar1,802,1,0
baseline_ar1,803,1,0
baseline_ar1,804,1,0
baseline_ar1,805,0,0
baseline_ar1,806,0,1
baseline_ar1,807,1,1
baseline_ar1,808,0,0
baseline_ar1,809,1,1
baseline_ar1,810,1,0
baseline_ar1,811,0,0
baseline_ar1,812,1,0
baseline_ar1,813,0,0
baseline_ar1,814,0,1
baseline_ar1,815,0,1
baseline_ar1,816,0,1
baseline_ar1,817,1,1
baseline_ar1,818,1,0
baseline_ar1,819,0,0
baseline_ar1,820,0,1
baseline_ar1,821,1,1
baseline_ar1,822,0,0
